name_key,person_id,has_diacritic,mlb_played_last
jed bradley,000539fc,0,2016
casey sadler,002a6628,0,2021
owen miller,0036f772,0,2025
tommy edman,003ca28d,0,2026
james meeker,00547b6f,0,2024
diego castillo,005712ba,0,2024
luis cessa,00a9889b,0,2023
rob zastryzny,00bce5bc,0,2025
davis schneider,00c76880,0,2026
hanley ramirez,00db94fb,1,2019
tyler smith,00ed0a17,0,2017
tony sipp,00fdbcc6,0,2019
ryan vogelsong,01305867,0,2016
caleb durbin,013b6998,0,2026
edwar colina,013c382e,0,2020
roberto gomez,014753bb,1,2018
andre granillo,0162cbaa,0,2026
jake petricka,016b0dd0,0,2021
matt hall,016dce63,0,2020
edwin diaz,017b3551,1,2026
nicky lopez,01805aff,0,2026
alex mejia,0196ee40,0,2017
troy scribner,01ac1523,0,2018
brandon lowe,01b371eb,0,2026
dean kiekhefer,01be6bc5,0,2018
jakob junis,01c8107a,0,2026
hector neris,01cbf303,1,2025
wilson ramos,01d1c959,0,2021
jojo reyes,01d24c32,0,2016
glenn otto,01d3ab77,0,2023
jordan pacheco,01d9157a,0,2016
justin miller,01ebc3b2,0,2021
jesse chavez,01ecb9c8,0,2025
brett hayes,01f9ccea,0,2015
hunter goodman,02001c3c,0,2026
lucas giolito,022e27bb,0,2026
edward olivares,02307131,0,2024
cody freeman,024f87c3,0,2026
tim locastro,02550be7,0,2023
jordan zimmermann,025d643d,0,2021
jeremy beasley,0262d3d7,0,2022
harry ford,026acf79,0,2026
kyle bird,0271e07a,0,2019
dan otero,02b8a8c4,0,2019
javier assad,02bf2bb2,0,2026
kevin plawecki,02ce09d4,0,2022
jackson chourio,02eaeca3,0,2026
gustavo campero,02fae0ae,0,2025
rafael ynoa,02fc9391,0,2016
odrisamer despaigne,03100ef1,0,2019
daniel nava,034237c2,0,2017
patrick schuster,034af764,0,2016
stephen gonsalves,03618e56,0,2021
kyle bradish,036b5327,0,2026
oswaldo cabrera,038fc554,0,2026
collin cowgill,03a68a22,0,2016
yoshi tsutsugo,03cb8546,0,2022
garrett acton,03f25635,0,2026
brandon barnes,04049fba,0,2018
bobby witt,042fbc15,0,2026
jed lowrie,0433afd8,0,2022
david bote,0438e173,0,2024
preston claiborne,043ff378,0,2017
jose rodriguez,0447d162,1,2023
spencer turnbull,045ddd7a,0,2025
jordan danks,0478077d,0,2015
jesse winker,048070cd,0,2025
matt adams,0485ec7e,0,2021
david price,0489eae6,0,2022
trevor martin,048d1296,0,2026
kyle tyler,049c342d,0,2024
patrick wisdom,04a4f5bc,0,2026
grant green,04ab78a3,0,2017
ryan kreidler,04b515f4,0,2026
brandyn sittinger,04b5a7df,0,2021
brailyn marquez,04cbb01d,1,2020
garrett crochet,04dd7b74,0,2026
beau taylor,04ef6c28,0,2020
matt tracy,04f2b862,0,2015
jason garcia,050041d0,1,2015
austin brice,0504c34c,0,2022
jenho tseng,050540b9,0,2018
matt davidson,0517c408,0,2022
carson whisenhunt,05359278,0,2026
trevor may,053c45da,0,2023
jeremiah estrada,053ff133,0,2026
carlos peguero,05505fd6,0,2015
khris davis,055630a0,0,2021
a j cole,0596c185,0,2021
deven marrero,05985335,0,2022
matt waldron,0598e9f6,0,2026
greg garcia,059f40ab,0,2020
kristian campbell,05c8cfae,0,2025
eduardo rodriguez,05cbabce,1,2026
steven wilson,05e0c459,0,2025
austen williams,05fe0f9a,0,2019
jon gray,0608e859,0,2025
ian parmley,060e1ddb,0,2017
kade morris,060edc56,0,2026
josh lester,06114515,0,2023
cam bedrosian,0616b38f,0,2021
chad billingsley,0619993b,0,2015
adley rutschman,064c7618,0,2026
devin mesoraco,064ff0a1,0,2018
trayce thompson,065129ac,0,2023
daniel muno,065d02b6,0,2015
clay holmes,0679c52f,0,2026
cesar puello,06965b9e,1,2020
kyle manzardo,06aa2f19,0,2026
lane ramsey,06b9da82,0,2023
aaron judge,06c9f502,0,2026
andrew vasquez,06f2285a,0,2023
johnny cueto,071e4544,0,2024
coco crisp,072c55f1,0,2016
sergio romo,0743f4e2,0,2022
jacob stallings,0765dc90,0,2025
peyton burdick,0765f4e7,0,2023
tyson ross,076b45a2,0,2019
brock burke,077aad8e,0,2026
ben bowden,077cfb63,0,2025
lars nootbaar,077f74b1,0,2026
josh edgin,077f9564,0,2017
drew rom,078489fa,0,2026
dj lemahieu,07868aab,0,2025
victor reyes,078fd3ec,1,2022
kevin gregg,079b3089,0,2015
logan morrison,07a642d7,0,2020
joe dunand,07a89a3a,0,2022
chase lee,07b2c7e7,0,2026
jose tabata,07f9b782,1,2015
jaime barria,07fce01b,1,2023
alex jackson,0827baf2,0,2026
brian duensing,08388176,0,2018
evan longoria,08448e20,0,2023
gregory santos,0846be26,0,2026
j c mejia,08709d8f,1,2023
george valera,08740d77,0,2026
wyatt langford,0874b6b3,0,2026
jorge polanco,088d3244,0,2026
austin cox,088e3e29,0,2025
rolddy munoz,0893a4a4,1,2026
jonathan lucroy,089b7000,0,2021
daniel mengden,089d933f,0,2022
shawn kelley,08a06d0d,0,2019
kyle martin,08a1894d,0,2017
alejandro kirk,08b75617,0,2026
edgar garcia,08c21d3a,1,2021
rob refsnyder,08c68ab4,0,2026
peyton battenfield,08d0006f,0,2023
miguel del pozo,08d11bba,0,2021
zach dezenzo,08d4ea7d,0,2026
chris owings,08da6899,0,2023
j r murphy,09077946,0,2020
michael mercado,0908d056,0,2025
hunter barco,093373fe,0,2026
roki sasaki,093a754e,0,2026
chris rearick,093bbfe3,0,2015
kameron misner,093c719f,0,2026
stuart fairchild,093c85ce,0,2026
andre pallante,094cb0d4,0,2026
yan gomes,094fd471,0,2024
tyler bashlor,095341cc,0,2020
blas castano,0965e224,0,2026
dylan dodd,0974741d,0,2026
jordan westburg,097569c2,0,2025
samy natera,0992564d,0,2026
david mckay,09b9ec4b,0,2022
jeanmar gomez,09bc728f,1,2019
jose de paula,09c12a27,1,2015
austin gomber,09c6f3dd,0,2025
sam lecure,09d1c111,0,2015
brett sullivan,09f41407,0,2026
taylor motter,09fb0364,0,2023
ralph garza,0a02cd65,0,2022
justin hancock,0a0f3cdf,0,2018
kyle funkhouser,0a275847,0,2021
ben malgeri,0a3b9dfb,0,2026
matt thaiss,0a41ff7d,0,2025
ivan de jesus,0a48ecdf,1,2016
luke murphy,0a5c049f,0,2026
r j alvarez,0a644eaa,0,2022
seth elledge,0a7487ff,0,2021
masahiro tanaka,0a913b6e,0,2020
logan gilbert,0a9c19f2,0,2026
joe blanton,0aa3ce9d,0,2017
ramon laureano,0ab0ce2b,1,2026
ryne nelson,0ad706b3,0,2026
francisco pena,0ae939c9,1,2018
mckinley moore,0b28cb97,0,2023
luis guerrero,0b30df93,0,2025
angel felipe,0b35b489,0,2023
jace peterson,0b38c62d,0,2024
jake woodford,0b4b499e,0,2026
ryan weiss,0b4b9e44,0,2026
jeff ferrell,0b50241c,0,2017
george soriano,0b564948,0,2026
lucas erceg,0b5b13ad,0,2026
jesus aguilar,0b68e7df,1,2023
layne somsen,0b6b5b73,0,2016
zach neal,0b73628c,0,2023
eric yang,0b8299a5,0,2024
willie calhoun,0b838dab,0,2024
anthony molina,0b98c99f,0,2026
jose castillo,0b9b9aa3,1,2025
mark contreras,0ba74916,0,2022
carson blair,0bcd051e,0,2015
luis marte,0bd065db,1,2021
otto kemp,0bdd1332,0,2026
michael plassmeyer,0be5df9b,0,2023
ryan garton,0c1cc2f2,0,2019
yoervis medina,0c261a8e,0,2015
josh winder,0c26b977,0,2024
alex speas,0c27ee7c,0,2024
nick martinez,0c40f71e,1,2026
joe harvey,0c433c51,0,2020
jay jackson,0c6a86e6,0,2024
stephen ridings,0c822bcc,0,2021
clayton kershaw,0caa3053,0,2025
josh wilson,0cb07a55,0,2015
miguel castro,0cb45d10,0,2025
spencer steer,0cc83788,0,2026
brandon maurer,0ccea247,0,2018
victor alcantara,0cf2a010,1,2019
tony renda,0d000818,0,2018
matt festa,0d1efa47,0,2026
ryan webb,0d434aa1,0,2016
charlie tilson,0d5da8a5,0,2019
jacob turner,0d65eb45,0,2018
hector rondon,0d69c8e1,1,2020
jon lester,0d6b6af2,0,2021
chris taylor,0dc3acd9,0,2025
john mayberry,0dd8d39f,0,2015
hernan perez,0dda67aa,1,2021
sean rodriguez,0de9fb8a,1,2020
david washington,0dec537a,0,2017
brian keller,0df54721,0,2026
jacob lemoine,0e0ad61f,0,2022
erick mejia,0e15dd3e,0,2020
carlos duran,0e1cb7ff,0,2025
matt boyd,0e299fef,0,2026
daylen lile,0e50a2ad,0,2026
sean sullivan,0e513743,0,2026
dallas beeler,0e62bdf6,0,2015
joel de la cruz,0e643301,0,2016
rubby de la rosa,0e8fe431,0,2017
ronald bolanos,0eae15cd,1,2022
kevin kramer,0eb3339a,0,2019
matt gorski,0ed10213,0,2025
nick swisher,0ed72613,0,2015
rangel ravelo,0edb19b8,0,2020
john bormann,0ef83456,0,2017
justin upton,0f06cd2a,0,2022
zac reininger,0f0d86e7,0,2019
tommy milone,0f291237,0,2023
felix reyes,0f491cd0,0,2026
jake eder,0f49f0bb,0,2026
reynaldo lopez,0f4ac975,1,2026
korey lee,0f4c9edf,0,2025
beck way,0f5c87f2,0,2026
ben taylor,0f5cab21,0,2018
heriberto hernandez,0f60bf27,0,2026
sam hentges,0f6b63bb,0,2026
tyler chatwood,0f6cd2cd,0,2021
carter kieboom,0f76be24,0,2025
giovanny gallegos,0f792328,0,2024
victor gonzalez,0f8f6baf,1,2024
cory rasmus,0f96cdb6,0,2016
chris withrow,0f96dfe4,0,2016
cole young,0fa3d8c7,0,2026
forrest wall,0fa490ee,0,2024
yuki matsui,0fbb5290,0,2026
angel castro,0fcb3bea,1,2015
jose mujica,0fdb33c0,1,2020
danny worth,1009d12c,0,2016
ivan herrera,1028ff5b,1,2026
pablo sandoval,1035504a,0,2021
brooks kriske,103b9069,0,2026
jonathan ornelas,104210c1,0,2026
cristopher sanchez,107b03be,1,2026
vimael machin,108e3c50,1,2025
cj van eyk,109a2a52,0,2026
nate pearson,109e3364,0,2026
trevor megill,10b77239,0,2026
dillon thomas,10b9251f,0,2022
willy garcia,10cf1d71,1,2017
jabari blash,1108ea6a,0,2018
brandon kintzler,1119a8c9,0,2021
brian johnson,1121c1a4,0,2019
joe palumbo,112cca4d,0,2020
ryan eades,11332b53,0,2019
myles jaye,1146c2b2,0,2017
anthony rizzo,1162de81,0,2024
clay buchholz,1170c0ad,0,2019
luke barker,1173d44c,0,2022
christian arroyo,11b9597b,0,2023
adam rosales,11c2ee22,0,2018
blaine crim,11ca2cf2,0,2025
paul campbell,11caa6fe,0,2021
peter strzelecki,11cca9a9,0,2026
jared walsh,11ccb8cd,0,2024
garrett jones,11d9ca22,0,2015
bo naylor,11ffa8a9,0,2026
brandon morrow,12085e84,0,2018
charlie blackmon,12154e57,0,2024
michael massey,121b985e,0,2026
daniel stumpf,122e735a,0,2019
aledmys diaz,122e8586,1,2024
brody koerner,1231f132,0,2021
aaron wilkerson,125c93de,0,2019
eric wagaman,1264fd99,0,2026
joshua fuentes,1282a3b6,0,2021
mitch haniger,1286e4d2,0,2024
dylan carlson,12bb2b45,0,2026
jackson holliday,12bcaeab,0,2026
eguy rosario,12bdb350,0,2024
jason gurka,12d39db3,0,2017
taylor jungmann,12d4314b,0,2017
matt reynolds,12eed351,0,2016
osmer morales,12ef8131,0,2018
andre lipcius,13041413,0,2023
adolis garcia,1306eb2a,1,2026
eddie gamboa,13157169,0,2016
oneil cruz,13170be8,0,2026
terrin vavra,13179904,0,2025
alex vesia,1320c5bb,0,2026
ivan nova,13210249,1,2020
jarrett parker,1322a02b,0,2019
brad hand,132ead8b,0,2023
yefri perez,133509c2,1,2016
brandon brennan,133ba256,0,2021
jesus reyes,1344878c,1,2018
juan nicasio,134856aa,0,2020
stephen strasburg,134bc61f,0,2022
erick castillo,135e4ef1,0,2021
naoyuki uwasawa,1363d41b,0,2024
luis arraez,136fd76e,1,2026
mike bolsinger,1388ad7f,0,2017
doug nikhazy,139a07c3,0,2026
starling marte,13ab5ed2,0,2026
caleb boushley,13c816e1,0,2025
eduardo jimenez,13e7c4fd,1,2019
tyler austin,13f726c5,0,2019
dexter fowler,1407a487,0,2021
junior fernandez,14107c9a,1,2022
adrian beltre,1423362b,1,2018
edwin escobar,142b96ef,0,2016
mike pelfrey,142d9145,0,2017
christin stewart,1438a6e1,0,2020
fraser ellard,144e92f1,0,2025
zach thompson,145535a8,0,2025
jose martinez,14603af4,1,2020
jered weaver,147b5917,0,2017
dom hamel,14889b30,0,2025
eiberson castellano,1489e519,0,2026
griffin canning,148e6900,0,2026
zach putnam,14ab66e1,0,2017
nico hoerner,14b34ae6,0,2026
alex meyer,14b8d69f,0,2017
ryan schimpf,14d9693f,0,2018
justin hagenman,14e20b95,0,2025
carson seymour,15297288,0,2026
aaron fletcher,152f663e,0,2022
eric cerantola,1540cfb6,0,2026
christian scott,15476964,0,2026
jung hoo lee,155c4b51,0,2026
chris capuano,1560422c,0,2016
matt belisle,15751c99,0,2018
nathaniel lowe,159e57b6,0,2026
devon travis,15dcf554,0,2018
river ryan,15e05f5f,0,2024
dustin antolin,15e24027,0,2016
luis torrens,15fd9d1c,0,2026
bruce rondon,1624b774,1,2018
bartolo colon,1625da35,1,2018
cesar ramos,1628b495,1,2016
henderson alvarez,16337247,1,2017
vladimir gutierrez,16486986,1,2024
lazaro estrada,16495bdf,0,2026
joey loperfido,166068e5,0,2026
addison reed,167dd4a1,0,2018
collin price,1684408c,0,2026
arnold leon,16c67bc7,0,2016
roman quinn,16d7a329,0,2022
jorge soler,16ed1b92,0,2026
brad ziegler,1717a06a,0,2018
roberto hernandez,171fb04d,1,2016
daniel murphy,17225395,0,2020
hobie harris,172c3ab0,0,2023
adrian houser,1743137a,0,2026
connor phillips,17809c9d,0,2026
cooper ingle,1782e420,0,2026
rafael soriano,17850fe1,0,2015
rex brothers,17bfe03c,0,2021
joey ortiz,17e7e436,0,2026
yosver zulueta,17e7f1eb,0,2025
colin poche,180a8cdf,0,2025
michael helman,1810ccd4,0,2026
henry owens,18114c75,0,2016
arodys vizcaino,18332f9d,1,2022
brandon dixon,1835ebcf,0,2023
marcell ozuna,184190ef,0,2026
jojo romero,185a6bdd,0,2026
rico noel,185e0c8d,0,2015
chris marrero,187a17a8,0,2017
mark vientos,1884994e,0,2026
michael rucker,18858b05,0,2026
danny jansen,188dc647,0,2026
adam ottavino,188f2e67,0,2025
tyler black,18a71616,0,2026
manny barreda,18cd68e7,0,2021
tommy nance,18d22f3f,0,2026
bryan holaday,18d2832e,0,2021
dixon machado,18f0c8ce,0,2022
jeremy walker,1907893c,0,2019
jhonatan solano,1915a5e5,0,2015
cody anderson,193a1391,0,2019
jose torres,19529081,1,2017
josh sborz,19546e61,0,2024
meibrys viloria,1956d0c1,0,2023
kyle hart,1961b6c2,0,2026
ronald guzman,1970057f,1,2022
michael saunders,19729396,0,2017
hunter strickland,19959d5d,0,2025
miguel andujar,199bb60b,1,2026
jacoby ellsbury,19ac038e,0,2017
roman anthony,19ca305a,0,2026
austin shenton,19cf829f,0,2024
slade cecconi,19e5a0d3,0,2026
munetaka murakami,19ea8fef,0,2026
ryan merritt,19f63a65,0,2017
cy sneed,19fc4f1a,0,2020
danny barnes,1a12e629,0,2018
seth lugo,1a13eb0a,0,2026
preston guilmet,1a1d83a2,0,2021
edgar olmos,1a30acfa,0,2015
lucas harrell,1a761f46,0,2017
shinnosuke ogasawara,1a7fed6f,0,2025
bruce maxwell,1a8850d5,0,2018
cody allen,1aa704d3,0,2019
donovan hand,1ac1e679,0,2015
chris roller,1ad63c6f,0,2024
pat light,1aed20ab,0,2016
jordan lawlar,1afbc440,0,2026
joey meneses,1afce307,0,2026
richard urena,1afce4ef,1,2019
humberto arteaga,1b0aa820,0,2021
jeff criswell,1b1b77f7,0,2026
daulton jefferies,1b3ab82b,0,2024
collin wiles,1b430d9c,0,2022
victor caratini,1b443135,1,2026
jason pridie,1b4c05af,0,2015
travis ishikawa,1b5d13dc,0,2015
dominic canzone,1b9052f7,0,2026
juan graterol,1b924916,0,2019
jon jay,1b956418,0,2021
johneshwy fargas,1ba9432b,0,2021
cooper criswell,1bbf3677,0,2026
michael lorenzen,1bcad38a,0,2026
sung mun song,1bcfaf3f,0,2026
nathan lukes,1bd00e2e,0,2026
yusniel diaz,1bf6e87a,1,2022
danny burawa,1c059970,0,2015
willson contreras,1c0afc90,0,2026
mason miller,1c13b463,0,2026
carlos carrasco,1c16923e,0,2026
james naile,1c2b9fbd,0,2023
victor vodnik,1c48c5b4,0,2026
alexi amarista,1c4ae7f8,0,2017
tj hopkins,1c51cece,0,2023
cesar prieto,1c59de6b,1,2026
tanner murray,1c6c0184,0,2026
dean kremer,1c7c7fd3,0,2026
edubray ramos,1c8189f3,0,2019
shane peterson,1c95b0c4,0,2017
bligh madris,1ca6b104,0,2024
blaze alexander,1cb9035e,0,2026
brad miller,1cc4b360,0,2023
jose alvarado,1cd0af8b,1,2026
nick vincent,1cd3e8a5,0,2021
jose devers,1cd5fc8f,1,2024
tuffy gosewisch,1cd6145a,0,2017
nate fisher,1cd662ec,0,2022
chase silseth,1cd7c9ed,0,2026
thomas pannone,1cef2b12,0,2026
a j minter,1d06b40b,0,2026
darius vines,1d0807bc,0,2024
jonathan diaz,1d0f1d6b,0,2015
pablo lopez,1d168701,1,2025
jacob webb,1d2faabd,0,2026
kris bryant,1d358f93,0,2025
nick plummer,1d3bd123,0,2022
jacob waguespack,1d412fe2,0,2026
michael kelly,1d509b21,0,2026
zack littell,1d5c53ee,0,2026
rodolfo castro,1d5de84e,0,2023
aramis ramirez,1d6573fe,1,2015
denzel clarke,1d670239,0,2026
kyle higashioka,1d72366a,0,2026
chris tillman,1d74fe2c,0,2018
alex kirilloff,1d7c9716,0,2024
merandy gonzalez,1d97b4a1,1,2018
kolby allard,1dc8655d,0,2026
jose fermin,1dce08ab,1,2026
kennys vargas,1ddc35a2,0,2017
trevor richards,1de20e8a,0,2026
david freitas,1e0119a9,0,2019
brian anderson,1e019ece,0,2024
tarik skubal,1e4029ec,0,2026
brendan mckay,1e42273e,0,2019
anthony desclafani,1e468f3a,0,2025
jason adam,1e4697b8,0,2026
sal frelick,1e4dd87a,0,2026
addison barger,1e5969a9,0,2026
brock stassi,1e609d81,0,2017
drey jameson,1e63a21a,0,2026
john rooney,1e773f7b,0,2025
josh fields,1e786723,0,2018
kevin quackenbush,1e79a386,0,2021
j p arencibia,1e8866f5,0,2015
jason delay,1ea1b6e0,0,2024
felix bautista,1eb1effd,1,2025
pedro alvarez,1eb4b372,1,2018
jose fernandez,1eb82c00,1,2019
guillo zuniga,1ebc67c5,1,2026
spencer strider,1ebe411b,0,2026
andrew chafin,1ec0b23f,0,2025
richie palacios,1ec26401,0,2026
gorkys hernandez,1ed2b29c,1,2019
peter obrien,1ed6b697,0,2019
zac veen,1edbc36e,0,2025
cody poteet,1ee0846e,0,2025
nick yorke,1ee90c73,0,2026
josh white,1ee99752,0,2026
kevin jepsen,1eebe2b7,0,2018
matt wisler,1eff0e0d,0,2022
max rajcic,1f1195d5,0,2026
jake faria,1f149de8,0,2023
mickey moniak,1f506229,0,2026
matt duffy,1f5080f6,0,2016
pat neshek,1f610bf8,0,2019
david dejesus,1f684772,0,2015
blake lalli,1f74a694,0,2016
daeho lee,1f8a4e04,0,2016
ozzie albies,1f8df31a,0,2026
alex reyes,1fa9b403,0,2021
a j jimenez,1fc84bc7,1,2017
kevin mcgowan,1fc9e03d,0,2017
carlos moncrief,1fd6b44b,0,2017
david hamilton,1fedb67a,0,2026
andrew velazquez,2005572c,0,2026
livan soto,2033a51c,0,2024
will craig,204251d8,0,2021
tyler soderstrom,204bb1da,0,2026
bryan abreu,205d5c4c,0,2026
jake cronenworth,2065b967,0,2026
arquimedes caminero,206f23f0,0,2016
taylor teagarden,20805448,0,2015
jarred cosart,209ea554,0,2017
dusten knight,20a51a22,0,2022
yusei kikuchi,20af2ca1,0,2026
c c lee,20b78af4,0,2015
brandon guyer,20f10e1e,0,2018
scott atchison,210156b0,0,2015
hernan iribarren,210431f3,1,2016
dallas keuchel,21046554,0,2024
t j zeuch,21100405,0,2022
geovany soto,211d6962,0,2017
phil bickford,2125fe7b,0,2024
keegan thompson,212a6e25,0,2026
drew hayes,2138ea0d,0,2016
luke farrell,21393e70,0,2022
tanner tully,21411783,0,2022
james beresford,216a2ac5,0,2016
justin verlander,216e5d91,0,2026
andrelton simmons,216e75db,0,2022
jorge alcala,217f5ad5,1,2025
alex lange,2180da04,0,2026
pedro ciriaco,21a415e3,0,2015
joey krehbiel,21a733cc,0,2023
zach mccambley,21ba9af9,0,2026
henry bolte,21bbc54b,0,2026
daniel corcino,21cf12a8,0,2018
valente bellozo,21e3e507,0,2026
ken waldichuk,21eb8625,0,2026
randy vasquez,21fb5c2d,1,2026
nick rumbelow,220301cf,0,2019
brian goodwin,2206880e,0,2021
sixto sanchez,2206bd20,1,2024
cole hamels,221e22a4,0,2020
nick gonzales,222a5e04,0,2026
luiz gohara,22485f80,0,2018
jerome williams,224d251f,0,2016
colton gordon,2253dd14,0,2026
yennsy diaz,2253e177,1,2021
evan phillips,22573072,0,2026
lonnie chisenhall,2257b502,0,2018
jesus sucre,2258baaf,1,2019
anthony santander,22599c54,0,2025
danny hultzen,226b1877,0,2019
a j ewing,22839689,0,2026
justin williams,2284d386,0,2021
chris hatcher,2297f3e5,0,2018
jumbo diaz,229e81c6,1,2017
jose godoy,22ba5e74,1,2022
caden dana,22c4503b,0,2025
brandon phillips,22c50209,0,2018
david hernandez,22d2e3a9,0,2019
cody ross,22d62cf9,0,2015
chandler seagle,22dde1b7,0,2023
zach deloach,2301f11d,0,2024
eric young,232fbbaa,0,2018
luke bard,2332a304,0,2022
ronny mauricio,233b23a2,0,2026
robby snelling,233d910e,0,2026
rymer liriano,23474b93,0,2017
ben heller,2349f5e7,0,2024
ronald herrera,235fda21,0,2017
jose siri,23707edc,1,2026
adam conley,237a8887,0,2021
dean deetz,23813a97,0,2018
travis demeritte,238295ab,0,2022
kyle wright,23861c87,0,2023
kyle backhus,239b1523,0,2026
shawn ross,23ab70d2,0,2026
zack weiss,23acd425,0,2023
brady feigl,23b4b19d,0,2024
keaton winn,23c2099a,0,2026
haoyu lee,23c4d760,0,2026
taylor walls,23c6f1dc,0,2026
chris gittens,23c76d3f,0,2021
framber valdez,23c9de77,0,2026
yohendrick pinango,23d1c04b,0,2026
cody thomas,23ec003c,0,2023
mason montgomery,23ec867e,0,2026
tristan peters,240aac10,0,2026
joaquin arias,242898e9,1,2015
matt dermody,2444f667,0,2023
joe beimel,24a484db,0,2015
tyler matzek,24b152bb,0,2025
zebby matthews,24b6bbe3,0,2026
nick ciuffo,24ba25d2,0,2021
cedric mullins,24bf4355,0,2026
corey oswalt,24c6be6d,0,2021
colt keith,24d0505e,0,2026
robert garcia,24d7b813,0,2026
j a happ,24f48d69,0,2021
kyle crick,250718a8,0,2022
elian herrera,252f581b,1,2015
mike clevinger,254e6cdf,0,2025
john danks,25527130,0,2016
cam cauley,2560b901,0,2026
jackson rutledge,258dc18b,0,2026
dalton rushing,25a0949a,0,2026
curtis terry,25c591cb,0,2021
rick porcello,25c782bb,0,2020
eric stults,25db2c9b,0,2015
chris reed,25f568db,0,2015
brian mccann,260e21bb,0,2019
t j house,26592069,0,2017
daniel lynch,2664d467,0,2026
scott mcgough,267bc077,0,2025
jack oloughlin,267c5498,0,2024
chase petty,26961f58,0,2026
shay whitcomb,2698536e,0,2026
nomar mazara,26a79c89,0,2022
matt moore,26c27709,0,2024
kevin pillar,27077dd2,0,2025
monte harrison,27087048,0,2022
shohei ohtani,270bfa31,0,2026
ryan aguilar,2710642c,0,2022
clint robinson,27150d7f,0,2016
shea langeliers,27314b6c,0,2026
jose butto,27334e0b,1,2026
shawn tolleson,2782d1c8,0,2016
charles mcadoo,27887348,0,2026
scooter gennett,279825cc,0,2019
emiliano teodo,279c5327,0,2026
jacob wilson,279d226b,0,2021
julian aguiar,27b3954f,0,2024
jose de leon,27e2c2db,1,2025
wade miley,27e8922a,0,2025
drew rucinski,27edd3f7,0,2023
randy wolf,2803496e,0,2015
christian colon,281e6ea5,1,2020
nick franklin,2837ec12,0,2018
phoenix sanders,283dfd57,0,2022
danny young,283f24ed,0,2026
jeferson quero,284f81ec,0,2026
carlos hernandez,28500428,1,2025
aj ramos,285a9036,0,2021
paul blackburn,28762b64,0,2026
ben rowen,288c5e69,0,2021
pat venditte,289b3b24,0,2020
michael siani,28afea79,0,2026
yolmer sanchez,28b3d53d,1,2022
a j pierzynski,28b48f5c,0,2016
ben revere,28bebbd7,0,2017
christian montes de oca,28c7ecd2,0,2025
hyeseong kim,28d7dd04,0,2026
dustin fowler,28e3fc08,0,2021
alek jacob,28e5a9c8,0,2026
taylor jordan,290e2ca1,0,2015
orlando arcia,2928af2b,0,2026
cole carrigg,292c46b3,0,2026
kelly johnson,295265e9,0,2016
henry ramos,29550caa,0,2023
yermin mercedes,295c29d9,1,2022
zach jackson,2965388a,0,2023
taylor guilbeau,29862b25,0,2020
rhiner cruz,2989801e,0,2018
gunnar henderson,298c5bf9,0,2026
andrew bellatti,2991936b,0,2023
paul gervase,299cda17,0,2026
j c escarra,299d07eb,0,2026
gavin sheets,29a03f08,0,2026
chris beck,29bfdcc3,0,2018
chris mazza,29c83147,0,2022
junior perez,29cdc41b,0,2026
phillippe aumont,29dc31b8,0,2015
ian seymour,29e7b2c5,0,2026
jake lamb,29f8b660,0,2023
nick masset,2a069007,0,2015
ben paulsen,2a2ae7a0,0,2016
tanner anderson,2a3a5c08,0,2021
justin foscue,2a3e6de6,0,2026
caleb thielbar,2a41539c,0,2026
nick hagadone,2a4cbc9c,0,2015
eric lauer,2a54e253,0,2026
ljay newsome,2a62c2cb,0,2021
travis darnaud,2a658101,0,2026
don kelly,2a670ae7,0,2016
tj shook,2a7c6657,0,2026
branden kline,2a829552,0,2020
kyle schwarber,2a82d8dc,0,2026
emilio pagan,2a9e6764,1,2026
tyler wells,2a9fd3d8,0,2026
bryan woo,2aaa9958,0,2026
everth cabrera,2aab13bf,0,2015
john nogowski,2ad89df7,0,2021
austin romine,2ae6ef98,0,2022
wil crowe,2ae80f94,0,2023
terrance gore,2af12b64,0,2022
andrew stevenson,2affeb81,0,2023
quinn priester,2b00b13b,0,2025
peter solomon,2b037a1b,0,2023
jim henderson,2b0b2304,0,2016
forrest whitley,2b10d70c,0,2025
domingo german,2b28fca0,1,2024
andrew toles,2b2c7589,0,2018
josh rutledge,2b76ce9a,0,2017
yohan pino,2b801388,0,2015
cade horton,2b86755e,0,2026
carson spiers,2bb45956,0,2025
bobby miller,2bb8a047,0,2025
jordyn adams,2bc6f0da,0,2025
christian roa,2bdad43e,0,2026
alan roden,2be387da,0,2026
hayden juenger,2be47c1c,0,2026
chase anderson,2c1db666,0,2024
david banuelos,2c23eecd,1,2025
lewin diaz,2c28236a,1,2022
freddie freeman,2c66b3f7,0,2026
joey terdoslavich,2c8fa6a2,0,2015
bryan shaw,2ca6fdbb,0,2024
logan schafer,2cadbadb,0,2016
parker dunshee,2cb767f1,0,2024
matt purke,2cbf3bc4,0,2016
masyn winn,2cea04fb,0,2026
rene pinto,2d08d287,1,2024
andrew romine,2d0eb0df,0,2021
ronny henriquez,2d1df72a,0,2025
jace fry,2d215172,0,2021
mike ohlman,2d283f92,0,2017
drew storen,2d2878ff,0,2017
jonathan broxton,2d2c9b96,0,2017
nick nelson,2d40f3ac,0,2024
cd pelham,2d414dd5,0,2018
omar cruz,2d49ccf3,0,2025
jordan patterson,2d4d1bc6,0,2016
oliver perez,2d528d35,1,2022
alex carrillo,2d5fd7d6,0,2025
mike miller,2d691f94,0,2016
dom nunez,2d8a123e,1,2025
shota imanaga,2d8e2236,0,2026
tim peterson,2dacd9df,0,2019
yovanny cruz,2dc7d548,0,2026
miguel amaya,2dd2ecf2,0,2026
troy johnston,2dd3fe14,0,2026
andrew benintendi,2dda886c,0,2026
ryon healy,2de614ef,0,2020
ryan hendrix,2dff0c01,0,2022
justynhenry malloy,2e0147e0,0,2025
matt thornton,2e08a75f,0,2016
keynan middleton,2e0b8473,0,2023
shawn morimando,2e129121,0,2021
jake thompson,2e2243f8,0,2018
daniel gossett,2e260c33,0,2018
mason black,2e2cffdc,0,2026
david carpenter,2e3bfa3d,0,2019
anthony volpe,2e4c164f,0,2026
anthony banda,2e627856,0,2026
rhylan thomas,2e62f1b6,0,2025
paul skenes,2e7ed9f9,0,2026
james mcarthur,2eabb657,0,2024
adrian sanchez,2ead3b85,1,2021
mark kolozsvary,2eafd367,0,2023
sammy peralta,2eb9427b,0,2026
tony gonsolin,2ebb6c80,0,2025
elieser hernandez,2ee778f1,1,2026
brad boxberger,2f052518,0,2023
wilin rosario,2f10357e,0,2015
freddy galvis,2f2ce03b,0,2021
jake irvin,2f51c7ab,0,2026
adam plutko,2f5c6a9a,0,2021
koda glover,2f6c00af,0,2018
dylan axelrod,2f998dea,0,2015
ryan vilade,2fa40a59,0,2026
mason thompson,2fa668cf,0,2025
duke ellis,2fcfcce6,0,2024
coleman crow,2fd606d5,0,2026
andrew kittredge,2fdf1ac2,0,2026
nick solak,2ff552c3,0,2026
archie bradley,2ff9d9fb,0,2023
phil maton,300567ad,0,2026
steve lombardozzi,300ae6bf,0,2017
mark buehrle,301a5e0c,0,2015
shawn armstrong,3037a53e,0,2026
wes parsons,304bc49b,0,2024
jason foley,304ffd3b,0,2026
edgar quero,305127cd,0,2026
oscar hernandez,306d64e4,1,2020
brent suter,30728ed9,0,2026
donnie veal,3076ed98,0,2015
john schreiber,30a603cb,0,2026
andrew wantz,30b0219b,0,2026
taylor davis,30b98af7,0,2021
ivan castillo,30e5387c,0,2021
kumar rocker,30fda6b2,0,2026
ben gamel,310a1f36,0,2024
jake buchanan,3112be04,0,2017
ian thomas,31533063,0,2015
bryan king,31711d54,0,2026
ty kelly,3176556d,0,2018
owen white,31805fb2,0,2025
jake bird,31876cfb,0,2026
tyler rogers,3187bf02,0,2026
brock stewart,3191f3d4,0,2026
billy burns,3193a7bb,0,2017
jerry sands,31ccb326,0,2016
nick vespi,31f5aa13,0,2024
jorge ona,31fc4328,1,2020
cole waites,31fcb77f,0,2023
tucupita marcano,31fd95b4,0,2023
josh vanmeter,320dbdb9,0,2022
collin balester,32304517,0,2015
nick sogard,323c9b37,0,2026
tim beckham,3242177b,0,2022
miguel rojas,32451568,0,2026
triston mckenzie,325cc3b3,0,2025
chris colabello,32630952,0,2016
spencer kieboom,326996de,0,2018
dylan smith,326b364e,0,2026
jonathan aro,326cf985,0,2016
cody bellinger,32775691,0,2026
eliezer alfonzo,3284acff,0,2026
ryan hartman,32a1022a,0,2021
will smith,32c88355,0,2024
craig gentry,32df7dbe,0,2018
riley martin,32f50451,0,2026
raudel lazo,332c600d,0,2015
gabriel moreno,333a87aa,0,2026
michel otanez,335e1205,1,2025
isaac galloway,33666c29,0,2019
carlos correa,33687c9b,0,2026
matt garza,337313f5,0,2017
juan minaya,33899f60,0,2022
jason vosler,339548a6,0,2024
elvis alvarado,339e8a1b,0,2026
shintaro fujinami,33d2f336,0,2023
ryan walker,33d9dc1b,0,2026
aaron hill,33db494f,0,2017
johnny field,33dd1a6e,0,2018
branden pinder,33e68284,0,2016
sam long,33e7fa7d,0,2025
cody sedlock,33e9ef3e,0,2022
amed rosario,33fdfb35,0,2026
jackson merrill,340ee4ba,0,2026
kevin herget,3414cb3d,0,2026
chris ellis,3432a4e0,0,2022
corbin martin,343beaea,0,2026
ruben tejada,343f5037,1,2019
andre ethier,3455dd5f,0,2017
vance worley,34600365,0,2017
sean kazmar,346b7ce8,0,2021
robert gsellman,348ef7be,0,2022
blake treinen,349c35c1,0,2026
dustin peterson,349f25ac,0,2019
grant anderson,34a9b04f,0,2026
tyron guerrero,34b87092,0,2026
carter capps,34bc060b,0,2017
nick raquet,34d075ca,0,2026
troy melton,34d080be,0,2026
neftali feliz,34df4c05,1,2021
blake hunt,34efb341,0,2026
antonio senzatela,34f7e778,0,2026
ryan weber,353f06ab,0,2023
kenedy corona,354788e1,0,2025
fernando rodriguez,355b7176,0,2016
zac kristofak,357ddd1b,0,2024
josh fleming,358a69fa,0,2026
easton mcgee,358b3691,0,2026
austin pope,358b9f4d,0,2025
anthony castro,35afe6e1,0,2022
david ortiz,35b5cb46,0,2016
jake wong,35bee484,0,2023
yimi garcia,35d83e3c,1,2025
shaun marcum,35f31c3d,0,2015
tayler scott,35f33b17,0,2025
chase whitley,360b9a6c,0,2018
jason rogers,364c27fb,0,2016
tim melville,365cd5c8,0,2019
travis swaggerty,3661f3e0,0,2022
joey estes,3678b88f,0,2026
adalberto mejia,368fba37,1,2019
jason bourgeois,3693a4af,0,2015
darnell sweeney,369942fd,0,2018
manuel rodriguez,369ea8a6,1,2025
konner wade,36ed3332,0,2021
zach cole,36efe8ce,0,2026
scott hurst,370521de,0,2021
kyle garlick,371f78b7,0,2023
carlos narvaez,3721d9f7,1,2026
andrew knizner,372566fd,0,2025
oliver drake,37358e2a,0,2020
keury mella,373b10a6,0,2021
mauricio cabrera,3743d3e4,0,2016
ben zobrist,37523d1b,0,2019
andrew cashner,37705bff,0,2019
jhon romero,37728bab,0,2022
c j riefenhauser,37a42f00,0,2015
aj pollock,37b9034d,0,2023
devin smeltzer,37c37560,0,2023
mike zagurski,37c91cd2,0,2018
gerardo concepcion,37dc9e76,1,2016
alec marsh,37f229e2,0,2024
bud norris,380bd55d,0,2018
david villar,38160f0a,0,2025
anderson severino,383766f4,0,2022
eloy jimenez,3847ab75,1,2026
juan then,3852f776,0,2023
kodai senga,387c7212,0,2026
angel perdomo,3880cabb,1,2025
garin cecchini,3885b1d0,0,2015
michael hermosillo,389b9884,0,2022
mj melendez,38aff0a8,0,2026
justin steele,38b10c6a,0,2025
tommy hunter,38b545a9,0,2023
tyrell jenkins,38b8eae7,0,2016
cole gillespie,38bcf1b1,0,2016
scott schebler,38d41694,0,2021
ramon rosso,38edd8b0,1,2021
fernando tatis,38faa7ea,1,2026
brandon mann,38fdaff5,0,2018
corbin burnes,3903d794,0,2025
nabil crismatt,391237f8,0,2025
peter bourjos,3930c524,0,2019
joel payamps,3949cdba,0,2026
seth frankoff,395df6ad,0,2021
stephen kolek,39677bfe,0,2026
hoby milner,396e8d45,0,2026
ryan jackson,39789365,0,2015
jon duplantier,39886aea,0,2021
ryan feierabend,3991c874,0,2019
phil hughes,3991cb85,0,2018
matt ramsey,39a2c73d,0,2019
jake rogers,39ab47fe,0,2026
blaine hardy,39af4994,0,2021
gabe speier,39b3d3c5,0,2026
zach green,39bf82ba,0,2019
kent emanuel,3a02aa6f,0,2024
max moroff,3a0953a6,0,2021
drew gilbert,3a14b2dd,0,2026
carson kelly,3a165059,0,2026
humberto mejia,3a21e18e,1,2021
mick abel,3a27d133,0,2026
kebryan hayes,3a2bfaab,0,2026
howie kendrick,3a60cfb4,0,2020
jacob barnes,3a680457,0,2025
ricardo sanchez,3a74da65,1,2020
william kempner,3a7952ce,0,2026
beau brieske,3a827e76,0,2026
liam hendriks,3a90a54a,0,2025
john hicks,3aa94307,0,2021
emmanuel burriss,3aa97e7b,0,2016
tyler tolbert,3ab118a1,0,2026
jeff lindgren,3ab39f00,0,2023
mike napoli,3aba07c9,0,2017
chad girodo,3ad0e49d,0,2016
fernando cruz,3adfe8bd,0,2026
ariel jurado,3ae1ff44,0,2020
josh donaldson,3af4cc98,0,2023
seth mejiasbrean,3b0e99f2,0,2019
matt duffy,3b1732ee,0,2024
tim hill,3b35551a,0,2026
nick sandlin,3b3a085b,0,2026
braydon fisher,3b3e12f0,0,2026
stephen cardullo,3b414fe7,0,2017
delmon young,3b45c00e,0,2015
bryan hudson,3b45f258,0,2026
david phelps,3b5a4838,0,2022
darick hall,3b71ead5,0,2023
sean doolittle,3b7224a9,0,2022
ryan mountcastle,3b8220e7,0,2026
yunel escobar,3bab466f,0,2017
israel pineda,3bb50b0d,0,2022
albert suarez,3bbf9394,1,2026
bryan ramos,3bc98f5f,0,2025
jose quintana,3bdc9f8e,0,2026
nolan hoffman,3bf96308,0,2026
tommy joseph,3c0714e3,0,2017
william contreras,3c07bbc0,0,2026
chad wallach,3c149f22,0,2025
dan jennings,3c1e9016,0,2019
logan porter,3c219fff,0,2026
tyler nevin,3c306280,0,2024
jonathan hernandez,3c3c0f03,1,2026
al alburquerque,3c3cc188,0,2017
seth rosin,3c423213,0,2015
dawel lugo,3c5d47f8,0,2020
kirby snead,3c74ca08,0,2024
jared shuster,3c8f8e8f,0,2026
a j ladwig,3c94c18d,0,2022
andrew triggs,3cda9966,0,2020
adrian martinez,3cfc5f48,1,2023
nick morabito,3d0538d2,0,2026
chad huffman,3d10e420,0,2017
zack britton,3d191eb7,0,2022
adam morgan,3d4477d4,0,2021
eli white,3d5a66d4,0,2026
stevie wilkerson,3d61c3e6,0,2021
paxton schultz,3d75c8ac,0,2026
nestor cortes,3d93f3b9,1,2025
mike minor,3da59a96,0,2022
jeremy hazelbaker,3db46499,0,2017
drew rasmussen,3dbecd99,0,2026
luis frias,3dc16950,1,2024
nick senzel,3dcec8df,0,2024
kelvin gutierrez,3dd2c8cb,1,2022
logan evans,3de7b81e,0,2025
joey wentz,3df47064,0,2025
kyle mcgrath,3e122311,0,2018
ian gibaut,3e15e1ee,0,2025
troy tulowitzki,3e221500,0,2019
scott feldman,3e24b3c4,0,2017
steve delabar,3e2648f4,0,2016
carlos estevez,3e426b70,1,2026
chris johnson,3e77d675,0,2016
connor prielipp,3e79c118,0,2026
matt swarmer,3e7b7613,0,2022
nick fortes,3e8525b0,0,2026
johan oviedo,3ebe510b,0,2026
jalen beeks,3edcda2a,0,2026
yasmani grandal,3ef8c560,0,2024
cam vieaux,3eff4998,0,2022
eli villalobos,3f0110f0,0,2024
easton lucas,3f334899,0,2025
ryan castellani,3f518a1b,0,2022
joel kuhnel,3f5237d5,0,2026
brandon crawford,3f5f7011,0,2024
hunter dozier,3f75e7b2,0,2023
edgar navarro,3f7b9536,0,2023
ryan strausborger,3f7f918f,0,2015
mike montgomery,3f84f75f,0,2020
jack reinheimer,3f8b40e2,0,2018
lewis brinson,3f8d7ae6,0,2022
abel de los santos,3f8fe174,0,2016
blake perkins,3f9bc524,0,2026
hunter renfroe,3f9f1577,0,2025
oliver ortega,3faa9f5a,0,2023
dj herz,3fafbcfc,0,2024
shawn dubin,3fb3b67d,0,2025
stuart turner,3fb40b39,0,2017
montana durapau,3fcccd63,0,2019
james outman,3fcfedcf,0,2026
david sandlin,3fd8fe04,0,2026
okoyea dickson,3fe0576e,0,2017
packy naughton,3fe3b740,0,2023
allen craig,3fe5cd74,0,2015
danny duffy,3ffc08be,0,2021
adam mccreery,40006dea,0,2018
kelvin caceres,40067b5c,1,2023
nolan arenado,4009314f,0,2026
luis ortiz,40160d22,0,2024
ian kinsler,4037c26a,0,2019
kutter crawford,40476afa,0,2024
duncan davitt,404d5a0e,0,2026
wandy peralta,405185e0,0,2026
dan winkler,405b3e88,0,2021
scott diamond,405d103c,0,2016
louis varland,405df261,0,2026
jeff hoffman,406d87c7,0,2026
greg mahle,40951c7e,0,2016
shane baz,4097bcd5,0,2026
ranger suarez,409b8a70,0,2026
tom wilhelmsen,409c3807,0,2017
fernando abad,409c5800,0,2023
antoine kelly,40afa424,0,2026
kurt suzuki,40caed38,0,2022
nick davila,40d8ec3f,0,2026
john gant,40f3a1a9,0,2021
david fletcher,412b2dc2,0,2024
allan winans,413ed7c8,0,2025
travis adams,4143b89d,0,2026
alika williams,4147996f,0,2026
connor brogdon,41518929,0,2026
locke st john,415af84a,0,2022
taylor cole,416a4861,0,2019
ildemaro vargas,41844a3f,0,2026
travis taijeron,41d19ec3,0,2017
sam antonacci,41fa00af,0,2026
zach agnos,41fb4b57,0,2026
shed long,4203e9ec,0,2021
zac curtis,420f625d,0,2018
jaff decker,422f495d,0,2017
tom murphy,424b365a,0,2024
peyton pallette,42589fa1,0,2026
nick madrigal,425cf43d,0,2026
adonis medina,4262edec,0,2022
michael cuddyer,426408ec,0,2015
tres barrera,4271f421,0,2023
jordan luplow,4277e62e,0,2023
dj johnson,42820e03,0,2021
brandon moss,4286fe05,0,2017
franchy cordero,428a0884,0,2023
carl edwards,4294dc2d,0,2026
james norwood,4294f7fa,0,2022
andrew saalfrank,42a849c9,0,2025
brendan rodgers,42abe3dc,0,2025
alex hoppe,42c5018e,0,2026
luis valbuena,42c7990b,0,2018
grayson greiner,42caf90a,0,2022
chihwei hu,42cdca50,0,2018
brandon marsh,42de9b3f,0,2026
shinsoo choo,42e098b2,0,2020
scott effross,42e63571,0,2025
rodolfo duran,42e88d1a,1,2026
santiago casilla,43077723,0,2018
j j hardy,430a5fcb,0,2017
colton cowser,43222d46,0,2026
jt riddle,43289657,0,2022
kristopher negron,432f0e42,1,2019
zach walters,434d0528,0,2016
adalberto mondesi,435d106c,1,2022
zack gelof,435dcf4d,0,2026
matt hague,437239d6,0,2015
mark zagunis,437b18e8,0,2019
jorge lopez,43901ad9,1,2025
josh james,439428c1,0,2021
bruce zimmermann,43ae4098,0,2026
james loney,43b3e4be,0,2016
joe mauer,43c69595,0,2018
jayvien sandridge,43d3392c,0,2025
connor norby,43d88135,0,2026
darren oday,43d9670a,0,2022
brendon davis,43e48861,0,2022
tanner houck,43e53574,0,2025
j p martinez,43eecb13,1,2024
ryan madson,441d29a9,0,2018
rob scahill,44370feb,0,2018
ryan hanigan,4443bc0f,0,2017
elliot soto,445fce30,0,2020
ervin santana,448a3565,0,2021
austin bibensdirkx,4493f36e,0,2018
eric yardley,44b5735c,0,2021
kevin alcantara,44e79a46,1,2026
nick robertson,44f26b11,0,2024
amos willingham,4519771a,0,2024
franklyn kilome,451bc42a,0,2020
aaron blair,452659d9,0,2017
chasen shreve,45272c9b,0,2024
francisco arcia,456018a2,0,2018
ryan johnson,45914a3e,0,2026
jorge barrosa,45947072,0,2026
kolton ingram,45a043cd,0,2023
brady rodgers,45ad06e8,0,2019
manny machado,45d62ce6,0,2026
sam aldegheri,45d9f9dd,0,2026
jason krizan,45dfe591,0,2022
mickey mcdonald,460ea451,0,2022
mason mccoy,4611954c,0,2025
matt stites,461fd5de,0,2015
mike yastrzemski,46240207,0,2026
adam liberatore,464c1929,0,2018
brian fitzpatrick,46757795,0,2026
kenny rosenberg,4684ff6d,0,2024
brady house,46939669,0,2026
patrick mazeika,469f7207,0,2022
raynel delgado,46a4257c,0,2026
andy parrino,46a702e4,0,2015
yonny hernandez,46acde22,1,2023
pedro ramirez,46d05166,1,2026
gleyber torres,46e27a6f,0,2026
wily peralta,47033146,0,2022
kolten wong,470ef909,0,2023
robbie ray,4717bc15,0,2026
christian moore,4719594e,0,2026
miguel aguilar,47231757,0,2021
marco gonzales,473000c4,0,2026
kirk nieuwenhuis,4735ed06,0,2017
jayson aquino,47550231,0,2017
jose suarez,477e5642,1,2026
oswaldo arcia,4794bc84,0,2016
bryce johnson,479f757b,0,2026
liover peguero,47a4088e,0,2025
matt magill,47aa5066,0,2020
touki toussaint,47aa6933,0,2025
adrian sampson,47b74c9e,0,2022
adbert alzolay,47c9ebc6,0,2024
garrett stallings,47d633f6,0,2026
carmen mlodzinski,47dd296d,0,2026
cc sabathia,47f5b9a0,0,2019
nick goody,48018234,0,2020
kaleb cowart,48086b95,0,2019
trevor oaks,480bea5e,0,2018
jose caballero,48149e83,1,2026
hunter feduccia,482239f5,0,2026
curtis mead,4828b852,0,2026
deyvison de los santos,482c4aa8,0,2026
matt wallner,4835e745,0,2026
marc rzepczynski,483d940e,0,2018
cody morris,48555a48,0,2023
jefry rodriguez,485bfafd,1,2021
hunter wood,48a2b680,0,2021
andres blanco,48a45885,1,2017
austin meadows,48ae5e9c,0,2023
johan camargo,48c88445,0,2023
christian koss,48dde7c6,0,2026
carlos torres,48e241fa,0,2019
drew jackson,48f32671,0,2022
edwin uceta,49019b61,0,2025
tyler olson,491a9365,0,2019
trent thornton,492b9445,0,2026
mayckol guaipe,494d7547,0,2016
matt joyce,494fb0d4,0,2021
mitch harris,496e63cf,0,2015
bryan sammons,4988466d,0,2024
chinhui tsao,498ea310,0,2016
jonathan holder,4992a4c4,0,2020
yerry de los santos,4995ef8f,0,2026
jarrod saltalamacchia,499d0f19,0,2018
ramon cabrera,49a758d3,1,2016
curt casali,49c34556,0,2024
david rollins,49cc996f,0,2016
jayden murray,49ceddc5,0,2026
matt mclain,49e0a124,0,2026
carl crawford,49edc297,0,2016
george kirby,49f01724,0,2026
drew cavanaugh,49f2f611,0,2026
erick fedde,49f9de62,0,2026
zac lowther,49fb3eb6,0,2022
eric fryer,4a331fcb,0,2017
austin adams,4a4fa511,0,2024
weiyin chen,4a661411,0,2019
greg jones,4a850252,0,2026
scott oberg,4aad2103,0,2019
hans crouse,4ab4da81,0,2024
ryan dorow,4abfdc2c,0,2021
rafael flores,4adf790e,0,2026
devin sweet,4ae22766,0,2023
avisail garcia,4ae4ef0f,1,2024
clarke schmidt,4af70aea,0,2025
carlos gonzalez,4b177c4a,1,2019
drew pomeranz,4b252f81,0,2026
dan butler,4b4992f5,0,2018
michael brady,4b53365d,0,2017
chandler simpson,4b5fa8a7,0,2026
adam moore,4b672984,0,2018
byron buxton,4b6d5f1d,0,2026
tim mayza,4b6e3ac1,0,2026
phil ervin,4b76348b,0,2020
xavier edwards,4b81dfc2,0,2026
connor sadzeck,4b83b456,0,2022
ricardo pinto,4b8605b1,0,2024
luis garcia,4b862729,1,2026
damien magnifico,4ba682fa,0,2017
cal mitchell,4baf096b,0,2023
wade leblanc,4bb18454,0,2021
dan robertson,4bc04fad,0,2017
austin dean,4bddf3ff,0,2022
brooks pounders,4c1818ca,0,2019
david freese,4c34501e,0,2019
kevin kelly,4c3cf2bb,0,2026
chris smith,4c408439,0,2017
evan kravetz,4c5f7c70,0,2024
ezequiel tovar,4c61ea0d,0,2026
jairo labourt,4c62e786,0,2017
colin walsh,4c9da00c,0,2016
henry urrutia,4cb5a1ce,0,2015
caleb cotham,4cc53169,0,2016
carlos perez,4cc8a950,1,2023
luis alexander basabe,4cd544e8,0,2020
matt wieters,4cd8a0aa,0,2020
caleb frare,4cdf113e,0,2019
tucker davidson,4cdf1c3b,0,2024
jose marte,4d02a26b,1,2024
cody asche,4d06fcb6,0,2017
anthony gose,4d0f0e00,0,2024
victor martinez,4d1148db,1,2018
dalton guthrie,4d26411c,0,2023
luis escobar,4d5072de,0,2019
joe kelly,4d616ee5,0,2024
chase meidroth,4d662d6e,0,2026
lance mccullers,4d714500,0,2026
chad smith,4d769d4f,0,2023
evan scribner,4d7c6d29,0,2017
nick kurtz,4d9ac392,0,2026
scott kingery,4dac4d42,0,2026
j j hoover,4dc04a90,0,2018
drew carlton,4e0163b0,0,2023
ken giles,4e182998,0,2022
tommy henry,4e1bd668,0,2025
marcus wilson,4e27531f,0,2022
felipe vazquez,4e356628,1,2019
mike moustakas,4e36c31c,0,2023
wesley wright,4e3a0f70,0,2015
grant koch,4e49f528,0,2024
aaron harang,4e6be1a0,0,2015
ryder ryan,4e98ddda,0,2024
brandon bielak,4ea7613b,0,2024
julio teheran,4eabfdb1,1,2024
wyatt mathisen,4ee9977e,0,2021
cade gibson,4efb2808,0,2026
henry davis,4efd1ad8,0,2026
jimmy nelson,4f177a49,0,2021
mike aviles,4f207309,0,2017
jack leiter,4f293fa8,0,2026
jhonny pereda,4f389d87,0,2026
kyle parker,4f73ee64,0,2015
chance sisco,4f823444,0,2021
xzavion curry,4f891cd2,0,2026
alan busenitz,4f98dc4e,0,2024
domonic brown,4fa15d3b,0,2015
hayden harris,4fa1dd7b,0,2025
tyler phillips,4fa4e97a,0,2026
ryan cordell,4fa6e11e,0,2020
felix jorge,4fb5738a,0,2017
brian schlitter,4fb667d9,0,2019
tyler freeman,4fd70135,0,2026
trevor brown,4fdc71cb,0,2016
josh smith,4ff2910f,0,2020
jose urquidy,4ff3c228,1,2026
brandon pfaadt,4ffb4f07,0,2026
ryan sherriff,500fa607,0,2023
justin garza,5022b1cf,0,2025
kyuji fujikawa,502f6b1e,0,2015
ty tice,5043504f,0,2021
omar martinez,5054213c,0,2026
matt andriese,5055bc22,0,2024
chad dallas,5066319e,0,2026
ramon torres,50798083,1,2018
brandon woodruff,5091436e,0,2026
kyle dowdy,50a1805d,0,2022
mccade brown,50c479df,0,2025
kodi whitley,5118af90,0,2022
garrett mcdaniels,5149b1ff,0,2025
brandon drury,514c9fe3,0,2024
jeurys familia,51760087,0,2023
jose barrero,517a439c,1,2025
keyvius sampson,5183222f,0,2016
cade cavalli,51913bf3,0,2026
alex faedo,5198a973,0,2024
logan vanwey,51a05d37,0,2026
erich uelmen,51b1f25b,0,2023
chris rodriguez,51b64aad,0,2021
luke williams,51b99378,0,2026
richard rodriguez,51c62ed4,1,2021
nolan jones,51cc2a77,0,2025
will vest,51cf5706,0,2026
bailey falter,51de83f7,0,2026
sergio santos,51e3b9fa,0,2015
allen cordoba,523671f8,1,2017
zach remillard,5236c650,0,2024
clayton beeter,524a3f14,0,2026
corey ray,5257a7a2,0,2021
michael ynoa,5265a8e9,0,2017
david fry,52671fd1,0,2026
chad kuhl,527377e7,0,2024
kevin correia,527f65ae,0,2015
jose alvarez,5281687e,1,2022
jose osuna,52912db2,1,2020
wilfredo tovar,52a3cf9e,0,2021
deck mcguire,52c951c1,0,2018
vinny capra,52db678d,0,2025
felix hernandez,52dc83e9,1,2019
conner greene,52e0f2cc,0,2021
konnor pilkington,530b3de1,0,2025
jordy mercer,530f3125,0,2021
socrates brito,5325ebb8,1,2019
patrick bailey,53331867,0,2026
taj bradley,534720ff,0,2026
chris archer,5349c1c0,0,2022
brayan rocchio,534f406c,0,2026
jose miranda,53544a62,1,2025
nick castellanos,5359c0df,0,2026
kenny roberts,535da7e1,0,2015
alec bettinger,535e4dd5,0,2021
brandon williamson,5363e7ca,0,2026
chris parmelee,5379f42e,0,2016
elvin rodriguez,537c3ef4,1,2025
bryce eldridge,537cb609,0,2026
luis rengifo,5398c546,0,2026
josh smith,53c21320,0,2026
dominic fletcher,53c2e856,0,2025
bryce miller,53c920be,0,2026
matt pushard,53d1a900,0,2026
ashton goudeau,53e9fa88,0,2022
brandon gomes,53ffd27d,0,2015
luis lara,5401e885,0,2026
brian flynn,540b98a3,0,2019
brandon finnegan,540f20f0,0,2018
connelly early,5415043b,0,2026
chris dominguez,5442b565,0,2015
austin warren,545bbd86,0,2026
trevor hildenberger,546fcfc1,0,2021
jake esch,5470edd0,0,2017
cory luebke,549f3f14,0,2016
carlos rodon,54ae54d8,1,2026
jeremy jeffress,54b63c8d,0,2020
pablo reyes,54f917ef,0,2025
jermaine palacios,551380c7,0,2022
colin moran,551645c0,0,2022
roberto osuna,55190ecf,0,2020
gabriel rincones,552e1bf4,0,2026
david bednar,552e6469,0,2026
riley obrien,553dff54,0,2026
daniel castro,5547f8e0,0,2018
buddy kennedy,55492c09,0,2026
jonny deluca,554b8710,0,2026
cesar hernandez,557e2162,1,2022
albert abreu,5587b31c,0,2023
andrew abbott,55910b6f,0,2026
radhames liz,559cf37f,0,2015
luis castillo,55a14cc8,0,2025
jordan holloway,55aa484f,0,2022
danny mendick,55aba64e,0,2024
asher wojciechowski,55aefe76,0,2021
ty france,55dca75f,0,2026
tony santillan,56009eb6,0,2026
dominic smith,560dbcd9,0,2026
aaron slegers,569a0d8c,0,2021
kyle finnegan,56ba1da7,0,2026
josh smith,56d75729,0,2020
tony barnette,56fe5d3c,0,2019
chad bettis,5705ed41,0,2019
ben deluzio,57461fbf,0,2022
kevin chapman,575549ae,0,2016
logan gillaspie,575f2c7a,0,2025
zach plesac,575fef01,0,2024
adam engel,57763c63,0,2023
drew gagnon,577fc8e1,0,2019
shane drohan,5782bf3a,0,2026
brian bogusevic,5789aede,0,2015
cody ege,57b67154,0,2016
matt beaty,57b837b2,0,2023
joey gerber,57d0e487,0,2026
alex mcfarlane,57d2bfe9,0,2026
juan lagares,57e32373,0,2022
allan dykstra,57e993cb,0,2015
narciso crook,57eeb0ce,0,2022
bernardo flores,57f3b0b2,0,2021
braden bristo,580b23c6,0,2023
luke raley,58117e59,0,2026
trevor gott,5812d9c3,0,2023
raisel iglesias,582b62b3,0,2026
andrew albers,58519a65,0,2021
logan allen,58947ad8,0,2026
chad sobotka,589f9af5,0,2020
taylor guerrieri,58abf84b,0,2019
drake baldwin,58b158bc,0,2026
jeremiah jackson,58cc7e8c,0,2026
cedric hunter,58d93651,0,2016
randal grichuk,58d99fad,0,2026
nori aoki,58f0ceee,0,2017
aaron sanchez,5902282b,0,2022
scott van slyke,590335ae,0,2017
michael toglia,59255f80,0,2025
matt carpenter,592ea21e,0,2024
steve cishek,59544c7b,0,2022
mike marjama,595f5b9d,0,2018
gordon beckham,596135bd,0,2019
mitchell parker,596325b0,0,2026
tyler anderson,5979132a,0,2025
albert almora,597fbaad,0,2022
joe biagini,59989672,0,2021
josh rogers,59a44c70,0,2024
rookie davis,59a9a57e,0,2019
sam gaviglio,59d16760,0,2020
c j wilson,59f1ce35,0,2015
jose cabrera,59f915a2,0,2026
abner uribe,5a040b88,0,2026
riley pint,5a082a25,0,2024
freddy fermin,5a0d3e4c,0,2026
zack cozart,5a3cf00b,0,2019
alfredo gonzalez,5a46ee85,1,2018
alex blandino,5a482045,0,2021
gabriel hughes,5a4f0f7f,0,2026
j t chargois,5a50bc07,0,2024
andruw monasterio,5a55ac62,0,2026
mickey gasper,5a6e870b,0,2026
chase delauter,5a9b12f9,0,2026
greg infante,5aa1a4df,0,2018
john brebbia,5aa42922,0,2026
brandon dickson,5abb9fe8,0,2021
dugan darnell,5abd7864,0,2025
eduardo paredes,5ac47ded,0,2018
noel cuevas,5ad58e4b,0,2019
emilio bonifacio,5ada10db,1,2020
matt reynolds,5ae83298,0,2023
zak kent,5af62fc2,0,2026
nick gardewine,5b05a5f7,0,2018
simon castro,5b0dac1a,1,2017
hunter stratton,5b207081,0,2026
cody hall,5b21dc3b,0,2016
jacob lopez,5b238e02,0,2026
matt sauer,5b39db1c,0,2025
justin wrobleski,5b4ddc81,0,2026
luis guillorme,5b539e20,0,2025
ernie clement,5b59d4fe,0,2026
cole henry,5b6657ed,0,2026
tyler lyons,5b7469e8,0,2020
jake reed,5b7883a6,0,2023
maverick handley,5bb318c3,0,2026
thomas szapucki,5bb541dc,0,2022
ryan helsley,5bbb5c1c,0,2026
andre scrubb,5bdac4e4,0,2021
denyi reyes,5bfc8402,0,2023
rhett lowder,5c0264a4,0,2026
miguel montero,5c097453,0,2018
jake brentz,5c15aa21,0,2022
riley adams,5c1c52b0,0,2025
jose franco,5c283442,0,2026
enyel de los santos,5c53d301,0,2026
yonathan daza,5c63cf74,0,2023
ryan kelly,5c74d476,0,2015
andrew nardi,5c75e86c,0,2026
jb shuck,5c7ac2b1,0,2019
joel peguero,5c85400d,0,2026
vaughn grissom,5c8ffaf7,0,2026
mason williams,5c956efa,0,2021
dylan covey,5ca14585,0,2023
mikie mahtook,5ca1f9f3,0,2019
jordan wicks,5cb7bcff,0,2026
hogan harris,5cc06953,0,2026
kyle teel,5cc7dfe3,0,2026
gordon graceffo,5cccf81a,0,2026
roenis elias,5ccd1190,1,2022
danny ortiz,5cd13524,0,2017
denzer guzman,5cdeffd9,0,2026
jim jarvis,5ce80eb8,0,2026
dj peters,5ce841fc,0,2021
j d hammer,5d19c706,0,2021
jose ramirez,5d20ced7,1,2018
yonny chirinos,5d24f42b,0,2024
nolan gorman,5d335b7c,0,2026
alex gordon,5d3482a5,0,2020
darren mccaughan,5d74a1f5,0,2025
carlos ramirez,5d8e8e71,1,2018
patrick corbin,5d90e0e1,0,2026
bryan baker,5dafa852,0,2026
masataka yoshida,5dbce5bf,0,2026
victor mederos,5dbe130b,0,2026
kean wong,5dcedcd6,0,2021
enrique hernandez,5de74ef4,1,2026
jake bloss,5e0c8156,0,2024
humberto castellanos,5e2d1684,0,2024
jeff samardzija,5e4c0efe,0,2020
gavin cecchini,5e5ec06e,0,2017
d j snelten,5e5f8c74,0,2018
seiya suzuki,5e65a6ae,0,2026
austin voth,5e778622,0,2026
alex colome,5e787cc9,1,2023
jakob marsee,5e79a71c,0,2026
adam oller,5e7c5e7c,0,2024
tommy doyle,5e90b21a,0,2023
edwin arroyo,5e9e3630,0,2026
craig breslow,5ea0e4fa,0,2017
garrett cooper,5eb66cf4,0,2024
taylor rogers,5eb99975,0,2026
justin nicolino,5ecb2221,0,2017
sean keys,5ef25542,0,2026
yu darvish,5efb6f1a,0,2025
francis martes,5f0405ca,0,2017
michael perez,5f1309e7,1,2023
brock holt,5f6323d1,0,2021
oscar gonzalez,5f9ba76d,1,2025
anthony kay,5ff25ef0,0,2026
cj alexander,5ffa5a7c,0,2025
joe barlow,60096e9a,0,2023
david aardsma,6020b1f4,0,2015
aaron civale,603a3487,0,2026
jerar encarnacion,605248a6,0,2026
junior guerra,60555660,0,2021
andrew alvarez,605f081d,0,2026
chris paddack,606031bf,0,2026
marcus walden,608f31cf,0,2020
jhony brito,609315d6,0,2026
jj wetherholt,609747a3,0,2026
jr ritchie,60aa64a6,0,2026
brenton doyle,60e5ec60,0,2026
robert stephenson,60ee2869,0,2025
t j mcfarland,60fa4272,0,2025
shane robinson,6128e02f,0,2018
john lackey,6136c974,0,2017
shogo akiyama,613e9d5c,0,2021
adeiny hechavarria,614c3058,1,2020
niko kavadas,614e49ad,0,2025
chris gimenez,6178c693,0,2018
caleb baragar,61e632b4,0,2021
wikelman gonzalez,61f58b68,1,2025
jack dreyer,61ff803a,0,2026
james kaprielian,6215928c,0,2023
patrick kivlehan,622c9e87,0,2021
andrew heaney,623266f1,0,2025
adam haseley,623e0e60,0,2023
sam deduno,62540694,0,2015
jordan lyles,62586b55,0,2024
blake walston,625ba224,0,2024
blake taylor,625d0034,0,2022
cam schlittler,62679ae8,0,2026
luis mey,626b4053,0,2026
chi chi gonzalez,6278dfa5,1,2023
dauri moreta,628392db,0,2025
brandon walter,6284f67d,0,2025
hisashi iwakuma,6293b884,0,2017
kyle ryan,629b4792,0,2021
aaron nola,62b4d109,0,2026
marcus hatley,62b6bf66,0,2015
mike vasil,62d8480d,0,2025
dan uggla,637059e5,0,2015
dylan cozens,63719224,0,2019
levi jordan,63812dcf,0,2024
luis patino,638189d3,1,2023
greg holland,639bbc74,0,2022
ryan waldschmidt,639db00c,0,2026
jesus rodriguez,63a49ad1,0,2026
jose campos,63a7de3f,0,2016
cooper pratt,63bc6e30,0,2026
beau sulser,63bf6c51,0,2022
brian ogrady,63e6be37,0,2021
trevor cahill,63ea8a28,0,2021
sterlin thompson,640a51b7,0,2026
gerson bautista,6432c429,0,2019
bryce teodosio,64445c21,0,2026
jack lopez,6451a8e5,1,2024
clint barmes,645e2478,0,2015
jimmy herget,64790a8c,0,2026
hunter pence,64a40670,0,2020
justin slaten,64c3f077,0,2026
delino deshields,64dc631c,0,2021
yandy diaz,64dfeef1,1,2026
alfonso rivas,65146d65,0,2023
p j conlon,65205cb5,0,2018
matt peacock,6525f701,0,2022
max scherzer,65381047,0,2026
nathan wiles,65608981,0,2025
dylan moore,6596c8a7,0,2026
george klassen,6597af81,0,2026
carlos corporan,659cc1f9,1,2015
cj abrams,659f674e,0,2026
adam wainwright,65b4a397,0,2023
edgardo henriquez,65b66d1f,0,2026
jose fernandez,65b8bfe1,1,2016
robert hassell,65c98c07,0,2025
chris heston,65ca0a0c,0,2017
ubaldo jimenez,65d8d522,1,2017
max muncy,65e6cf19,0,2026
khalil lee,65fd4402,0,2022
aaron barrett,660d6734,0,2020
gavin williams,660f139f,0,2026
b j upton,661c3c71,0,2016
casey mcgehee,661e2c16,0,2016
bryce elder,6622f351,0,2026
jose valdez,66262d42,1,2018
patrick murphy,662aaa53,0,2022
richard lovelady,663f4abe,0,2026
carson ragsdale,66535f0e,0,2025
woo suk go,665a2f26,0,2026
brent rooker,665cc19a,0,2026
zack thompson,66649237,0,2024
eury perez,6677ec75,1,2026
anthony nunez,667ab30b,0,2026
pj poulin,668c878e,0,2026
nate orf,668dd6c0,0,2020
justin martinez,669c5ecb,0,2025
kevin frandsen,669d364b,0,2015
tirso ornelas,66a1be41,0,2025
brad brach,66b7ac5b,0,2021
carlos santana,66b8643d,0,2026
greg bird,66c2aa54,0,2019
zach penrod,66db65bc,0,2024
dominic leone,66dc0c43,0,2024
sean nolin,66e4d325,0,2023
austin wynns,66ef148b,0,2026
bryan anderson,66f53b6d,0,2015
justin grimm,671abdd8,0,2022
steve geltz,671ad26b,0,2016
domingo leyba,67265e79,0,2021
parker messick,672a40ee,0,2026
ryan mcmahon,6731e251,0,2026
carter jensen,67518f7c,0,2026
kelvin herrera,675213de,0,2020
cesar valdez,6754910b,1,2022
ryan bliss,675b5800,0,2026
mark payton,67768ac9,0,2022
drew millas,6793f127,0,2026
michael kirkman,67990d0a,0,2016
jose urena,679ade4d,1,2025
cody stashak,67b8f940,0,2022
efren navarro,67ca5adc,0,2018
alan rangel,67e7da06,0,2026
sean osullivan,67ff8ea7,0,2016
jake newberry,6802e516,0,2021
silvino bracho,68185e53,0,2023
donnie hart,6824f21f,0,2019
rocky gale,682a49ca,0,2019
christian bergman,682ff57a,0,2018
alek thomas,68405d9b,0,2026
ji man choi,68466eb4,0,2023
enderson franco,684fdfff,0,2019
joey wendle,68556f19,0,2024
tyler collins,685c846a,0,2017
reiss knehr,686b1b28,0,2023
kyle lobstein,688c291a,0,2021
tyler duffey,68ad4b19,0,2024
brett phillips,68b2bcf7,0,2023
shelby miller,68bd3b08,0,2025
jharel cotton,68bf2714,0,2022
tanner gordon,68c267b5,0,2026
doug bernier,68ce17ad,0,2015
owen murphy,68d2a91a,0,2026
magneuris sierra,68d9b6e8,0,2022
ryan bergert,68f2296c,0,2025
luke jackson,68fc25c1,0,2025
bradley blalock,69098d97,0,2025
tony kemp,69285de8,0,2024
fernando rodney,697d2f96,0,2019
reed garrett,697e5193,0,2025
stephen vogt,699924e2,0,2022
alex claudio,69bcbf1b,0,2023
luis perdomo,69c08698,0,2022
heath hembree,69c5c148,0,2023
rafael lopez,69d10314,0,2018
michael feliz,69e02ef8,0,2022
joe boyle,69e23bb1,0,2026
seth johnson,69e647f7,0,2026
chad pinder,69eedffa,0,2022
myles straw,69f1457a,0,2026
conner menez,69fac730,0,2022
brett wisely,69fcce71,0,2025
steven souza,6a4c049c,0,2022
kyle seager,6a4dff11,0,2021
landon knack,6a56e79c,0,2026
todd cunningham,6a587464,0,2016
tyler wagner,6a5a59fc,0,2016
connor seabold,6a5ae81f,0,2026
drew romo,6a5bd59c,0,2026
eddie rosario,6a5df1e4,0,2025
josh lindblom,6a648ede,0,2021
gio urshela,6a64fbf4,0,2025
derek dietrich,6a8b267f,0,2020
carlos martinez,6a9263d7,1,2021
christian lopes,6aa70716,0,2022
brendan white,6aab81a2,0,2023
jacob misiorowski,6ab58e2f,0,2026
joaquin benoit,6abb3005,1,2017
yordan alvarez,6abe077d,1,2026
j t ginn,6aca853b,0,2026
tyler thornburg,6af72c6a,0,2022
evan justice,6b1d203e,0,2024
joe wieland,6b2bc0c1,0,2016
paul goldschmidt,6b37a7f2,0,2026
brandon cunniff,6b39e627,0,2016
gabriel ynoa,6b3af7bb,0,2019
bryan reynolds,6b3d4f0c,0,2026
ford proctor,6b405d14,0,2022
ryan carpenter,6b4aa974,0,2019
adam jones,6b5be20a,0,2019
nolan schanuel,6b5d784d,0,2026
alex avila,6b72d623,0,2021
michael kohn,6b7e0856,0,2015
michael chavis,6b93448c,0,2023
kendry flores,6b94268e,0,2016
casey legumina,6ba38609,0,2026
sam dyson,6bb1a352,0,2019
aaron schunk,6bc2ce83,0,2025
yunior tur,6bd868e3,0,2026
james bourque,6bda7205,0,2020
kyle lohse,6bf76063,0,2016
tyler stephenson,6bf7b25c,0,2026
jaime schultz,6c3138d2,0,2019
luis contreras,6c43e610,0,2025
konnor griffin,6c48a3d6,0,2026
jose corniell,6c75f9b3,0,2026
tommy troy,6c8fd99d,0,2026
bryan garcia,6c92f787,0,2022
luke weaver,6ca46e85,0,2026
andres machado,6cb2c853,1,2023
gavin lux,6cb7b855,0,2025
joe smith,6cc375ca,0,2022
yainer diaz,6cdb363e,0,2026
brayan bello,6cf5eb59,0,2026
jovani moran,6d00497b,1,2026
jeremy pena,6d0c2e4f,1,2026
oscar mercado,6d136ca4,1,2023
evan carter,6d141f51,0,2026
matt mervis,6d1b2722,0,2025
tim adleman,6d1e0e9e,0,2017
austin jackson,6d2b4426,0,2018
gosuke katoh,6d2db3c2,0,2022
tanner rainey,6d44c771,0,2025
aristides aquino,6d4734b4,0,2022
gus varland,6d5f96cf,0,2026
luis peralta,6d62795b,0,2025
tyler wade,6d700e8a,0,2025
ian krol,6da62e59,0,2021
grant taylor,6db473f3,0,2026
ariel pena,6db90837,1,2016
dale thayer,6dbd13a9,0,2015
xavier cedeno,6dd8e74a,1,2019
dustin molleken,6df248c8,0,2016
roel ramirez,6df7e264,1,2021
pat dean,6e0b7b32,0,2016
starlin castro,6e20abd5,0,2021
luis oviedo,6e32fbd5,0,2021
edwin rios,6e50937c,1,2024
chad qualls,6e5ad026,0,2017
tommy pham,6e62bd4f,0,2026
jason heyward,6e6ea4f3,0,2025
josh lucas,6e7b57f5,0,2019
matt west,6e894fbc,0,2015
braden shipley,6e923ab0,0,2018
calvin faucher,6ea4b764,0,2026
julian fernandez,6ea8df5c,1,2026
jacoby jones,6eab178b,0,2021
chandler shepherd,6ebc0bd3,0,2019
paolo espino,6eca6bc0,0,2024
cam hill,6ecee74b,0,2020
caleb smith,6ee27bd9,0,2022
sam howard,6f0d63b9,0,2022
dane myers,6f24950c,0,2026
brayan pena,6f3653e3,1,2016
caleb hamilton,6f3d5d52,0,2023
joey cantillo,6f4d7440,0,2026
pavin smith,6f6c11d6,0,2026
dakota bacus,6f885092,0,2020
alex wilson,6f8b68fc,0,2019
billy hamilton,6f8c5e3c,0,2023
tim cooney,6f8f9da2,0,2015
david dahl,6f9ae0cb,0,2024
hector velazquez,6fa580f8,1,2019
tyler glasnow,6fa86f5b,0,2026
casey lawrence,6fbb379f,0,2025
melky cabrera,6fca0aa0,0,2019
ivan johnson,6fdc4669,0,2026
ray kerr,6fdcfe74,0,2024
ron marinaccio,6ff1e71e,0,2026
bennett sousa,7032df11,0,2026
bobby poyner,703b34eb,0,2019
parker bridwell,703f7d8c,0,2018
charlie culberson,7040e198,0,2023
tyler goeddel,7050028e,0,2016
jedixson paez,705fc598,0,2026
juan mejia,70658f9f,0,2026
tyler payne,7069f52c,0,2021
dustin pedroia,706b7da2,0,2019
jake meyers,706fb7e4,0,2026
joshua kurodagrauer,70744a11,0,2026
hoy park,707cdf6c,0,2022
dee strangegordon,709a21a2,0,2022
tyler locklear,70a964a2,0,2026
james russell,70ab8bf7,0,2016
juan yepez,70ca4045,0,2024
nacho alvarez,70ce5021,0,2025
wenceel perez,70dd19e5,1,2026
jose rojas,70f4cf84,1,2022
logan davidson,712090df,0,2025
pete kozma,7120d8bb,0,2021
huston street,7134b78e,0,2017
jake barrett,7143656a,0,2019
rickie weeks,7151f00b,0,2017
maikel garcia,715221b5,1,2026
seranthony dominguez,715cb940,1,2026
dillon gee,71682d04,0,2017
payton tolle,717e8c9d,0,2026
alex wells,71a82f57,0,2022
freddy peralta,71ab5f47,0,2026
colt emerson,71b38c87,0,2026
will dion,71b747f6,0,2026
rony garcia,71ba78fe,1,2022
peter moylan,71bba5eb,0,2018
rico garcia,71d2ed8c,0,2026
scott carroll,71f84806,0,2016
jose ferrer,71f99ea3,1,2026
brad lord,72104acb,0,2026
tim federowicz,721970e2,0,2019
rosell herrera,723943c9,0,2019
ben williamson,7246a254,0,2026
bryan hoeing,725375fc,0,2025
mike morse,728466d8,0,2017
williams jerez,7287e66d,0,2019
jim johnson,7294525e,0,2018
eli morgan,7296e745,0,2026
enny romero,72a0f5fc,0,2018
nick pratto,72a42566,0,2024
nolan reimold,72a75f62,0,2016
paul sewald,72a9378a,0,2026
prelander berroa,72b73dd7,0,2024
jason grilli,72c53aee,0,2017
travis wood,72c69942,0,2017
danny espinosa,72eadac9,0,2017
buster posey,72f6f665,0,2021
angel martinez,730d0a1a,1,2026
tyler sturdevant,73130f75,0,2016
neil walker,7321acd8,0,2020
francisco alvarez,7322c14f,1,2026
ryan dull,732dfe8a,0,2019
ryan pepiot,733c0759,0,2025
aaron ashby,733df4eb,0,2026
adam warren,736b8eb5,0,2019
peter lambert,73851ae5,0,2026
adam lind,738719e3,0,2017
blake snell,739ff127,0,2026
corey seager,73dd747b,0,2026
ryne harper,73f98110,0,2021
chase headley,74071442,0,2018
paulo orlando,740cab63,0,2018
jakson reetz,740e5f57,0,2024
derek norris,74176dbd,0,2017
jose cisnero,74349db0,1,2024
ryan thompson,74526912,0,2026
nathan adcock,74556c6f,0,2015
rafael betancourt,74609114,0,2015
antwone kelly,74623a6f,0,2026
khristian curtis,7465c7e2,0,2026
jeff bianchi,746bb717,0,2015
bobby lafromboise,74902851,0,2015
zac thornton,749e468d,0,2026
a j ellis,74a2eac1,0,2018
tsungche cheng,74af585d,0,2026
justin crawford,74b1cdf1,0,2026
reese mcguire,74e4a496,0,2026
anthony bass,74eae72f,0,2023
mario feliciano,74f4550f,0,2022
daulton varsho,74fc43a2,0,2026
mac williamson,750b7ed9,0,2019
mike wright,75103df0,0,2021
ricky vanasco,7535ed4f,0,2026
luis morales,7579a1fb,0,2026
bryse wilson,7579a9a4,0,2026
javy guerra,75913b42,0,2023
orion kerkering,759a25f5,0,2026
anthony veneziano,75a8d62c,0,2025
jt brubaker,75b3d2c3,0,2026
bowden francis,75d6364c,0,2025
nick allgeyer,75e19ecd,0,2021
tyler cravy,75f56d78,0,2016
hector gomez,761971ad,1,2015
austin hays,7631bdc6,0,2026
jake noll,764b685e,0,2020
shane smith,7671e803,0,2026
blake rutherford,767ba61c,0,2023
jose briceno,767cf632,1,2020
yu chang,7693e818,0,2023
wandy rodriguez,769adf41,1,2015
daniel bard,76c57bba,0,2023
tyler oneill,76d31fbd,0,2026
christian yelich,76d9fda9,0,2026
danny santana,76e29709,0,2021
arismendy alcantara,76f27af1,1,2017
esmerlyn valdez,770dfa1d,0,2026
tyler skaggs,77235434,0,2019
cade marlowe,774472f3,0,2024
tommy layne,776b9313,0,2017
breyvic valera,77877d2c,0,2021
joe la sorsa,778f1e1a,0,2026
joe perez,77b05099,0,2022
jose herrera,77b5acc3,1,2025
luke little,77c29974,0,2026
reid detmers,77dfd1bb,0,2026
luis curvelo,77f07788,0,2026
cody decker,77f890b3,0,2015
elvis araujo,780c10d2,1,2016
pete fairbanks,78192d4b,0,2026
tom harrington,7827f120,0,2025
bobby wahl,7828a333,0,2020
mike foltynewicz,7833ac33,0,2021
steve pearce,787544d5,0,2019
brandon valenzuela,7879b553,0,2026
willi castro,787b2ac6,0,2026
ryan tepera,788ff229,0,2023
robert andino,7894e4a8,0,2016
ian miller,78d808f8,0,2020
sam tuivailala,78e41f42,0,2019
zach duke,78e5c7bc,0,2019
ben joyce,78e899e6,0,2025
justin smoak,7903ca59,0,2020
ben rortvedt,790b568f,0,2025
junichi tazawa,79124d7d,0,2018
tim herrin,7931c9c0,0,2026
sam fuld,796da1ce,0,2015
lake bachar,798c0be9,0,2026
adam cimber,798c1597,0,2024
ryan borucki,799220ab,0,2026
zach eflin,79ce621b,0,2026
torii hunter,79f9873b,0,2015
marwin gonzalez,7a0ac8cc,1,2022
allen webster,7a0e5016,0,2019
gio gonzalez,7a17bcd7,0,2020
nevin ashley,7a1d4bb0,0,2015
kohl drake,7a218f0a,0,2026
sam travis,7a27c6e1,0,2019
will venable,7a5975a3,0,2016
robbie grossman,7a76b501,0,2024
steve hathaway,7a7e1725,0,2016
daniel norris,7a9fde92,0,2023
tim lincecum,7aa1ec7f,0,2016
brett de geus,7aa6c313,0,2025
cole sands,7aaba386,0,2026
phil klein,7abe2c34,0,2016
matt wotherspoon,7ac3c36c,0,2019
jordan weems,7acf50be,0,2025
cody stanley,7ad8e7ce,0,2015
jose pirela,7af39fd2,1,2019
ryan ohearn,7b084b1d,0,2026
robert whalen,7b085015,0,2018
stephen nogosek,7b19da06,0,2023
james jones,7b1cf062,0,2015
artie lewicki,7b334004,0,2020
joe nathan,7b76be79,0,2016
john means,7b79141f,0,2024
jake walsh,7b826553,0,2022
j p crawford,7b8bd81f,0,2026
dustin garneau,7b8f246d,0,2022
trea turner,7ba8f9ac,0,2026
gavin floyd,7bb397ed,0,2016
matthew lugo,7bb872b4,0,2025
dustin mcgowan,7bdf71fc,0,2017
renato nunez,7bfd5458,1,2021
arcenio leon,7c0b7e9e,1,2017
mauricio llovera,7c1b3a4c,0,2023
nate karns,7c1cd208,0,2019
ryan rolison,7c35ba86,0,2026
ryan feltner,7c5d0a52,0,2026
yohander mendez,7c7bac6f,1,2019
luis gastelum,7c7ffb50,0,2026
jhan marinez,7c89ba9f,1,2018
osleivis basabe,7c97331e,0,2026
max schuemann,7caae4be,0,2026
russell martin,7cc624f8,0,2019
julio urias,7cc7fb70,1,2023
cristian javier,7cfb0ef8,0,2026
jake smith,7d0ca363,0,2016
trent giambrone,7d101896,0,2021
kendall graveman,7d245886,0,2025
brent morel,7d3ec7a5,0,2015
juan morillo,7d56b3ba,0,2026
will middlebrooks,7d65d9ce,0,2017
christian walker,7d9cbe12,0,2026
ashur tolliver,7da72897,0,2017
juan perez,7da75f36,1,2015
walbert urena,7dc4ee5a,1,2026
onelki garcia,7dd0a609,1,2017
sean reynolds,7dd898c3,0,2025
alex verdugo,7de40bd0,0,2025
logan verrett,7e11b222,0,2017
kevin siegrist,7e4136d0,0,2017
joe mantiply,7e4f5711,0,2026
nick duron,7e515ddc,0,2022
walter pennington,7e74670f,0,2024
matt kemp,7e7c9f53,0,2020
ronnie dawson,7e7ebe04,0,2022
aaron northcraft,7e86d18d,0,2021
joey rickard,7e8aa7eb,0,2020
justin morneau,7e901a77,0,2016
weston wilson,7eaa8a6b,0,2026
joe mccarthy,7eadf82c,0,2020
brenan hanifee,7eae1678,0,2026
colton murray,7ecd7cf2,0,2016
leonel campos,7ed9afe4,0,2017
josh simpson,7edcce0f,0,2026
drew maggi,7ee2cfcf,0,2023
ezequiel carrera,7eeab24a,0,2017
lisalverto bonilla,7ef315a9,0,2017
chris stratton,7f087dfc,0,2025
everson pereira,7f114ac2,0,2026
braxton ashcraft,7f2a9893,0,2026
will wilson,7f43299e,0,2026
p j higgins,7f596a85,0,2026
jesmuel valentin,7f5d30a9,1,2018
anthony rendon,7f641c08,0,2024
alfredo simon,7f7573f2,1,2016
richie martin,7f7dd44c,0,2022
jorge guzman,7f95f67d,1,2021
justin dean,7f9c1810,0,2026
cole winn,7fc89aae,0,2026
david wright,7ff00997,0,2018
dillon overton,802c3a6f,0,2017
michael taylor,802ecc1a,0,2025
orlando calixte,80404b28,0,2017
jeff brigham,8044d8a1,0,2025
enrique burgos,80615d07,0,2016
aaron bummer,807bcbd5,0,2026
rio ruiz,8080aa83,0,2021
hector sanchez,808d3c82,1,2017
jose soriano,80a7fa21,1,2026
jorge mateo,80aea907,0,2026
tony cruz,80bb364b,0,2018
joba chamberlain,80d9ab7c,0,2016
willians astudillo,80de5342,0,2022
travis tartamella,80e000fe,0,2015
conor gillaspie,80fd4897,0,2017
jasson dominguez,812c9b21,1,2026
david holmberg,81348e23,0,2017
luis jimenez,813d7d3c,1,2015
ben peoples,815d53ec,0,2026
rafael dolis,817140c4,0,2021
max stassi,8177caac,0,2022
moises sierra,81797929,1,2018
garrett stubbs,818131ee,0,2026
andres gimenez,8188888f,1,2026
cheslor cuthbert,818f50a3,0,2020
kyle freeland,8195b39a,0,2026
john king,81a8de23,0,2026
spencer howard,81b7050a,0,2024
matt dominguez,81e203bb,0,2016
codi heuer,820474ec,0,2026
denard span,82184487,0,2018
alec asher,821aa596,0,2018
ben lively,822a6014,0,2025
brice turang,822e8fd1,0,2026
damon jones,82618b9e,0,2022
alek manoah,8261a415,0,2026
roman mendez,828d14cc,1,2015
connor wong,828fca73,0,2026
hector noesi,82ac92a8,1,2019
michael papierski,82eb9d9a,0,2022
patrick weigel,82f12c0d,0,2021
carlos ruiz,82fb57c3,0,2017
devin williams,830910a2,0,2026
ky bush,830e66cb,0,2024
austin pruitt,830f8bd8,0,2024
edwin jackson,832887f7,0,2019
wilyer abreu,832a7134,0,2026
jack kruger,833b9ba9,0,2021
troy taylor,833d4103,0,2025
brandon snyder,8347f316,0,2018
jedd gyorko,835f0340,0,2020
trevor plouffe,8390a56e,0,2018
jared solomon,839241db,0,2022
david carpenter,8396598e,0,2015
gavin stone,83b759fc,0,2024
tyler davis,83c28ff1,0,2026
christian vazquez,83e3e806,1,2026
brian miller,83fcb24b,0,2021
tyler uberstine,84304cfb,0,2026
travis bazzana,8435ac1d,0,2026
edgar santana,84569f8f,0,2021
mike freeman,845adace,0,2021
braden shewmake,846922fa,0,2026
j p feyereisen,848106a1,0,2025
zac rosscup,848c8cfa,0,2021
steve selsky,848dec11,0,2017
wilmer font,84a26bd2,0,2020
matt mcbride,84b8f7d9,0,2016
casey janssen,84bc8b34,0,2015
reymin guduan,84c727f7,0,2021
andres chaparro,84c91f94,1,2026
mike morin,84de629b,0,2020
jared hoying,84e035aa,0,2021
kaleb ort,84e6b91b,0,2025
david goforth,84f5900d,0,2017
franklin gutierrez,84f74f49,1,2017
jared triolo,85034516,0,2026
erasmo ramirez,8506064a,1,2025
mark appel,850a4667,0,2022
angel sanchez,85189d60,1,2017
robert suarez,856092e1,0,2026
kaai tom,8561fb03,0,2022
jason marquis,8566f716,0,2015
isaiah campbell,856b3948,0,2025
ryan miller,8577fe93,0,2024
sugar ray marimon,857dc25e,1,2015
cesar vargas,8589540e,1,2016
corey hart,85add48a,0,2015
james hoyt,85cab842,0,2021
tatsuya imai,85d5b0a5,0,2026
david paulino,85f0b4be,0,2021
royce lewis,85f3b9a9,0,2026
rob kaminsky,85f53f9c,0,2020
riley greene,8605b494,0,2026
austin kitchen,86151a3b,0,2024
darell hernaiz,861cbeaa,0,2026
a j achter,86311a26,0,2016
jaden hill,86431098,0,2026
javier sanoja,8645de29,0,2026
joseph odom,864d6c07,0,2021
spencer bivens,86501fa5,0,2026
alan trejo,8651c006,0,2025
demarcus evans,86568b4b,0,2021
t j rivera,8657c56c,0,2017
manny parra,867149fc,0,2015
craig kimbrel,869305cd,0,2026
jimmy rollins,8699e9a8,0,2016
trei cruz,86b1e4fb,0,2026
adam loewen,86bf17ee,0,2016
ethan roberts,86c5549c,0,2026
sammy solis,86cb2ff7,1,2018
matt barnes,86e361de,0,2024
a j schugel,86f92b2c,0,2017
jake brigham,8707a87b,0,2015
victor mesa,87226322,0,2026
matt brash,8723f0e4,0,2026
steward berroa,8728c5a5,0,2026
weichieh huang,872e89bc,0,2019
robert gasser,874121e2,0,2026
carlos cortes,874b7de4,0,2026
carter baumler,874dfb4e,0,2026
miguel sano,87574107,1,2024
akeem bostick,875b102c,0,2021
sean burnett,8767088d,0,2016
jacob young,878c025c,0,2026
felix doubront,8791d571,1,2015
eric surkamp,8798f71d,0,2016
eric hanhold,879f639d,0,2021
jose leclerc,87dee7d5,1,2025
giancarlo stanton,87f6986b,0,2026
daniel webb,87ff6af1,0,2016
jose fernandez,880f2c44,1,2018
estevan florial,88154183,0,2024
cody carroll,881fe25e,0,2020
jeff baker,8838ac84,0,2015
isan diaz,88397c2a,1,2023
brandon lockridge,88540d66,0,2026
marco raya,886dd9ce,0,2026
tylor megill,886e9477,0,2025
chadwick tromp,88874cc0,0,2026
jorge de la rosa,889294fd,0,2018
william woods,88ade777,0,2022
cody bradford,88b22abb,0,2024
tom koehler,88b9f743,0,2017
jamie callahan,88c26294,0,2017
edmundo sosa,88d33450,0,2026
luis barrera,88ec45d3,0,2022
kirk mccarty,88f40ffa,0,2022
jose iglesias,89048053,0,2025
drew ellis,89435f0f,0,2023
bobby bradley,8952b4f5,0,2022
michael mcgreevy,897aead5,0,2026
brycen mautz,8985eca4,0,2026
josh lowe,89993d7d,0,2026
nick avila,89997407,0,2024
roberto perez,89cc0c28,1,2023
jack little,89e766f6,0,2025
daniel robert,89ef6d76,0,2025
ricardo rodriguez,89ef8304,1,2018
ryan fitzgerald,89f0114e,0,2025
cody reed,8a041303,0,2021
pedro strop,8a17dcbc,0,2021
charlie barnes,8a1da0aa,0,2026
sam coonrod,8a21153d,0,2023
matt carasiti,8a21b2ba,0,2024
ben rice,8a617cf2,0,2026
ryan yarbrough,8a6afdc7,0,2026
shun yamaguchi,8a829ca6,0,2020
gabriel arias,8a8f1711,0,2026
kyle lewis,8a997df1,0,2023
jordan schafer,8aa73287,0,2015
ryan pressly,8aa8fe68,0,2025
taylor hearn,8ab05d8d,0,2023
andy pages,8ab80f5b,0,2026
ender inciarte,8abe043b,0,2022
vinnie pestano,8abea27c,0,2015
jacob latz,8acacbbd,0,2026
kazuhisa makita,8ad06f47,0,2018
ryan cook,8adcc53a,0,2018
nicholas padilla,8b081ee2,0,2023
tim anderson,8b0ef2c7,0,2025
cam smith,8b19aa20,0,2026
mason fluharty,8b1c7aae,0,2026
randy wynne,8b1eab5f,0,2025
joe jacques,8b2850a1,0,2024
michael conforto,8b2cf761,0,2026
steven wright,8b308377,0,2019
jay bruce,8b3e7472,0,2021
ryan braun,8b4db8f5,0,2020
lawrence butler,8b67bdca,0,2026
eric stout,8b729ea5,0,2022
braden montgomery,8b796b2d,0,2026
yadier molina,8b7c404b,0,2022
jase bowen,8b9fa3b6,0,2026
bryan de la cruz,8bdd1450,0,2026
kyle nicolas,8be06eeb,0,2026
cavan biggio,8be947cf,0,2025
julio borbon,8c00411d,0,2016
alejandro osuna,8c04349e,0,2026
yohel pozo,8c19f251,0,2026
edward cabrera,8c1ad740,0,2026
christopher morel,8c1c5a6d,0,2026
ryder jones,8c1e60e8,0,2018
justin haley,8c277053,0,2018
josmil pinto,8c292381,0,2016
pedro araujo,8c6bbeab,1,2019
trey amburgey,8c8211c5,0,2021
luis garcia,8c9783d7,1,2025
maikel franco,8c9802d5,0,2022
drew smyly,8cac4c30,0,2024
perci garner,8cb3a573,0,2016
jesus tinoco,8cb4f599,1,2025
connor overton,8cd34d60,0,2023
cory spangenberg,8ce77fb0,0,2022
corey julks,8cfe7aa5,0,2025
simon muzziotti,8d09aeda,1,2022
rajai davis,8d0f172a,0,2019
sandro fabian,8d17e89e,0,2024
preston tucker,8d296a24,0,2018
kervin castro,8d2b52cf,0,2026
ryan mattheus,8d3026d5,0,2015
isaac collins,8d356f58,0,2026
micah johnson,8d579736,0,2017
nick margevicius,8d793806,0,2021
ryan rua,8d81ed62,0,2018
richard bleier,8d877890,0,2023
kelvin marte,8d9caac6,0,2016
josh ekness,8da48072,0,2026
raymond burgos,8dcf5c85,0,2024
daniel duarte,8dd51516,0,2026
simeon woods richardson,8ddd41a2,0,2026
oswald peraza,8debd41f,0,2026
dj stewart,8df41830,0,2024
zach muckenhirn,8e1f52cf,0,2023
stefan crichton,8e2d5b7b,0,2021
jon moscot,8e334012,0,2016
elehuris montero,8e34e223,0,2024
jayson werth,8e4a3c7f,0,2017
nick hernandez,8e4fac76,0,2025
dillon dingler,8e550d12,0,2026
kyle mccann,8e78d7ca,0,2024
spencer patton,8e79ff41,0,2023
jack brannigan,8eac3bb5,0,2026
philip gosselin,8eb0be4e,0,2022
jeff francis,8ed48c25,0,2015
wes benjamin,8ee7c964,0,2021
james mccann,8eeedad0,0,2026
murphy smith,8efd3691,0,2018
david hess,8efdef6d,0,2021
tyler webb,8f0071d3,0,2021
diego moreno,8f029757,0,2017
jeff francoeur,8f25f690,0,2016
reese olson,8f321900,0,2025
pedro florimon,8f5618f2,1,2018
kirby yates,8f8b26e6,0,2026
zach pop,8f8cae7d,0,2026
gabriel guerrero,8fbfd8ee,0,2018
jose rondon,90007a42,1,2021
frank schwindel,90078695,0,2022
miguel vargas,90083a6f,0,2026
brennan boesch,901e0787,0,2015
edouard julien,9037e817,0,2026
alberto rosario,903f0052,0,2017
brett martin,9052f895,0,2022
jhoan duran,90545b3f,1,2026
glen perkins,905a130e,0,2017
joakim soria,905d797d,0,2021
jarren duran,905f884b,0,2026
brent headrick,90760216,0,2026
jack anderson,90972b77,0,2026
chris rowley,90a0e373,0,2018
lewis thorpe,90a68cd9,0,2021
rich hill,90b8d4c9,0,2025
dashawn keirsey,90c264ab,0,2025
tim stauffer,90c834fe,0,2015
chris smith,90d7643e,0,2017
braxton lee,90dd4810,0,2018
brendan ryan,90eac210,0,2016
rey fuentes,9105bda5,0,2017
tyler kinley,910abaf7,0,2026
rafael devers,910d1ca4,0,2026
tom cosgrove,910ff6be,0,2026
yanquiel fernandez,9132d6fc,1,2025
frank garces,91358fbc,1,2015
dinelson lamet,913c86cb,0,2024
luis vazquez,913f892e,1,2025
quintin berry,915c2314,0,2017
grant dayton,91652aca,0,2021
steve johnson,916596df,0,2016
john rave,917b2744,0,2026
andy wilkins,91ae0e44,0,2016
max clark,91b962d9,0,2026
eric campbell,91bba777,0,2021
spencer miles,91fcc02d,0,2026
pedro baez,9213f4a4,1,2022
drew sommers,92150fcb,0,2026
jorbit vivas,92309817,0,2026
mike kickham,92525a9c,0,2021
karl kauffmann,9274855a,0,2023
zach lee,92840651,0,2017
tsuyoshi wada,929dee89,0,2015
tejay antone,92a05070,0,2026
dan vogelbach,92a05b76,0,2024
joey lucchesi,92c172c7,0,2026
jorge rondon,92c8f2fd,0,2016
sean guenther,92da4db8,0,2025
sandy leon,92ecb68a,1,2026
alex cobb,92f8e737,0,2024
tomoyuki sugano,933a810a,0,2026
andrew mckirahan,933cab6b,0,2015
jeff beliveau,9348f3a9,0,2018
jake bennett,9373a36a,0,2026
derek fisher,937b547c,0,2021
hayden birdsong,93c69aad,0,2025
jose abreu,93df872d,1,2024
alberto callaspo,93e583ae,0,2015
j d martinez,94144588,0,2024
zach reks,9414c99b,0,2022
santiago espinal,941d607b,0,2026
marcelo mayer,942bc316,0,2026
noah murdock,946072b4,0,2026
jack larsen,946482b2,0,2022
grant mccray,9480c376,0,2026
william cuevas,948eaa2c,0,2018
jacob lindgren,94930688,0,2015
trenton brooks,94c26964,0,2025
luis castillo,94d73de0,0,2026
darwin barney,94e40c01,0,2017
jose azocar,94ed96a5,1,2026
spencer horwitz,9520bd9a,0,2026
michael soroka,953602ee,0,2026
lucius fox,9537b4f5,0,2022
justin lawrence,95469265,0,2026
kyle nelson,95534d56,0,2025
seunghwan oh,955af95f,0,2019
ryan jeffers,956d796e,0,2026
tyson miller,95701e32,0,2024
jhonathan diaz,9570a033,1,2025
buddy carlyle,9585fee7,0,2015
thomas field,9595d688,0,2015
kyle crockett,95a5c06f,0,2018
jack suwinski,95b86cc1,0,2025
zack collins,95c1bfe2,0,2023
travis lakins,95c7d2bd,0,2022
jake arrieta,95cae16c,0,2021
yefry ramirez,95cc274e,1,2021
owen caissie,9607e458,0,2026
hansel robles,96119cc4,0,2022
mark leiter,9617c075,0,2026
jonah heim,961b4f7c,0,2026
cristofer ogando,96222d10,0,2022
irving lopez,963b540a,0,2023
dylan coleman,9640917a,0,2024
jose quijada,9673911b,1,2025
j t realmuto,969737fb,0,2026
jhoulys chacin,969988d7,1,2022
alex freeland,96a90a6b,0,2026
roddery munoz,96b003ab,1,2026
adael amador,96b67868,0,2025
andrew hoffmann,96bc3c0c,0,2026
franco aleman,96be2b9a,0,2026
blake dunn,96d6b784,0,2026
brian ellington,96db7afa,0,2017
grady sizemore,96effab9,0,2015
steven okert,97062d7b,0,2026
jesse hahn,97103942,0,2025
bobby wilson,9712acd3,0,2019
colin rea,972e9d50,0,2026
craig yoho,972edc22,0,2026
taylor rashi,97328678,0,2026
cole ragans,97401783,0,2026
ty adcock,9741e0e3,0,2025
matthew bowman,9751d980,0,2025
nathan church,9754ea1e,0,2026
guillermo heredia,97740c10,0,2022
aaron laffey,97930a9e,0,2015
tim tawa,97a7462f,0,2026
brandon mccarthy,97b700c0,0,2018
caleb freeman,97d0459e,0,2025
erick aybar,97da5284,0,2017
cameron weston,97e79d91,0,2026
mike leake,97ef61ed,0,2019
justin shafer,97f2fd49,0,2020
matt szczur,97f3af28,0,2018
thomas eshelman,97f5e7a9,0,2021
kevin padlo,97fdfdca,0,2023
david peterson,98179b77,0,2026
steele walker,981f7bd8,0,2022
steven matz,9820bad7,0,2026
jo adell,98252b93,0,2026
julio rodriguez,984393c9,1,2026
jacob may,984d9cbf,0,2017
daniel susac,984e8acf,0,2026
steven kwan,98527e8c,0,2026
randy dobnak,98703734,0,2026
esteban quiroz,98715073,0,2022
dan camarena,988c67a3,0,2021
matt harvey,988cf862,0,2021
cristian mena,9892390d,0,2025
brian dozier,98b629aa,0,2020
jandel gustave,98dd92b7,0,2022
sam freeman,98f9b408,0,2020
jake marisnick,990384cb,0,2023
derek law,990563c1,0,2024
kyle karros,990a80f3,0,2026
colby rasmus,991bd385,0,2018
seth brown,991e26af,0,2025
amir garrett,9922ad1c,0,2024
michael petersen,992e0dc6,0,2026
harrison bader,99392937,0,2026
jonatan clase,993b4079,0,2026
will banfield,99641884,0,2025
tanner scheppers,9965488b,0,2017
barrett astin,9967c5fe,0,2017
ty blach,996b6d36,0,2026
asdrubal cabrera,996f2f46,1,2021
brooks brown,997b82d4,0,2015
alec bohm,99837e34,0,2026
anthony bender,999ce7ea,0,2026
casey kelly,999de146,0,2025
jordan walker,99a4bac3,0,2026
zach neto,99c490f1,0,2026
beau burrows,99caa214,0,2021
casey fien,99d0d75b,0,2017
phillip evans,99d1d2cf,0,2021
steven brault,99f49e08,0,2022
yoshihisa hirano,9a02967e,0,2020
juan brito,9a0c9c7f,0,2026
mitch spence,9a1cce2c,0,2026
tom gorzelanny,9a540102,0,2016
matt krook,9a8ae495,0,2026
tayler saucedo,9a9ffc0e,0,2026
carson benge,9aa2645d,0,2026
josh collmenter,9aa8eb75,0,2017
robbie erlin,9aab407e,0,2022
jake bauers,9ad51ee7,0,2026
riley cornelio,9af0185e,0,2026
tristan gray,9b072369,0,2026
kyle keller,9b0770f3,0,2021
zach maxwell,9b0e37e5,0,2026
stolmy pimentel,9b3603c6,0,2015
eury perez,9b3bdf4e,1,2015
chris herrmann,9b3c7e1a,0,2019
matt bush,9b584708,0,2023
anderson espinoza,9b7a327b,0,2022
jonah bride,9b9869ec,0,2025
cole sulser,9ba89ef9,0,2026
jerry vasto,9bb0239e,0,2018
garrett richards,9bbda06d,0,2022
jesus luzardo,9bc273c8,1,2026
domingo gonzalez,9bdc67fb,0,2026
matt shoemaker,9bdf7dcc,0,2021
spencer jones,9bdfdd4a,0,2026
ryan howard,9be33d9b,0,2016
petey halpin,9bed128e,0,2026
pedro avila,9bf5560e,0,2024
david hensley,9bfa6400,0,2024
philip abner,9c00b6e1,0,2026
tanner bibee,9c0c0734,0,2026
tyler alexander,9c2fa2bd,0,2026
brett anderson,9c316d7f,0,2021
austin riley,9c38fff5,0,2026
jose fernandez,9c41ccad,0,2026
taijuan walker,9c455a26,0,2026
brandon cumpton,9c489b70,0,2018
glenn sparkman,9c5a80d6,0,2020
pierson ohl,9c5d0f8a,0,2025
danny valencia,9c719b66,0,2018
wilber dotel,9c79c64b,0,2026
trey lipscomb,9c7a27e7,0,2025
gonzalez germen,9c895423,0,2016
yency almonte,9c8fdfe5,0,2024
tommy romero,9c9795e5,0,2022
drew stubbs,9c994cf8,0,2017
elmer rodriguez,9c9d5420,0,2026
walker buehler,9caaf72b,0,2026
diego castillo,9cde3f63,0,2024
aaron thompson,9ce22d04,0,2015
ehire adrianza,9cfad85e,0,2024
luis urias,9d0be9c2,1,2026
christian friedrich,9d237641,0,2016
kwang hyun kim,9d364907,0,2021
jake palisch,9d66b932,0,2025
eddy alvarez,9d869e54,0,2024
tanner roark,9d877722,0,2021
james wood,9d9912b0,0,2026
hyun soo kim,9db127db,0,2017
scott barlow,9dbc2d2a,0,2026
alejo lopez,9dc51e67,1,2023
jason castro,9dd8ae07,0,2022
robinson leyer,9de72b8e,0,2020
phillip diehl,9de98d62,0,2022
eduarniel nunez,9dee2235,1,2025
jackson stephens,9df2d6a6,0,2024
nick buss,9e00e3d0,0,2016
randy rosario,9e0697c2,0,2020
webster rivas,9e18b5b4,0,2021
cole tucker,9e2ac12b,0,2024
trey yesavage,9e3aeb4c,0,2026
blake swihart,9e57d584,0,2019
scott blewett,9e5bfc9c,0,2026
george kontos,9e7bf158,0,2018
jack winkler,9e846100,0,2025
jordan balazovic,9e8503f6,0,2023
bryce jarvis,9e9673c7,0,2025
noah schultz,9eb1ff99,0,2026
parker mushinski,9eb8d593,0,2024
michael darrellhicks,9ebd87f0,0,2025
tyrone taylor,9ed1043f,0,2026
luis gil,9ed31c58,0,2026
fabio castillo,9f0e22c3,0,2017
chris coghlan,9f164da5,0,2017
seby zavala,9f28b551,0,2024
ross ohlendorf,9f306ac2,0,2016
juan jaime,9f38a0c0,0,2015
joey votto,9f4721ab,0,2023
john jaso,9f4da671,0,2017
alex guerrero,9f5d0f0d,0,2015
abraham almonte,9f6f980c,0,2023
marcus stroman,9f7072e0,0,2025
ian anderson,9f7b77c1,0,2025
jackson jobe,9f7d2294,0,2025
ceddanne rafaela,9f811bb1,0,2026
yennier cano,9f94a0c2,0,2026
jeff mcneil,9f9b5610,0,2026
junior caminero,9f9f21fa,0,2026
vidal nuno,9fda261e,1,2018
a j reed,9fdafb94,0,2019
juniel querecuto,9ff2e202,0,2023
tommy la stella,9ff584c8,0,2023
jacob nix,9ff68473,0,2018
kyle gibson,9ffdd525,0,2025
leo rivas,a0160fd2,0,2026
donovan walton,a028ceae,0,2026
evan white,a037bacd,0,2021
brandon beachy,a03b3a2e,0,2015
danny dorn,a040c955,0,2015
kevin shackelford,a041e033,0,2018
destin hood,a04c52e4,0,2016
brett nicholas,a04c653e,0,2017
gerardo carrillo,a06e14f1,0,2026
edgar ibarra,a08f447c,0,2015
ryan goins,a097be0c,0,2020
hector olivera,a09991db,1,2016
gabe klobosits,a09a06e2,0,2021
r j alaniz,a0c094a7,0,2021
joe musgrove,a0e6a929,0,2024
dylan floro,a0e72513,0,2024
yaramil hiraldo,a0fac4d3,0,2026
nelson velazquez,a149a141,1,2026
adonis garcia,a1752adc,1,2017
dan slania,a17662fb,0,2017
james pazos,a17fdad7,0,2020
alexei ramirez,a18e4dbc,1,2016
will klein,a192cf00,0,2026
walker lockett,a1a27de6,0,2020
zach phillips,a1a40de8,0,2016
dennis santana,a1a6de90,0,2026
alexander canario,a1b0b3d8,0,2025
todd redmond,a1d7c012,0,2015
davis daniel,a1e8accc,0,2025
juan centeno,a1eabe4f,0,2019
jackson williams,a1f43d81,0,2015
yoan moncada,a1f9b20b,1,2026
justin bruihl,a1f9ef30,0,2026
jaycob brugman,a216d402,0,2017
brad mills,a22a9ae0,0,2015
luke keaschall,a22ea982,0,2026
aneurys zabala,a237a1a6,0,2022
bruce chen,a23aa6b3,0,2015
pete crowarmstrong,a260dfaa,0,2026
marlon byrd,a26113fd,0,2016
yilber diaz,a28b9bfe,1,2026
cody martin,a296034e,0,2017
daysbel hernandez,a2b25c8d,1,2025
mike broadway,a2ccb506,0,2016
cesar jimenez,a2dfca1a,1,2015
jarlin garcia,a2ecc898,1,2022
erik miller,a30d2987,0,2026
brandyn garcia,a30fe373,0,2026
nate furman,a31d9000,0,2026
michael brantley,a35a0f32,0,2023
luisangel acuna,a36b116c,1,2026
chance adams,a373c521,0,2020
jordan romano,a37855fb,0,2026
jared koenig,a3830611,0,2026
gary sanchez,a3a58791,1,2026
hunter dobbins,a3b1af69,0,2026
kyle davies,a3bf12b2,0,2015
dedniel nunez,a3c6afb5,1,2025
huascar brazoban,a3c90db3,1,2026
graham pauley,a3dbb4f4,0,2026
michael pineda,a3f839ea,0,2022
caleb joseph,a40020e2,0,2020
antonio santos,a41cde76,0,2021
nathan eovaldi,a42f41ba,0,2026
eduardo escobar,a4467e48,0,2023
jimmy lambert,a456f850,0,2023
matt manning,a466172f,0,2024
boone logan,a46b9189,0,2018
grant holman,a49486b9,0,2025
sherten apostel,a49dd9a7,0,2020
tj friedl,a4a40acd,0,2026
spencer schwellenbach,a4b13420,0,2025
severino gonzalez,a4b141c2,1,2016
david ross,a4bc907b,0,2016
jacob melton,a4d0fd51,0,2025
tyler mahle,a4dc40fa,0,2026
taylor kohlwey,a4e46569,0,2023
cal raleigh,a4e8f44e,0,2026
brad goldberg,a4ef8b50,0,2017
jacob degrom,a4f0935e,0,2026
mitch garver,a5037e60,0,2026
nick williams,a50734aa,0,2021
alex rios,a50c801e,1,2015
rob segedin,a51134cc,0,2017
tomas nido,a51cdc78,1,2025
garrett hill,a53310d0,0,2023
kevin smith,a53ae65a,0,2024
jake cousins,a547c26b,0,2024
ronny rodriguez,a5573adb,1,2019
vladimir guerrero,a557a5ef,0,2026
darren baker,a55eebd3,0,2024
kevin mccarthy,a560da42,0,2020
nic enright,a56fd563,0,2025
garrett whitlock,a5791358,0,2026
johan quezada,a57ed0c9,0,2023
steven cruz,a5a2eba2,0,2026
jair camargo,a5afeb0a,0,2026
greg deichmann,a5d13c1d,0,2021
edward paredes,a5d5e957,0,2018
brandon bailey,a5e951f3,0,2020
gabriel gonzalez,a5eb414d,0,2026
kyle hendricks,a5f2f51a,0,2025
buddy boshers,a5f31e27,0,2019
mike baumann,a5f4546e,0,2024
franklin morales,a5f6c666,0,2016
rikuu nishida,a5fb3703,0,2026
robert dugger,a618ff82,0,2022
josh maciejewski,a6204c4f,0,2024
jon edwards,a6204d0e,0,2019
nick wittgren,a62220aa,0,2023
thomas saggese,a631bf89,0,2026
marco luciano,a638a9f2,0,2024
genesis cabrera,a63a2743,1,2025
frankie montas,a654630c,0,2025
pierce johnson,a68181d0,0,2026
josh winckowski,a6917021,0,2025
carlos tocci,a6aeb672,0,2018
mackenzie gore,a6c4d634,0,2026
dario alvarez,a6d4afae,1,2017
miles mikolas,a6fddfb0,0,2026
chris roycroft,a7005d1e,0,2026
ariel miranda,a70211f4,1,2018
samad taylor,a70674bb,0,2026
paul janish,a71de205,0,2017
scott alexander,a72aee9c,0,2025
sean reidfoley,a73fcfb5,0,2024
mike tauchman,a74a7805,0,2025
matt den dekker,a75ee7e2,0,2018
alec burleson,a761c954,0,2026
brian matusz,a76f035a,0,2016
prince fielder,a7773882,0,2016
trey mancini,a7a08579,0,2026
zack kelly,a7a29449,0,2026
jacob hannemann,a7ac4273,0,2017
kyle muller,a7b41cca,0,2024
mason barnett,a7e414f2,0,2026
jose marmolejos,a7f1d46c,1,2021
j p howell,a7f20c00,0,2017
keston hiura,a7ffba2f,0,2025
john mcmillon,a81a554a,0,2024
francisco lindor,a8298e85,0,2026
daniel espino,a82dc68f,0,2026
max kranick,a82f954b,0,2026
enmanuel valdez,a83f4eb2,0,2025
rusney castillo,a84478e6,0,2016
tanner scott,a8449253,0,2026
gift ngoepe,a846d1a7,0,2018
daniel robertson,a847736a,0,2021
joe jimenez,a849c3e8,1,2024
enoli paredes,a84a3f1e,0,2024
aj smithshawver,a86aa020,0,2026
brian navarreto,a86ebbbf,0,2026
jonny gomes,a870072f,0,2015
harold castro,a875e87a,0,2023
ronny simon,a88c44ba,0,2025
nick loftin,a8ab3a05,0,2026
wyatt mills,a8bc1519,0,2026
logan driscoll,a8e090b8,0,2024
brian okeefe,a8f1914f,0,2023
justin ruggiano,a8f3f702,0,2017
penn murfee,a9002b45,0,2025
keon broxton,a900d62c,0,2019
ryan meisinger,a91a117b,0,2021
paul clemens,a91e2c2b,0,2016
yohan ramirez,a92cc0aa,1,2026
chad smith,a94b2d31,0,2015
jack mayfield,a94de2c8,0,2022
brendan beck,a9646284,0,2026
eric thames,a96c3457,0,2020
bryan morris,a96eb6a4,0,2017
graham ashcraft,a97449f2,0,2026
colt hynes,a98aacce,0,2015
bailey ober,a98ada52,0,2026
christopher bostick,a98b4c31,0,2018
gerson garabito,a9a38fc7,0,2025
david buchanan,a9ad2d79,0,2024
jameson taillon,a9bc5cff,0,2026
brandon waddell,a9bc8178,0,2025
chris shaw,a9caf8a6,0,2019
jeter downs,a9f038b3,0,2023
anderson tejeda,aa58b2c5,0,2021
lucas luetge,aa5ef8b5,0,2023
mitch bratt,aa75d589,0,2026
jarrod dyson,aa8de147,0,2021
jason alexander,aa96add0,0,2026
addison russell,aaa12c34,0,2019
chris rusin,aabbef57,0,2020
cristian pache,aad23cca,0,2024
shane bieber,aad73d64,0,2026
zack godley,ab12d524,0,2021
trey cabbage,ab208b2c,0,2024
andrew lambo,ab31585b,0,2016
andrew susac,ab33f9aa,0,2020
ryan weathers,ab357f3d,0,2026
sean gilmartin,ab49a8d1,0,2020
shae simmons,ab555c53,0,2017
leo jimenez,ab5ec321,0,2026
brennan bernardino,ab65cc57,0,2026
hector santiago,ab6d9e00,1,2021
yuli gurriel,ab704172,0,2025
jerry blevins,ab86663d,0,2019
carson williams,ab88c8ed,0,2026
davis martin,ab8ddf60,0,2026
rougned odor,aba03617,0,2023
brett harris,abb0c6ba,0,2026
clint frazier,abec3bd3,0,2023
erik goeddel,abfbe313,0,2018
deolis guerra,ac0a4676,0,2021
tim elko,ac47b738,0,2025
tzuwei lin,ac5ed1c0,0,2021
drew thorpe,ac7f8d35,0,2024
fernando salas,aca601a7,0,2019
gregor blanco,aca7590d,1,2018
andrew young,acb22bad,0,2021
grant balfour,acb499e5,0,2015
jonathan cannon,acdad07d,0,2026
nefi ogando,acee181f,0,2016
sheldon neuse,acfad036,0,2022
andres munoz,ad06d675,1,2026
sergio alcantara,ad202a34,1,2025
manuel margot,ad2575b6,0,2025
cal stevenson,ad47ee32,0,2025
deivi garcia,ad4a5a03,1,2024
noe ramirez,ad4d906f,1,2022
brusdar graterol,ad50e79f,0,2024
caleb kilian,ad56218e,0,2026
patrick monteverde,ad60352c,0,2025
alen hanson,ad687afc,0,2019
matt strahm,ad689bd5,0,2026
tyler gentry,ad69b513,0,2024
justin bour,ad78e846,0,2019
kyle drabek,ad94a4c0,0,2016
erik swanson,ada4d66d,0,2025
luke voit,adab95ff,0,2023
jake jewell,adb846af,0,2021
chuckie robinson,adcd4148,0,2026
enmanuel de jesus,add3cad1,0,2026
moises ballesteros,add8e013,1,2026
brandon belt,adf63d0f,0,2023
rylan bannon,ae102ae6,0,2023
javier lopez,ae2cda40,1,2016
robinson cano,ae57de14,1,2022
sam moll,ae5ce941,0,2026
nick greenwood,ae679fd7,0,2015
blake trahan,ae6eb080,0,2018
dax fulton,ae735aee,0,2026
jose espada,ae9c7e79,0,2026
carson smith,aea30717,0,2018
joe ryan,aeb7bdd7,0,2026
porter hodge,aedef799,0,2025
tyler owens,aee0c33e,0,2025
hayden senger,aeef80b5,0,2026
chase darnaud,aef6ec88,0,2018
brett eibner,aef766c7,0,2020
dakota hudson,af01eb70,0,2024
pedro villarreal,af172a7a,0,2015
franmil reyes,af1cf8e8,0,2023
logan webb,af25c562,0,2026
tyler holton,af31964c,0,2026
stefen romero,af3a9425,0,2016
jake cave,af6c285c,0,2024
john curtiss,af717437,0,2025
akil baddoo,af73fe80,0,2025
matt cain,af75bec1,0,2017
will brennan,af9b4c1b,0,2026
jonathan davis,af9c5a68,0,2023
luis sardinas,af9f2ffd,1,2018
antonio bastardo,afa7a283,0,2017
paul fry,afb3d3b6,0,2022
luis garcia,afca800a,1,2026
marc church,afe6c41b,0,2025
jason wheeler,afff1ff2,0,2017
alex wimmers,b01123a3,0,2017
josh tomlin,b048f44f,0,2021
rene rivera,b09b2edb,1,2021
jason frasor,b0a51a64,0,2015
trevor williams,b0b08dc9,0,2026
brandon leibrandt,b0c36be7,0,2026
raudy read,b0d629f8,0,2019
corey knebel,b12533d5,0,2022
jake smolinski,b1265a91,0,2018
mike mayers,b141d5f8,0,2023
rowan wick,b141e10c,0,2022
todd frazier,b14ec27f,0,2021
nolan fontana,b180e03a,0,2018
blake wood,b18736b0,0,2018
justin de fratus,b194503f,0,2015
taylor featherston,b195917d,0,2017
donn roach,b1afebc5,0,2016
hunter greene,b1b6d23a,0,2026
yoenis cespedes,b1b973f3,1,2020
rafael montero,b1d568b1,0,2025
hyeonjong yang,b1dd99d7,0,2021
wynton bernard,b1e0bd8b,0,2022
dario agrazal,b1eaa82e,0,2019
brett wallace,b1ece8f6,0,2016
yoendrys gomez,b1f5cbbc,1,2026
curtis partch,b1fc7957,0,2016
ryan mckenna,b205efa3,0,2024
harold ramirez,b20d8e37,1,2024
landen roupp,b222e89c,0,2026
ryan fernandez,b22adf81,0,2026
tyler danish,b233f7ee,0,2022
chris ogrady,b235f023,0,2018
trevor larnach,b253355c,0,2026
joe colon,b25ad6fb,1,2016
josh rojas,b25bce57,0,2026
adam frazier,b26acf0e,0,2026
bronson arroyo,b271cb80,0,2017
ben casparius,b27f44b0,0,2026
kyle kendrick,b290fccd,0,2017
jaegyun hwang,b296a57f,0,2017
alex mcrae,b29b656b,0,2021
mac sceroler,b29bf7c8,0,2021
tristan beck,b2a63fc4,0,2026
nick burdi,b2a6d0c6,0,2025
hunter gaddis,b2e1ac2a,0,2026
blaze jordan,b2e1ac3b,0,2026
chad green,b2e40e83,0,2025
steven duggar,b2e7dd48,0,2022
jeff mathis,b2eeab11,0,2021
kohl stewart,b2fa4529,0,2021
trent grisham,b2fe1256,0,2026
colson montgomery,b303bcd1,0,2026
martin perez,b3150b0b,1,2026
ryan lollis,b33655d9,0,2015
casey schmitt,b33cc1ab,0,2026
bobby parnell,b3464c23,0,2016
angel zerpa,b362bb63,0,2026
carlos perez,b37e97d9,1,2023
anthony misiewicz,b3a63897,0,2025
collin mchugh,b3c356b4,0,2023
norge ruiz,b3ccb822,1,2022
rogelio armenteros,b3d5b732,0,2019
michel baez,b3e1f946,1,2022
madison younginer,b4159ae5,0,2016
everett teaford,b41b87a9,0,2015
sebastian rivero,b422a00e,1,2026
jason vargas,b423e60f,0,2019
noah syndergaard,b42605c8,0,2023
sean murphy,b469610e,0,2026
jonathan bermudez,b4715081,1,2024
jhonny peralta,b4853b92,0,2017
will harris,b4b0ee98,0,2021
alejandro de aza,b4bb618d,0,2017
c j stubbs,b4c1ee38,0,2025
drew smith,b4ce5151,0,2024
keone kela,b4e80079,0,2021
thyago vieira,b4eaaf52,0,2024
marcus semien,b4fe5909,0,2026
kevin mcgonigle,b507662b,0,2026
zach davies,b5154d9e,0,2023
orelvis martinez,b5376e51,0,2024
jack leathersich,b5520fc7,0,2017
wil nieves,b58141f2,0,2015
brandon sproat,b587cde5,0,2026
gavin hollowell,b58b3f78,0,2026
brooks lee,b58ee416,0,2026
chase de jong,b5931b55,0,2023
michael mckenry,b5c2e58d,0,2016
aaron hicks,b5cb7a54,0,2024
hayden wesneski,b5f2919e,0,2026
bradgley rodriguez,b5f8b061,0,2026
mitch farris,b61ab12b,0,2026
joe ross,b625756d,0,2026
austin nola,b65585ec,0,2025
salvador perez,b6654965,1,2026
jose rodriguez,b68867f2,1,2023
cole wilcox,b6a164f7,0,2026
akeel morris,b6a42859,0,2018
justin masterson,b6afcf02,0,2015
corban joseph,b6b0184a,0,2019
sonny gray,b6bd85ea,0,2026
brady basso,b6cf8c44,0,2026
jose lobaton,b6d9f8c4,1,2021
mike paredes,b6e03181,0,2026
shane greene,b6f07a86,0,2023
dan runzler,b7035dbe,0,2017
kody funderburk,b714211a,0,2026
chas mccormick,b717fd8b,0,2025
jackson wolf,b719b0af,0,2023
clayton andrews,b71caf8d,0,2024
desmond jennings,b7304d4f,0,2016
miguel diaz,b73d52fb,1,2024
williams perez,b74b3ffb,1,2016
taylor jones,b7525ec0,0,2022
george springer,b7551d80,0,2026
burke badenhop,b7572fe0,0,2015
chris vallimont,b75e8a3e,0,2023
kevan smith,b7635929,0,2021
miguel almonte,b767f466,0,2018
jason martin,b7811846,0,2021
john klein,b790e23a,0,2026
luke maile,b79fc174,0,2026
hunter brown,b7a84afe,0,2026
elias diaz,b7cafdff,1,2026
jack neely,b7d19219,0,2024
darwinzon hernandez,b7d27d52,1,2022
dusty coleman,b7f26254,0,2017
seth romero,b801cbcd,0,2020
robby scott,b80aa721,0,2019
chienming wang,b821960f,0,2016
c j cron,b82efd1d,0,2023
braden bishop,b836fa47,0,2021
warwick saupold,b85d9945,0,2018
tristin english,b87801ea,0,2025
wil myers,b87820ad,0,2023
will benson,b8999127,0,2026
nick lodolo,b8a36507,0,2026
german marquez,b8b3066b,1,2026
nate mondou,b8bb214d,0,2022
trey gibson,b8d7058e,0,2026
zack short,b8f99220,0,2026
will robertson,b907a6aa,0,2025
derek holland,b92f48c0,0,2021
michael roth,b9422860,0,2016
drew hutchison,b95ca766,0,2022
taylor hill,b965bc93,0,2015
tyler gilbert,b96f98d3,0,2026
david murphy,b9708dcb,0,2015
raimel tapia,b9818f39,0,2023
travis bergen,b996b76b,0,2021
chayce mcdermott,b99a97a5,0,2026
anthony varvaro,b99d5471,0,2015
ryan raburn,b9a67de2,0,2017
alex cook,b9b095bd,0,2026
mike king,b9b54ca4,0,2026
martin maldonado,b9c8df4b,1,2025
geraldo perdomo,b9f840a3,0,2026
nick ramirez,ba2bff00,0,2024
evan marshall,ba3b4d0e,0,2021
garrett mitchell,ba50f158,0,2026
blair calvo,ba56643c,0,2023
tyler holt,ba58718a,0,2016
kevin gausman,ba588078,0,2026
rob rasmussen,ba684732,0,2015
ryan orourke,ba72d897,0,2019
lane thomas,baa0b47a,0,2026
tyler schweitzer,baaae1a7,0,2026
tony zych,bab12032,0,2017
victor robles,bab8e489,1,2026
drew butera,bac29619,0,2021
junior lake,bac783c2,0,2016
jeimer candelario,bac9465f,0,2026
agustin ramirez,bacbf7fa,1,2026
daniel palencia,bacc83eb,0,2026
kyle kubitza,bad156bc,0,2015
phil coke,baf11da5,0,2016
mason englert,baf49334,0,2026
jared young,bb16b27a,0,2026
j c ramirez,bb1dc54c,1,2019
eddy yean,bb46fa9f,0,2026
jonathon niese,bb4f305b,0,2016
brandon workman,bb515917,0,2021
jacob wilson,bb593c8b,0,2026
zach vincej,bb7233e2,0,2018
a j puk,bb76c4cb,0,2025
eric stamets,bb8fae4d,0,2019
drew avans,bb8feb3e,0,2025
ryan zimmerman,bbacdbb5,0,2021
michael reed,bbb694df,0,2019
grayson rodriguez,bbc90b3c,0,2026
andrew vaughn,bbe99c3e,0,2026
ariel hernandez,bbec5116,1,2017
randall delgado,bbf17238,0,2018
kyle isbel,bbfd792a,0,2026
brady lail,bc09d2c6,0,2021
nick maton,bc0fc0a1,0,2025
hirokazu sawamura,bc15ae9f,0,2022
corey kluber,bc1a4ce9,0,2023
david festa,bc1a7a58,0,2025
alex wood,bc1f2e90,0,2024
johnathan rodriguez,bc1faa70,1,2026
luis santos,bc34b076,0,2018
jacob amaya,bc748aac,0,2025
logan ohoppe,bc765323,0,2026
luis de los santos,bc822396,0,2024
ben braymer,bc910701,0,2020
tyler wilson,bc98bf8a,0,2017
mike hauschild,bca22aa3,0,2018
anthony alford,bca6e25a,0,2022
greg weissert,bcb0f2c9,0,2026
julian merryweather,bccad5fc,0,2025
lucas duda,bcd38711,0,2019
yhonathan barrios,bce389ba,0,2015
miguel cabrera,bceca907,0,2023
jason hammel,bceef8d8,0,2018
cooper hummel,bd1260ee,0,2025
billy cook,bd2173ed,0,2026
brandon young,bd2773c8,0,2026
connor thomas,bd320540,0,2026
yoshinobu yamamoto,bd681128,0,2026
anthony maldonado,bd6c2831,0,2025
kohei arihara,bd70660e,0,2022
zac grotz,bd75503c,0,2020
kyle farmer,bd8e6213,0,2026
jonah cox,bd8f1804,0,2026
tyler beede,bd9c17a2,0,2024
sean newcomb,bd9c1c99,0,2026
wilfredo boscan,bdb0373c,1,2016
matt tuiasosopo,bdb0afda,0,2016
emmanuel ramirez,bdbb5e22,0,2024
marcos mateo,bdbbf8c8,0,2015
zach brzykcy,bdc92fa5,0,2026
gilberto celestino,bde39199,0,2022
mike gerber,bde96fc1,0,2019
lourdes gurriel,bdea0115,0,2026
nick nastrini,bdea0c48,0,2024
tyler naquin,bdf8299d,0,2023
otto lopez,be1194c3,0,2026
tim hudson,be1c6200,0,2015
colton welker,be28795f,0,2021
dylan cease,be2c9d78,0,2026
jake burger,be40fa49,0,2026
brian moran,be5c6359,0,2022
jefry marte,be6dd737,0,2018
chris sale,be790f8a,0,2026
jared oliva,be7bf2b1,0,2026
chris iannetta,beaa62ca,0,2019
manny banuelos,beeb69cf,0,2022
drew waters,bf0c6dd7,0,2025
michael bourn,bf125ed9,0,2016
tanner banks,bf1466fa,0,2026
max povse,bf1d1590,0,2017
seth smith,bf2c964d,0,2017
blair henley,bf3530ea,0,2024
adam duvall,bf833b74,0,2024
dillon maples,bf8f5a8b,0,2021
foster griffin,bfa43dce,0,2026
danny salazar,bfaa6190,0,2019
brad keller,bfb3dd27,0,2026
ji hwan bae,bfb49cfd,0,2025
romy gonzalez,bfb9007d,0,2026
cameron rupp,bfbf79e0,0,2017
grae kessinger,bfcef240,0,2024
tyler clippard,bfd02296,0,2022
j b wendelken,c013d2ce,0,2022
luis medina,c01c03f7,0,2026
yovani gallardo,c0374d84,0,2018
john cornely,c06ce02d,0,2015
isaac paredes,c06ec0de,0,2026
cody wilson,c076985f,0,2021
nate jones,c0897bfc,0,2021
rob brantly,c08a68c8,0,2025
eugenio suarez,c0a1a243,1,2026
justin marks,c0bf77a8,0,2017
jace jung,c0cb0bb0,0,2026
reid brignac,c0fc69f3,0,2016
luis robert,c115568b,0,2026
austin barnes,c11c31ab,0,2025
omar narvaez,c12b8b7a,1,2025
carlos sanabria,c137730c,0,2020
jacob gonzalez,c16289b0,0,2026
yordano ventura,c1693373,0,2016
domingo santana,c16abbbc,0,2020
trevor rogers,c17cdf0e,0,2026
alex rodriguez,c18ad6d1,0,2016
josh osich,c193764e,0,2021
cionel perez,c1a0c995,1,2026
griffin conine,c1bb1c86,0,2026
trevor kelley,c1c47b99,0,2023
garrett cleavinger,c1ddf1f5,0,2026
jp sears,c1e14a7f,0,2026
max schrock,c1f2c38e,0,2022
vidal brujan,c218f6ec,1,2026
scott heineman,c221552d,0,2021
jahmai jones,c2244153,0,2026
kevin ginkel,c23af3f5,0,2026
jonathan aranda,c24d328e,0,2026
sam bachman,c2515148,0,2026
randy rodriguez,c25bfcb0,1,2025
j r graham,c269eb75,0,2016
jaime garcia,c28e7106,1,2018
luinder avila,c2ac8d85,0,2026
brett oberholtzer,c2bd9d7d,0,2016
oscar colas,c2beb9d0,1,2024
jordan walden,c2ecefcc,0,2015
jj bleday,c2f7e2c5,0,2026
austin allen,c3016691,0,2022
erik sabrowski,c3279088,0,2026
grant holmes,c3674eca,0,2026
adam kolarek,c36a5bca,0,2023
nick pivetta,c375d585,0,2026
winston santos,c3872494,0,2026
jacob nottingham,c3d1e363,0,2021
carlos villanueva,c3dd1c45,0,2016
tj rumfield,c3fb5abe,0,2026
dansby swanson,c3fbd283,0,2026
bryson stott,c40a6e81,0,2026
keith hessler,c40ca21d,0,2016
neal cotts,c411f73b,0,2015
whit merrifield,c42ccda8,0,2024
declan cronin,c42d4e43,0,2024
joel peralta,c44c31a2,0,2016
duane underwood,c45d1965,0,2023
emerson hancock,c47a4975,0,2026
zach logue,c49fb440,0,2024
adrian del castillo,c4a87aea,0,2026
alberto baldonado,c4eaf70d,0,2021
elvis peguero,c4f883f2,0,2025
brett graves,c50e2776,0,2018
cameron maybin,c53cd591,0,2021
josh hamilton,c5530155,0,2015
heliot ramos,c5578b37,0,2026
jerad eickhoff,c55b6894,0,2022
pedro payano,c5688912,0,2019
kyle blanks,c56d85d4,0,2015
buck farmer,c5993341,0,2024
chase dollander,c5a77c39,0,2026
pedro beato,c5ac81d5,0,2017
chris young,c5b05e4b,0,2017
a j alexy,c5bd95ff,0,2022
luke gregerson,c5c2ac40,0,2019
logan kensing,c5d3cb1b,0,2016
ryan lamarre,c5d74a9b,0,2021
james karinchak,c5e39d8e,0,2026
darrell ceciliani,c5f2b1aa,0,2017
welington castillo,c602b515,0,2019
josh staumont,c613fba3,0,2024
jose ruiz,c615b7aa,1,2025
buddy baumann,c61ce2fc,0,2018
bryce harper,c61e922e,0,2026
conor mullee,c62f4cb3,0,2016
dalier hinojosa,c638af11,0,2016
wilmer difo,c64e2b9d,0,2022
kazuma okamoto,c6b64865,0,2026
victor arano,c6d33bf6,1,2022
tyler cropley,c6f97d9e,0,2023
eric orze,c705f59c,0,2026
mark trumbo,c73386b0,0,2019
jose cuas,c73fe6fe,1,2026
jairo iriarte,c74e5b59,0,2024
bryan torres,c75188d6,0,2026
cory mazzoni,c76ce8fc,0,2018
kahlil watson,c7717f09,0,2026
willy adames,c774cc57,0,2026
reyes moronta,c77cc1dd,0,2023
tommy kahnle,c7846a2d,0,2026
nick ahmed,c7983610,0,2025
ian kennedy,c7a3c661,0,2023
jean segura,c7aab9b4,0,2023
blake cederlind,c7b0f3fd,0,2020
blake parker,c7b3f037,0,2021
dariel alvarez,c7e385a1,1,2016
luis avilan,c7f3cea9,1,2021
kendry rojas,c800c723,0,2026
elvis andrus,c80ba0d3,0,2023
jackson kowar,c8328a7e,0,2025
kelby tomlinson,c838d988,0,2018
cliff pennington,c83f0589,0,2018
odubel herrera,c84315a1,1,2022
trevor story,c8553f96,0,2026
guido knudson,c85b2daf,0,2015
josh naylor,c863fb37,0,2026
jeremy hellickson,c86ab0a1,0,2019
willie bloomquist,c8a101b7,0,2015
sean poppen,c8b61a7e,0,2022
noah cameron,c8cdeea5,0,2026
ryan court,c8d63486,0,2019
danny coulombe,c8e1570f,0,2026
kenley jansen,c8f863dc,0,2026
javier baez,c8fba9da,1,2026
cameron perkins,c90cb69a,0,2017
shawn omalley,c9105885,0,2016
jonathan heasley,c91eeb1e,0,2026
dustin ackley,c92cdb60,0,2016
darin mastroianni,c9361573,0,2016
max kepler,c9413e23,0,2026
eric sogard,c947bc68,0,2021
jon singleton,c9586e9c,0,2025
tyler pill,c97ee955,0,2017
jhonkensy noel,c9853ab0,0,2025
isaac mattson,c985f9ec,0,2026
michael stefanic,c993299b,0,2026
jordan montgomery,c9b13936,0,2024
jose peraza,c9bc854d,1,2021
mickey jannis,c9c7a66d,0,2021
michael harris,c9caf73a,0,2026
chris heisey,c9eb8141,0,2017
sandy alcantara,c9ec32b0,1,2026
jose bautista,c9f08cf8,1,2018
adam mazur,c9f11b4e,0,2025
maximo acosta,c9f26c51,0,2025
joey bart,c9f82b44,0,2026
max muncy,c9fd0345,0,2026
coby mayo,ca05f29f,0,2026
mark canha,ca283903,0,2025
j b bukauskas,ca3cf806,0,2024
hurston waldrep,ca45ef5c,0,2026
vince velasquez,ca619690,0,2026
reiver sanmartin,ca66f134,0,2026
didi gregorius,ca888b43,0,2022
lyon richardson,caa0d3eb,0,2026
kyle cody,cae4292e,0,2021
martin prado,cb07f997,1,2019
paco rodriguez,cb088004,1,2015
toru murata,cb0e36e9,0,2015
dillon peters,cb300a20,0,2022
josh walker,cb34aa9a,0,2026
ronel blanco,cb42edf8,0,2026
michael busch,cb50fef1,0,2026
joe mack,cb5bbb31,0,2026
lou trivino,cb64066c,0,2026
mark reynolds,cb74df84,0,2019
tim lopes,cb82e593,0,2021
emmet sheehan,cb8bdbef,0,2026
madison bumgarner,cbb0cc9a,0,2023
dane dunning,cbc2b6a8,0,2025
kole calhoun,cbdb6e9b,0,2023
ian happ,cbe72712,0,2026
grant wolfram,cbfde90f,0,2026
joc pederson,cbfe7ac9,0,2026
daniel palka,cc0574cc,0,2019
vin mazzaro,cc07c6f1,0,2016
danny farquhar,cc07e03f,0,2018
ronald acuna,cc15ccfa,1,2026
homer bailey,cc2ec35f,0,2020
kyle leahy,cc367284,0,2026
leody taveras,cc538e0d,0,2026
daniel zamora,cc6685fe,0,2021
jose hernandez,cc6fc96c,0,2024
bryce montes de oca,cc769115,0,2022
andrew faulkner,cc824883,0,2016
mike burrows,cc908090,0,2026
wade davis,cc936b69,0,2021
dylan lee,ccb5278f,0,2026
jose fermin,ccc4081f,1,2026
travis jankowski,ccc6f44e,0,2025
matt svanson,ccc98d65,0,2026
francisco perez,ccde06c7,1,2023
brett cecil,ccef8297,0,2018
ian desmond,cd20433d,0,2019
willie maciver,cd291071,0,2025
joey gallo,cd298525,0,2024
yohan flande,cd2ca40a,0,2016
trey sweeney,cd38b7aa,0,2025
seth halvorsen,cd538f22,0,2026
matthew batten,cd88077f,0,2024
mitch walding,cd9ae8c3,0,2019
nate eaton,cdc66823,0,2026
nick kingham,cdc91cd7,0,2019
brett kennedy,cdd24ef4,0,2023
kyren paris,cdd6b57a,0,2025
matt albers,ce0601d5,0,2019
austin slater,ce1ba399,0,2026
anibal sanchez,ce270cef,1,2022
david peralta,ce273625,0,2024
hunter harvey,ce2f903c,0,2026
yadiel rivera,ce45e807,0,2020
francisco rodriguez,ce645b1e,1,2017
gregorio petit,ce666268,0,2018
mike zunino,ce801896,0,2023
steven tolleson,ce8287fb,0,2015
aramis garcia,ce8ff2cd,0,2026
tyler heineman,ce970af6,0,2026
roansy contreras,ce9843d5,0,2025
blake sabol,ce9c0afa,0,2025
dl hall,cea6a9ea,0,2026
marco hernandez,cea789c6,1,2019
tyler callihan,cea82fcb,0,2026
caleb ferguson,cecdc74e,0,2026
frank herrmann,ced2028c,0,2016
isiah kinerfalefa,cee8d5c1,0,2026
zack wheeler,ceefd163,0,2026
yoan lopez,cef7437c,1,2022
sal romano,cef80531,0,2021
sam huff,cf05afc8,0,2026
donovan solano,cf0a24a5,0,2025
billy mckinney,cf107e03,0,2025
cam eden,cf30c735,0,2023
franklin barreto,cf38bae6,0,2020
michael mariot,cf42adec,0,2023
troy stokes,cf527eb9,0,2021
matt foster,cf60c79d,0,2024
edward mujica,cf65e7f4,0,2017
julian garcia,cf6c0b5e,0,2026
osvaldo bido,cf7aeb36,0,2026
brent honeywell,cfc5d6e9,0,2024
leonys martin,cfd7ad4a,1,2019
austin hedges,cfdf60d0,0,2026
chris murphy,cfeb162e,0,2026
eduardo nunez,cff9b8a6,1,2020
brett kerry,d00e04ff,0,2026
ricky nolasco,d030b4f7,0,2017
cesar cabral,d042c99b,1,2015
neil ramirez,d0468806,1,2019
frank german,d07b0f61,0,2022
chris denorfia,d0970347,0,2015
adrian gonzalez,d0b4a06d,1,2018
matthew liberatore,d0cfb4ed,0,2026
chris okey,d0d12947,0,2023
jake diekman,d0d7fa71,0,2024
mitch moreland,d0dbce3f,0,2021
emmanuel rivera,d0dc6fae,0,2025
bubba thompson,d109a961,0,2024
abiatal avelino,d121d23e,0,2019
david morgan,d15d299e,0,2026
alejandro chacin,d175252a,1,2017
ryan lavarnway,d18c1981,0,2021
alcides escobar,d1953010,0,2022
jonathan india,d19b960b,0,2026
rece hinds,d1a61129,0,2026
gerrit cole,d1c6d6d7,0,2026
derek hill,d1cc5a02,0,2026
doug fister,d1e2f256,0,2018
luis matos,d1f7ed58,0,2026
miguel ullola,d1fb21c7,0,2026
nivaldo rodriguez,d2068636,0,2021
daniel ponce de leon,d22353d0,0,2021
hanser alberto,d2303ae3,0,2023
tyler flowers,d2490a5f,0,2020
justin topa,d250b6c0,0,2026
ross stripling,d2655ddb,0,2024
jackson tetreault,d272267a,0,2022
cameron foster,d28e09c8,0,2026
dylan bundy,d2958f28,0,2022
andrew knapp,d29d93e7,0,2024
austin davis,d2a0e57d,0,2024
chaz roe,d2a7468c,0,2021
andrew painter,d2adaf53,0,2026
mike shawaryn,d2b9235f,0,2019
angel nesbitt,d2ba7dd7,1,2015
blaine boyer,d2e681df,0,2018
erik gonzalez,d2ed8482,1,2022
christian encarnacionstrand,d2f1be6f,0,2026
jake fishman,d3076615,0,2022
brooks raley,d315aa4a,0,2026
lenyn sosa,d31643e4,0,2026
colby lewis,d3326ff4,0,2016
chris martin,d339be8e,0,2026
jonny venters,d33fb318,0,2019
brad peacock,d3520a78,0,2021
zach mckinstry,d358c925,0,2026
jeff manship,d35b83c5,0,2016
angel pagan,d363b53a,1,2016
travis snider,d364bdaf,0,2015
j d davis,d3687635,0,2025
carson mccusker,d39c3cf0,0,2025
tyler white,d3b06f4e,0,2019
josh ravin,d3c33ab5,0,2018
camilo doval,d3def047,0,2026
anthony seigler,d3e2f8e7,0,2026
shea spitzbarth,d3ed6d58,0,2021
randy arozarena,d3eebd0c,0,2026
bobby dalbec,d3f2c533,0,2025
tyler samaniego,d3f4ece0,0,2026
jordan diaz,d43b423b,0,2023
trevor mcdonald,d43c2ae9,0,2026
nick anderson,d44331fe,0,2025
elier hernandez,d444c306,0,2022
trevor rosenthal,d456e296,0,2020
austin wells,d46bbc83,0,2026
wilkin castillo,d47cffd8,0,2019
jeff locke,d481430d,0,2017
drew verhagen,d49505fc,0,2023
thaddeus ward,d4a11226,0,2023
abraham toro,d4ac8874,0,2025
joan adon,d4b6b510,0,2024
mark teixeira,d4ba27ca,0,2016
nick martini,d4bacc1d,0,2025
ronald torreyes,d4c8c0ac,0,2021
erik johnson,d4ca11f6,0,2016
jaylin davis,d4ce9313,0,2022
byung ho park,d4f601a5,0,2016
canaan smithnjigba,d5116ae9,0,2023
cody bolton,d5187661,0,2026
travis shaw,d52520f7,0,2022
lorenzo cain,d5341def,0,2022
mike baxter,d542929b,0,2015
matt olson,d56aad2b,0,2026
ryan loutos,d56f670d,0,2025
jimmy paredes,d5768392,0,2016
eric hosmer,d58a050c,0,2023
nick heath,d609bc3d,0,2021
andrew walters,d615f93a,0,2025
john lamb,d625b234,0,2018
rafael bautista,d635c950,0,2018
josh thole,d63c883c,0,2016
tyler cloyd,d6402909,0,2018
ryan mcbroom,d650243b,0,2021
eduardo valencia,d6642c81,0,2026
didier fuentes,d68913b1,0,2026
jac caglianone,d69acf22,0,2026
conner capel,d6ac2bc7,0,2024
jesse biddle,d6ad43ef,0,2021
teoscar hernandez,d6adef8e,1,2026
omar infante,d6b8b64f,0,2016
bubba starling,d6c3e71f,0,2020
payton henry,d6cca621,0,2022
jim adduci,d6e377d2,0,2019
josh jung,d6f86fa1,0,2026
jonathan schoop,d70194f9,0,2023
ketel marte,d70d4384,0,2026
alec mills,d712538a,0,2023
orlando ribalta,d713268e,0,2026
gage workman,d72f4331,0,2026
kyle zimmer,d7329b66,0,2021
jesus montero,d754a06d,1,2015
miguel yajure,d76ff3b2,0,2022
mitch white,d78cfa81,0,2024
jackie bradley,d79d4782,0,2023
ryne stanek,d79ee380,0,2026
travis blankenhorn,d7a1e5d6,0,2024
michael wacha,d7ade773,0,2026
eduardo rivera,d7b00ad5,0,2026
kade strowd,d7bc88f5,0,2026
brett bochy,d7e0ed28,0,2015
matt skole,d7e2712b,0,2019
colin selby,d7e54e5b,0,2025
keibert ruiz,d80d2c11,0,2026
slade heathcott,d816406c,0,2015
yangervis solarte,d8322243,0,2019
engelb vielma,d83a7727,0,2018
jimmy cordero,d8469994,0,2023
kyle harrison,d84d3077,0,2026
gerardo reyes,d861a48d,0,2024
jordany valdespin,d86218ab,0,2015
gerardo parra,d86f5cd5,0,2021
parker meadows,d874b115,0,2026
samuel basallo,d87d9daf,0,2026
jordan yamamoto,d88bbf6b,0,2021
alex presley,d898b4e0,0,2017
ethan small,d8a697c8,0,2023
justin wilson,d8cc1807,0,2025
jordan groshans,d8d70d60,0,2022
trevor bauer,d8df160b,0,2021
mallex smith,d8e13091,0,2020
christian villanueva,d8e1f870,0,2018
jonathan bowlan,d8f1a852,0,2026
taylor trammell,d8fe3e94,0,2026
jesse scholtens,d9069fb1,0,2026
peyton gray,d9160b1a,0,2026
louis head,d91b0263,0,2022
raynel espinal,d929321e,0,2022
cody ponce,d931d78a,0,2026
jose berrios,d94db113,1,2025
johnny barbato,d95159e0,0,2018
bob seymour,d973d2c1,0,2025
colby thomas,d990ad65,0,2026
kyler fedko,d9bbc412,0,2026
jordan hicks,d9f5300b,0,2026
yusmeiro petit,da0d0ee8,0,2021
tyler ladendorf,da0fd2db,0,2021
lucas sims,da16daa2,0,2026
jacob hurtubise,da1bc43a,0,2025
felix pena,da414759,1,2021
jared hughes,da43d75a,0,2020
daniel fields,da5426c4,0,2015
chad stevens,da7fc159,0,2026
josiah gray,da8d461a,0,2024
wilkin ramos,da93d258,0,2026
johan rojas,da954646,0,2025
colten brewer,daa3736f,0,2024
jake mccarthy,dac90005,0,2026
sam haggerty,dacadcf7,0,2026
miles mastrobuoni,dace462a,0,2026
chase bradford,dad3632f,0,2019
rey navarro,dae1758b,0,2015
rafael marchan,dae6256a,1,2026
kyle tucker,daeb0856,0,2026
trevor stephan,daf4476e,0,2023
nick noonan,db0e2869,0,2016
dayan diaz,db15834b,1,2017
drew anderson,db4baaee,0,2026
daniel descalso,db5354bf,0,2019
reed johnson,db591e94,0,2015
adam kloffenstein,db5dd9bf,0,2024
phillips valdez,db6fc15d,1,2022
nick markakis,db895222,0,2020
tanner andrews,db89ab84,0,2026
mauricio dubon,db8c395e,1,2026
josh reddick,dbc523a0,0,2021
max fried,dbc7e2b0,0,2026
francisco liriano,dbd9b790,0,2019
nick tropeano,dbe1b1cf,0,2021
shane carle,dbf72ff3,0,2019
victor bericoto,dc057518,0,2026
xander bogaerts,dc06acdb,0,2026
dellin betances,dc078c25,0,2021
rob wooten,dc226edd,0,2015
burch smith,dc42140f,0,2026
matt grace,dc7ed043,0,2020
niko goodrum,dc82715a,0,2024
cade smith,dc84ddf1,0,2026
brett lawrie,dc9a83a3,0,2016
tobias myers,dca21d9f,0,2026
geoff hartlieb,dca3fd50,0,2026
ben brown,dcbbfab8,0,2026
riley smith,dcbee66c,0,2021
evan lee,dcc858b0,0,2022
austin maddox,dcd2545e,0,2017
taylor williams,dcd442d3,0,2021
chris carter,dcda58b0,0,2017
logan forsythe,dcf52aa1,0,2020
luis madero,dcf76654,1,2021
kerry carpenter,dcfb7ca5,0,2026
dustin may,dd026552,0,2026
marc krauss,dd064342,0,2015
yonder alonso,dd1f759c,0,2019
miguel gomez,dd442858,1,2018
daniel castano,dd4cb2e1,0,2023
hector perez,dd655011,0,2023
joshua palacios,dd669bc2,0,2025
harrison musgrave,dd8caa6f,0,2019
ross detwiler,dd8ec5dd,0,2022
garrett hampson,dd9cb674,0,2025
robert stock,ddab3a2d,0,2025
jeremy guthrie,ddbb60d6,0,2017
dan altavilla,ddd1b992,0,2025
taylor clarke,dddd8fbc,0,2026
james marvel,ddeadc72,0,2019
matt buschmann,ddfb9df8,0,2016
will warren,ddff757a,0,2026
heston kjerstad,de1f2870,0,2025
jack perkins,de23390d,0,2026
daz cameron,de4d33e2,0,2025
richard fitts,de5251df,0,2025
justin dunn,de568d1b,0,2022
brett baty,de5e1284,0,2026
yairo munoz,de65273d,1,2022
dermis garcia,de7e3f37,1,2022
ryan buchter,de82d2b3,0,2021
miguel socolovich,deba07c6,0,2018
mike dunn,dedd2bc0,0,2019
brooks baldwin,dee44558,0,2025
gage jump,dee522b3,0,2026
kyle hurt,def24d20,0,2026
dustin harris,df10e2dd,0,2026
carlos asuaje,df1846f7,0,2018
luken baker,df27aef1,0,2026
matt shaw,df27ecca,0,2026
munenori kawasaki,df3096a2,0,2016
ben meyer,df424d3f,0,2018
david huff,df6bb675,0,2016
mychal givens,df73a1ae,0,2023
eduard bazardo,df8502af,0,2026
warming bernabel,df984f09,0,2025
james sherfy,df9ac725,0,2021
kevin cron,df9faaf3,0,2020
joey wiemer,dfae304e,0,2026
nick neidert,dfcd0b31,0,2022
jesus cruz,dfd4ea6c,0,2022
jimmy crooks,dfe67415,0,2026
kris bubic,dfea9c97,0,2026
cj kayfus,dfee09e7,0,2026
aaron altherr,dffcd91d,0,2019
seth martinez,e0053de1,0,2025
jean machi,e02150a5,0,2017
tommy white,e0308bb1,0,2026
brice matthews,e05b852a,0,2026
pat valaika,e0644735,0,2021
stephen tarpley,e08a2c12,0,2021
tyler jay,e09db5da,0,2024
robbie ross,e0a073e4,0,2017
justin maxwell,e0a911a8,0,2015
elvis luciano,e0b8029e,0,2019
jonathan papelbon,e0b8305e,0,2016
patrick sandoval,e0c5d173,0,2026
blade tidwell,e0c8900e,0,2026
heath fillmyer,e0d1661f,0,2019
andrew moore,e0e99e19,0,2019
will smith,e1075892,0,2026
koji uehara,e109d804,0,2017
jeffrey springs,e10be9ea,0,2026
yacksel rios,e1213964,1,2026
jason kipnis,e1380a07,0,2020
gabriel moya,e145f428,0,2018
jarred kelenic,e14d6fb7,0,2026
albert pujols,e14fcab4,0,2022
ryan brasier,e159c298,0,2025
andy ibanez,e174160f,1,2026
tim collins,e1943828,0,2019
gregory polanco,e1a6db65,0,2021
brian serven,e1a70543,0,2026
cal quantrill,e1aeb87e,0,2026
endy rodriguez,e1ebbf03,1,2026
pedro pages,e20b9e21,1,2026
nick gordon,e20baefe,0,2024
eric oflaherty,e21637df,0,2017
joely rodriguez,e22fbcb9,1,2024
cole figueroa,e233dd73,0,2016
lamonte wade,e240f102,0,2026
seth maness,e244a442,0,2017
miguel sanchez,e263f8a0,1,2022
rafael ortega,e26a8efa,0,2024
josh taylor,e284e18d,0,2023
cory gearrin,e2965af1,0,2020
joey butler,e29e3621,0,2015
kyle waldrop,e2a759f8,0,2016
michael grove,e2c9af16,0,2026
paul dejong,e2cc25bd,0,2025
sawyer gipsonlong,e2e0c9a6,0,2025
drew steckenrider,e310cf66,0,2022
cesar salazar,e32eff85,1,2026
shane victorino,e33b74ad,0,2015
tony cingrani,e34e40e7,0,2018
juan soto,e36a85e0,0,2026
josh bell,e36fd0ee,0,2026
vinny nittoli,e37370e9,0,2024
brad wieck,e39052e4,0,2021
mike fiers,e3971046,0,2021
cole irvin,e3a8ddad,0,2026
daniel wright,e3ae68c1,0,2017
joe hudson,e3d08aaf,0,2024
jose ramirez,e3e66986,1,2026
jordan sheffield,e3f3e690,0,2022
ryan zeferjahn,e4141b75,0,2026
sherman johnson,e42a4ce4,0,2018
jake alu,e4404d0f,0,2023
max castillo,e44f1889,0,2023
reggie mcclain,e4531379,0,2020
keider montero,e4776712,0,2026
skip schumaker,e49021d6,0,2015
andrew suarez,e49bd025,1,2023
luis gonzalez,e49e5637,1,2022
darien nunez,e4acde31,1,2021
pete alonso,e4bd060e,0,2026
luis liberato,e4c26dcf,0,2022
jose dominguez,e4c35f7a,1,2016
carlos vargas,e4c39e7f,0,2025
connor joe,e4f2f0fa,0,2026
ryan kalish,e531987a,0,2016
chris bassitt,e54001ef,0,2026
charlie morton,e55c3331,0,2025
sean bouchard,e57782ec,0,2025
sauryn lao,e5786edc,0,2025
rowdy tellez,e57a4c36,0,2026
robinson pina,e582bc9e,1,2025
james shields,e59f768a,0,2018
eddie butler,e5ad71c6,0,2018
dietrich enns,e5b2a03a,0,2026
domingo acevedo,e5c2f8db,0,2023
taylor ward,e5c89504,0,2026
luis severino,e5cf2119,0,2026
dwight smith,e5d96548,0,2020
giovanni soto,e5e6abc0,0,2015
quinn mathews,e5ea8886,0,2026
brewer hicklen,e5ed2f0d,0,2026
eric skoglund,e5f37b45,0,2019
angel chivilli,e5f6fca8,0,2026
andre jackson,e5fb9350,0,2023
josh smoker,e5fd6a45,0,2018
yasiel puig,e603a22f,0,2019
pedro severino,e61c39e8,0,2022
deivy grullon,e61c72a6,1,2020
aaron loup,e61edd8c,0,2023
johnny monell,e643840a,0,2015
louis coleman,e64697d6,0,2018
ian hamilton,e675ad4c,0,2026
mark lowe,e68799f1,0,2016
ty madden,e6b36324,0,2026
boog powell,e6b3d739,0,2018
luis campusano,e6d1d015,0,2026
curtis granderson,e6dd937a,0,2019
spenser watkins,e6e524b9,0,2023
casey mize,e6f38c04,0,2026
james paxton,e6fa0c5e,0,2024
kaiwei teng,e71fb7ae,0,2026
christian bethancourt,e72a69ef,0,2024
robby ahlstrom,e75461f2,0,2026
sandy baez,e75505d5,1,2019
yariel rodriguez,e763ec1a,1,2026
hunter owen,e78f15d9,0,2021
coco montes,e7918f0e,0,2025
jett bandy,e79500c6,0,2018
gavin collyer,e7b609cb,0,2026
aroldis chapman,e7d0cac7,0,2026
janson junk,e7dccc30,0,2026
ryan burr,e7ebcab4,0,2025
jonathan stiever,e7f22719,0,2021
leury garcia,e80a5db8,1,2022
francisco morales,e80e7a64,0,2022
kyle lloyd,e810e6ce,0,2017
thomas hatch,e81461e4,0,2025
nick tepesch,e8173689,0,2017
daniel hudson,e8351f08,0,2024
jeremy affeldt,e836cdca,0,2015
dylan crews,e8399c58,0,2026
zack greinke,e83bfe13,0,2023
ronald belisario,e843973a,0,2015
ernesto frieri,e850ba35,0,2017
jason coats,e8605fe5,0,2016
ed easley,e8a13d66,0,2015
spencer torkelson,e8b202f2,0,2026
michael martinez,e8b407e2,1,2017
barry zito,e8c1cad9,0,2015
alex bregman,e8c871b0,0,2026
freddy tarnok,e8cc3c11,0,2025
juan burgos,e8ce0a97,0,2026
anthony bemboom,e8eaf36f,0,2023
aaron brooks,e8ff83ea,0,2026
ramon urias,e9043c92,1,2026
nasim nunez,e9091b65,1,2026
hank conger,e914c802,0,2016
brandon hughes,e9269b87,0,2024
robel garcia,e946ab98,1,2021
austin martin,e9559db3,0,2026
tony watson,e95ddc25,0,2021
joe thatcher,e97f3378,0,2015
lujames groover,e9851c04,0,2026
chad patrick,e9a00c06,0,2026
art warren,e9accb75,0,2022
chase burns,e9c85a03,0,2026
ike davis,e9d5092a,0,2016
bo bichette,e9e70aad,0,2026
j j matijevic,e9e787b0,0,2022
ramon flores,e9f25893,1,2017
luke hochevar,e9f5c6ff,0,2016
logan ondrusek,ea04e536,0,2016
dana eveland,ea06dc03,0,2016
jacob robson,ea0a5858,0,2021
collin snider,ea18770b,0,2025
dillon tate,ea1bc5fc,0,2025
edwin encarnacion,ea1e002d,1,2020
jacob rhame,ea2b324d,0,2019
dean anna,ea427009,0,2015
tony wolters,ea4ff088,0,2022
xavier scruggs,ea5ddd09,0,2016
ryan ward,ea684764,0,2026
jorge alfaro,ea750743,0,2025
davis wendzel,ea788b7d,0,2026
haseong kim,ea8147e5,0,2026
angel de jesus,ea83161e,1,2022
miguel gonzalez,ea939f2b,1,2018
chad bell,ea9841ba,0,2018
fernando romero,ea9ff8f3,0,2019
domingo tapia,ead15e4e,0,2023
john axford,eadaf6ee,0,2021
darin ruf,eae86728,0,2023
austin adams,eb626ce0,0,2019
luarbert arias,eb62fb66,0,2025
stephen drew,eba10dc3,0,2017
esteury ruiz,ebc3099d,0,2026
jake peavy,ebd45fd8,0,2016
dioner navarro,ebe0dcfd,0,2016
joe rock,ebf3cc31,0,2026
andrew miller,ebf878fa,0,2021
jose tena,ebf947e8,1,2026
alex dickerson,ebfce0cf,0,2022
jenrry mejia,ebfe5574,1,2015
james triantos,ebff3b74,0,2026
matt harrison,ec02f03d,0,2015
jesus sanchez,ec0fcbe7,1,2026
seth beer,ec15bf70,0,2022
evan gattis,ec1ed8c1,0,2018
cam booser,ec2d4e51,0,2026
alex torres,ec3278e2,0,2015
chris flexen,ec5256d7,0,2025
justin sterner,ec540c15,0,2026
adam wilk,ec5907cd,0,2017
dan haren,ec879ce5,0,2015
mat latos,ec8dd2bc,0,2017
scott kazmir,eca39f12,0,2021
andy burns,ecbbbf50,0,2021
tomas telis,eccd91bb,1,2018
carson fulmer,ecea2c23,0,2025
sam selman,ecec5adf,0,2022
ichiro suzuki,ecfc6093,0,2019
anthony recker,ecfd8c1f,0,2017
eduardo salazar,ed1c4059,0,2025
cam devanney,ed36d2b9,0,2025
lane adams,ed642909,0,2018
steven baron,ed841422,0,2019
jake elmore,edb0baaa,0,2019
colin holderman,edb5fd8b,0,2026
sean manaea,edc85cb6,0,2026
brendon little,edd5f022,0,2026
alex call,eddce7a8,0,2026
carlos contreras,edfb09ed,0,2015
erik cordier,edfe9ee8,0,2015
kody clemens,ee1209bb,0,2026
mike ford,ee192a64,0,2024
francisco mejia,ee2752c6,1,2023
nick dini,ee30c39e,0,2019
jesen therrien,ee3bb9d9,0,2017
liam hicks,ee5a5c74,0,2026
jason hursh,ee713cc6,0,2017
chris devenski,ee7ece0f,0,2026
jake mcgee,ee8ec813,0,2022
jose reyes,ee8eed34,1,2018
cam sanders,ee90ac67,0,2026
scott copeland,eeaa6eab,0,2018
jhostynxon garcia,eec78326,0,2026
charles leblanc,eecfcda6,0,2024
joe panik,eed44d66,0,2021
kyle jensen,eeda695c,0,2016
robinson chirinos,eee41fef,0,2022
zach mcallister,eee51286,0,2023
carlos rodriguez,eeecbe86,0,2026
stephen piscotty,ef024252,0,2022
victor scott,ef03d04c,0,2026
huascar ynoa,ef087536,0,2022
adrian morejon,ef119789,1,2026
nicklaus snyder,ef1b4590,0,2022
andre rienzo,ef248828,1,2015
jordan leasure,ef2fdbc8,0,2026
matt koch,ef33548b,0,2024
nick mears,ef4a56c7,0,2026
dovydas neverauskas,ef52d26c,0,2020
logan allen,ef52e19c,0,2024
steve clevenger,ef86839c,0,2016
cade povich,ef8c4a45,0,2026
chase solesky,ef9d189c,0,2026
a j morris,ef9d67da,0,2016
evan sisk,efa8865f,0,2026
tyler moore,efe376bc,0,2017
luis ortiz,efe43403,0,2025
jack flaherty,eff86e31,0,2026
wilmer flores,effa9435,0,2025
andry lara,f00752af,0,2025
dylan beavers,f0192a4b,0,2026
jonathan villar,f04737d6,0,2022
elly de la cruz,f0540df0,0,2026
david robertson,f05e6679,0,2025
greg allen,f07e8d63,0,2025
mike brosseau,f095dba3,0,2023
lucas spence,f0daf8b1,0,2026
jonathan herrera,f0e5db8e,0,2015
david mackinnon,f0e8ad14,0,2022
jose altuve,f0e8fd62,1,2026
jonathan loaisiga,f0f360a6,1,2026
ryan flaherty,f0f73a87,0,2019
noah davis,f10a73c3,0,2025
a j burnett,f10c4e72,0,2015
lance lynn,f125588e,0,2024
rafael martin,f1427fc8,1,2016
dairon blanco,f1435daa,0,2025
cam gallagher,f143c214,0,2023
grant hartwig,f14756d0,0,2024
aj blubaugh,f1615a8d,0,2026
dan johnson,f1847c7c,0,2015
jon berti,f1a7f234,0,2025
bo schultz,f1a8f022,0,2016
ricky karcher,f1a9abb6,0,2023
alex young,f1cfe2e3,0,2024
brant hurter,f1d7dbf9,0,2026
chad jenkins,f1ffa9e8,0,2015
hagen danner,f20bf0d5,0,2023
nick delmonico,f20f40f2,0,2020
zack burdi,f21d0d16,0,2023
armando alvarez,f22a2ffc,0,2024
chase shugart,f22c3c04,0,2026
jason motte,f2307252,0,2017
jay flaa,f2529b97,0,2021
jazz chisholm,f265b378,0,2026
ray black,f28db4d1,0,2020
tyler saladino,f29d5567,0,2019
parker markel,f2b1443f,0,2022
francisco cervelli,f2d2c0a4,0,2020
connor kaiser,f2d58121,0,2025
chris stewart,f2dd2dd8,0,2018
justus sheffield,f2dea24e,0,2022
j p france,f2e4d67a,0,2026
bradley zimmer,f2fb7bb4,0,2022
ryan watson,f2fdbb6b,0,2026
hunter cervenka,f2fdec96,0,2017
gerald laird,f2fec0cb,0,2015
matt gage,f2ff040f,0,2026
drew robinson,f30f7a10,0,2019
kevin kaczmarski,f315617d,0,2018
tyler ferguson,f316853e,0,2026
mike trout,f322d40f,0,2026
cory abbott,f3375192,0,2023
ryan brett,f347ed08,0,2015
manny pina,f3549851,1,2023
alimber santa,f363bfe5,0,2026
scott baker,f36c81d7,0,2015
jake mangum,f36ed00e,0,2026
brett gardner,f3702b98,0,2021
sterling sharp,f3987d56,0,2020
andrew mccutchen,f3998f8d,0,2026
sean hjelle,f39d4a44,0,2025
kendrys morales,f39f20b5,0,2019
mookie betts,f3a0cc68,0,2026
cristhian adames,f3ad1637,0,2019
oliver dunn,f3cebb9b,0,2026
jamie westbrook,f3e022ad,0,2024
justin anderson,f3e3c36d,0,2024
jack kochanowicz,f3f83ac6,0,2026
lucas gilbreath,f4077f73,0,2025
adam laroche,f41a4166,0,2015
blake smith,f425a758,0,2016
pedro leon,f4270aa1,1,2024
michael choice,f42b039a,0,2015
yadiel hernandez,f42b32b0,1,2022
chris narveson,f44bd9c2,0,2016
brian van belle,f46b63fd,0,2025
jake odorizzi,f46e1c0e,0,2022
cam alldred,f47dcdd9,0,2022
david hale,f47f75b4,0,2021
raul alcantara,f48c91e3,1,2017
shane mcclanahan,f4be9120,0,2026
matt chapman,f4e771ca,0,2026
dany jimenez,f4eb2cb3,1,2024
kenta maeda,f4ec007f,0,2025
javy guerra,f4f9ed74,0,2021
josh phegley,f50d07da,0,2020
nick allen,f530d51c,0,2026
kris medlen,f546f52f,0,2018
bryce brentz,f573af5a,0,2016
yasmany tomas,f5a8ac07,1,2019
will wagner,f5ba879e,0,2026
cody laweryson,f5bd95eb,0,2026
ezequiel duran,f5cbb98c,0,2026
chris young,f5d92838,0,2018
shaun anderson,f5dadbc8,0,2026
braxton garrett,f5e26c8f,0,2026
josh harrison,f5e29f53,0,2023
l j hoes,f5ea3fd9,0,2015
michael fulmer,f5fe2829,0,2025
bubba chandler,f602c609,0,2026
matt seelinger,f6249d76,0,2026
kyle dohy,f65593d4,0,2021
levi stoudt,f6583331,0,2023
craig stammen,f673af2b,0,2022
keegan akin,f673c1a2,0,2026
dilson herrera,f68ada62,0,2020
tyler fitzgerald,f6927b25,0,2025
jake fraley,f6b8919a,0,2026
jorge bonifacio,f6c76dc8,0,2021
michael blazek,f6d1b033,0,2019
matt marksberry,f6d4daec,0,2016
skye bolt,f6d9bced,0,2022
tony sanchez,f6de307a,0,2017
brandon nimmo,f6e0a3dd,0,2026
mark mathias,f6e14c3b,0,2023
vinnie pasquantino,f7055dea,0,2026
chris davis,f70d649e,0,2020
daniel johnson,f72443ea,0,2026
carlos frias,f74e2efe,1,2016
gunnar hoglund,f762b643,0,2025
zac gallen,f76307d1,0,2026
jordan beck,f76957f5,0,2026
marco estrada,f76d6ad8,0,2019
andrew morris,f79796c9,0,2026
kyle mcgowin,f7a7172c,0,2021
jonah tong,f7a9da49,0,2026
max meyer,f7c66cf0,0,2026
steven moya,f7d7ba27,0,2016
jemile weeks,f7e1f34d,0,2016
john andreoli,f7f6af46,0,2021
tyler zuber,f80170fa,0,2026
nick hundley,f810c3bf,0,2019
eric haase,f83bf978,0,2026
dalton pompey,f842e7ec,0,2018
anthony swarzak,f86799f3,0,2021
angel rondon,f88becd3,1,2022
adonis rosa,f88e93f1,0,2019
alexi ogando,f8b4b879,0,2018
jurickson profar,f8b9feb3,0,2025
ryan noda,f8d474ae,0,2025
jairo diaz,f90a5b7d,1,2020
ryan gusto,f91b25e6,0,2026
alec gamboa,f9212e66,0,2026
brady singer,f9231d10,0,2026
ty buttrey,f92a01a7,0,2020
r a dickey,f93cf5a6,0,2017
welinton herrera,f9460c00,0,2026
kyle barraclough,f9533a23,0,2023
corey dickerson,f972015e,0,2023
thairo estrada,f9854f9e,0,2025
yerry rodriguez,f98adc50,1,2024
josh hader,f994eb0f,0,2026
jose lopez,f9b0e3c8,1,2023
spencer arrighetti,f9b25881,0,2026
nash walters,f9b83ae5,0,2022
jonathan arauz,f9ba10b5,1,2023
wander suero,f9be3b60,0,2025
emmanuel clase,f9c4a4a1,0,2025
merrill kelly,f9d4e4e2,0,2026
hunter bigge,f9fcf1b6,0,2026
carlos beltran,fa0f9b5c,1,2017
matt vierling,fa203bae,0,2026
a j griffin,fa23dec6,0,2017
ali sanchez,fa41214c,1,2026
alex de goti,fa4d4814,0,2021
sean burke,fa5c5715,0,2026
billy butler,fa5ff213,0,2016
michael tonkin,fa627787,0,2025
kramer robertson,fa6dd181,0,2022
noelvi marte,fa71fa98,0,2026
alfredo marte,fa9b90fa,0,2015
sam clay,fa9f6654,0,2022
bryan mitchell,fadda9d3,0,2021
johnny davis,fae166f1,0,2019
jared jones,fb09baba,0,2026
brandan bidois,fb0b9204,0,2026
andrew bailey,fb1633db,0,2017
johnny giavotella,fb262eff,0,2017
daniel schneemann,fb47711b,0,2026
rhys hoskins,fb729e33,0,2026
triston casas,fb781ccd,0,2025
dereck rodriguez,fb7b8c27,1,2023
mike olt,fb7fee18,0,2015
erik kratz,fb82ca0b,0,2020
max lazar,fb864d12,0,2026
sam hilliard,fb919e94,0,2025
jung ho kang,fb9c36f4,0,2019
jose trevino,fbab510b,0,2026
kyle stowers,fbbbe030,0,2026
justin turner,fbc00dba,0,2025
zach granite,fbcdfc5f,0,2017
gregory soto,fbd3cb7c,0,2026
aaron whitefield,fbd4e8fa,0,2022
mitch keller,fbd94e66,0,2026
chris volstad,fbde3192,0,2018
kevin newman,fc11b0b5,0,2025
carson palmquist,fc155dbc,0,2026
jake hager,fc398f5b,0,2022
braxton fulford,fc423911,0,2026
mark melancon,fc604156,0,2022
carlos gomez,fc8bf38d,1,2019
jamie romak,fc917363,0,2015
donny sands,fc941eaa,0,2022
corbin carroll,fcad53a8,0,2026
esmil rogers,fcbf3d6f,0,2015
taylor gushue,fccf4b32,0,2021
tyler cyr,fd0461d8,0,2023
chase utley,fd05d2d4,0,2018
hyun jin ryu,fd18ef3b,0,2023
ramiro pena,fd199cdb,1,2016
juan uribe,fd1b7e5d,0,2016
matt holliday,fd1ce1e4,0,2018
stone garrett,fd4a3ce6,0,2024
bubby rossman,fd577ee4,0,2022
logan henderson,fd5afa54,0,2026
jimmy yacabonis,fd799b07,0,2023
weichung wang,fd9cd488,0,2019
jordan jankowski,fda48ce8,0,2017
kevin kiermaier,fdb19ad6,0,2024
adam macko,fdb2f634,0,2026
tucker barnhart,fdc7ab96,0,2025
wander franco,fdd8af79,0,2023
dan straily,fde58414,0,2019
brendan donovan,fe5b3f72,0,2026
david lough,fe70c3aa,0,2016
griffin jax,fe90fca8,0,2026
ryan ritter,fe9fc3b2,0,2026
nelson cruz,fea2f131,0,2023
randy choate,fea442d3,0,2015
nolan mclean,feb8aba7,0,2026
michael kopech,fec0fb04,0,2025
bailey horn,fec46b1c,0,2025
charlie furbush,fee581a4,0,2015
yunior marte,fef94ec4,0,2026
taylor widener,fefff655,0,2022
richie shaffer,ff04bc4f,0,2016
edinson volquez,ff0508b6,1,2020
bryan lavastida,ff1bf792,0,2022
sal stewart,ff1febac,0,2026
tyler ivey,ff2e44f7,0,2021
marcos diplan,ff30631d,1,2022
adam eaton,ff3ec4a7,0,2021
nik turley,ff594270,0,2020
wade meckler,ff778cee,0,2026
brandon eisert,ff7d5fe4,0,2026
alexis diaz,ff97e680,1,2025
jeremy bleich,ff986269,0,2018
clayton richard,ff9ff465,0,2019
connor gillispie,ffa4c69c,0,2025
latroy hawkins,ffa6d9cc,0,2015
jonathan pintaro,ffa7b350,0,2026
anthony ranaudo,ffb78a56,0,2016
trey wingenter,ffcd89b2,0,2024
abimelec ortiz,ffe717a3,0,2026
