day,rct_epoch1,raw_field_token,canonical_token
0,0,R71ea339cdd,Cc9b91fec0d
0,0,R93806edc09,Cf15e5a92ce
0,0,Ra66511e9ed,Cb36d059194
0,0,Ra7b2229380,C3fcb54ba58
2,0,Ra9d166d653,C63febbe380
2,0,Raea82e0c5f,Ccf2e089050
2,0,R7b22cdaf21,C033ff5b672
2,0,Rf053113689,C6ee4d0286b
2,0,R5fe8c6dd85,C51e3b53fc0
2,0,Rcb90532151,C9309d00e38
2,0,R42d800fa00,C767ab116fb
2,0,Rf8ec220325,C6ff3adb469
2,0,R43e7480ef1,Cc7550c5e90
2,0,Ra581c12843,C1b53bc036c
2,0,Rf88ef725bc,C11819cdd91
2,0,R6ba4d6496e,Cd18d66847b
2,0,R6658e392ce,C6d53ea362c
2,0,R2bdb93f691,C4fa749f6b7
2,0,Rde2db29c30,C47eeafad68
2,0,R3bfcdc7dff,C6331e207b3
2,0,R82bfe9ebac,C15dee42940
2,0,Rbc69b73b92,C15b9af3d0f
2,0,Ra7b2229380,C3fcb54ba58
2,0,R6aa2839a83,C5ed2f8fb54
2,0,R93806edc09,Cf15e5a92ce
2,0,R21314b3ad5,C5d564145a3
2,0,Rce6721c1f9,C52bc5b57b3
2,0,Re8e11b0d00,C4e5a5bc5c4
2,0,R9c47b08e13,C62928a1363
2,0,Rb3ae56134b,C661adb0deb
4,0,R9d5c2f8668,C8adf0a8998
4,0,Rcfd4dfcb57,C1841378ddb
5,0,Raf310af1a2,Cfebc604e5b
5,0,R9ec0bf870b,Cdf8bbe3708
5,0,Rbdf5b57931,Cd62c583c8e
5,0,R254390c98a,C1116771480
5,0,Rb3e24bad9c,C07a858b222
5,0,R56d1b21952,C94ce455018
5,0,R6056e02196,Cbbccb40a92
5,0,Ra3a6715b38,C4fca517c4d
5,0,R42e1bfe4c4,C5c744deee9
5,0,Rd61341d792,C055e82dea2
5,0,Re836a2f9ab,C8b248f3d4d
5,0,Rc38c0e13ad,C1cd413fcbe
5,0,R7f98820c41,C4a425ec71b
7,0,R994a1fec9c,C10253e00f5
7,0,R2720af8184,C803ef65143
7,0,Rcbd61467d4,Cb6c4e3fddc
7,0,R79f5b46e0d,C45f4684eeb
7,0,R715d6104f7,C488b77c063
7,0,Rb09b5b2561,C9e85b64b43
7,0,Ra29eb1dff6,Ccb7604476a
7,0,Rd93d18b9c5,Ca6aaadb877
7,0,Rd5d5a2eaea,C95058421c9
7,0,R951542515c,C54b29182cc
7,0,R0413baeb7a,C282c122803
7,0,Reee35ae182,C18ddc0377e
7,0,Rf6ef5791d7,Cc9051d0816
7,0,Re3c15e76ca,Ca2dc2ac257
7,0,R4808625c18,C4b17d3c457
7,0,R24d9594560,C1b28aae8e9
8,0,Rcf5b58676d,Ca86dea3da6
8,0,Rff5ff8bcc3,C2be5707f90
8,0,Rfef3d32d16,Cf48fcacbcf
8,0,Rad9078ffa5,C22929b19d4
8,0,R8c1f4fcbfe,C825372b9f1
8,0,Ra8186bd42e,C9ac9b95722
8,0,R1a42a17d3e,C1a37c4e1e5
8,0,R388dc86335,Cd9a72577b3
9,0,R1ad19933bd,C0b10112708
9,0,Rf723dfd8aa,Cece4c5031f
9,0,Rbc42bf0471,C64e854bced
9,0,R5be13742d0,Cf86afb5a9d
9,0,Rc92f1e1a5f,C022ddf8400
9,0,R37f3b6608e,C258e55bad7
9,0,R541f57c1e3,Cb60904a5f6
9,0,Rab428355ac,C7c2383bfe9
9,0,Rf50f768b15,Cb24aeb999e
9,0,R1caaf96266,C9dcdfa2bf5
9,0,R3a195c45e2,C1e5a81cf00
9,0,R39ed71b9fb,C26bc4149ed
9,0,R923742278d,Cdbcf45a821
9,0,R15c50e3c64,C956cc48454
9,0,Ra567814f26,C10888633ad
9,0,Rce36a69cb7,C94427a4177
9,0,Rd16399aa9b,Caa660de5e0
9,0,Rb62eda2d5d,C01e14b7167
9,0,Ra6ce5dcbdc,Cc878af5ae9
9,0,Rf8d5115d31,C8a2b853aa3
9,0,Rb09b5b2561,Cc9316a14cf
9,0,R92f52316ac,C140de114d9
9,0,Ref21313502,C51766be560
9,0,Ra25c6b7765,C9c56b6e16a
9,0,Rddcf305a3a,Ca2bee60516
9,0,R8f1e86b89e,C382e7fa58d
9,0,Ra67752b9a5,C042955a7ab
9,0,Rf80be034f1,C492dac057b
9,0,R4e8dc57ed5,C240baf51ce
9,0,R4859ba3824,Cc711acc744
9,0,R1d37980dac,C6c4b24f404
9,0,R11fd09b5be,C5a34f27f6a
9,0,R848dd5a3ef,C273740a96b
9,0,Rc26c0e9279,Ccc9b52522f
9,0,R8cc3025ec9,C15ebf04231
9,0,R31dc031a6f,C2065c15f46
9,0,R9162262362,C535837b13a
9,0,R64a8a7402e,C977df51bd6
9,0,R4634a79c33,C8c97bb5f9e
10,0,Re90e7beb78,C4c937547a1
10,0,R5fcedd9c4d,Cf9aa931765
10,0,R93806edc09,C3332cabaed
10,0,Rc8da244dae,Cf126df49b1
10,0,R1c5b1d5951,C1b339ba41f
10,0,Re16faea661,Cc7f9b2fb4d
10,0,R2961142538,C92178606e7
10,0,Rfbd4e87134,C57c9bcf7c1
10,0,R9ec0bf870b,C7dd80e3a4d
10,0,Rb747206401,C7fa8d87b2b
10,0,R6290921d74,C3fbcde9092
10,0,R18df3a38da,C50a1cc7fde
10,0,Rb4a61e8646,C2c8a5d0c61
10,0,R826601e5f6,C470bd88afc
10,0,Rc92f1e1a5f,C022ddf8400
10,0,R5b86760a3a,C91367c9480
10,0,R2dafb0de3f,C863f91ed64
10,0,Ra8ea0da3ce,C8659230035
10,0,Rb8383980d3,C1f84421b58
10,0,R82e3118a66,Cafe887dd1e
10,0,Rd8b3e6dae0,Cdedf5de035
10,0,Re8e22579f5,Caefe1a9c6e
10,0,Rba8fd181e8,C37953eff44
10,0,R99825c35a9,C4c04767eba
10,0,R7a470b8e4a,Cb4d31f04f8
10,0,Rcf618bd200,Cc2517f4135
10,0,R7a3f80630c,C04b16d3316
10,0,R2c2fc6bebc,C3659621eb9
10,0,R84906aa61d,C76a865bd0e
10,0,Rb8d6f1aa86,C184a5c9cfc
10,0,Rb4061107f4,C3121ba9dee
10,0,Rc643705882,Cb8065702f5
10,0,R5ab574bdd0,C5b314d8b2b
10,0,Rc1d3e1045a,C5b38e706b9
10,0,R9f0956a63a,C46a7e6e46c
10,0,Re68d0b8525,Ca2ba10db91
11,0,R8ba00ef699,C970c80ebf2
11,0,R99a042262a,Cebeb752efc
11,0,R12ac8997dc,Cf6ee90c233
11,0,Rc0a1e95ca4,Cb9b29af744
11,0,R5b037417e3,C55ce9c29d7
11,0,Ra5111975cb,C1d1891c274
11,0,Raa296704ba,C8d8e0e4516
11,0,R1e2874a134,C294a5f1c8c
11,0,Rdbf707f6e2,C480ee53419
11,0,R17f85865c9,C970f7c9865
11,0,Ra8f80d15ed,C4858b7b191
11,0,R88226ddc21,C5da6d7026d
11,0,R1f5e6c1f96,Cc9755f945e
11,0,Rc63cfb245b,C968c728afc
11,0,Rf4fcee5c8e,C9553034965
11,0,R050f3c3da4,C2aeda3a6b2
11,0,Rd125764ef8,C54d7e81d22
11,0,R6d1c124301,Cb4a198198b
11,0,Rb286ffb0c5,C93ac56175f
11,0,Rdfc8b00c82,C6ed26e0e6d
11,0,R16238d7472,Cf0d08c0f9b
11,0,Re740b1b097,Ce3213f018b
11,0,R26694eab28,Ceb7419e478
11,0,R21dff73379,C584189aee0
11,0,R15c50e3c64,C9e494a5665
11,0,R4ad5d6d503,Cca80106a1d
11,0,R4859ba3824,C040ef5d4da
11,0,R464445e26d,Cbf94d6660b
11,0,Rcbe917bf22,C014624e58b
11,0,R83b577eb4d,C49ccf6de2d
11,0,R1d37980dac,C8e9406d5a0
11,0,Re84b2b63fa,C4edbd1b589
11,0,R4a28adb809,Cb42d19249e
11,0,R4e8dc57ed5,Cbfc576fba1
11,0,R6719e0a4ed,C11ebc9154b
11,0,R6b1162735b,C1a08d2b27f
11,0,R52ec492fa6,C9d774411a8
11,0,R9162262362,C89ba7584ac
11,0,Rbe69b099c6,C7610da31a4
12,0,Red8204d8bf,Cf40e9e5dd7
12,0,Raac10c717a,Cde6f23ee57
12,0,R07d893819e,C0feceedd83
12,0,Rbe33f5940a,Ccbde2e3924
12,0,Rf7704c727f,C5dfe83bfdc
12,0,Rc04dbc1c9a,C5e6b9e0545
12,0,R4ab8264f0c,C775c5c94dc
12,0,R2f6d14f126,Cf102a43d2e
12,0,Rf98af1af7a,C7467a633d0
12,0,R2da302c6cd,C4c7e397af9
12,0,Rf1f7be1840,C494c43125d
12,0,R99ee1cf49f,C6fda49f9ab
12,0,Rdc0a149262,C73c8c80cbd
12,0,Rce6721c1f9,Ce29616d74d
12,0,Rc470208aca,Cb2ade8b806
12,0,Rb945fb7e9d,Cb7e46b701e
12,0,R60269e9e11,Cc1f486c5e0
12,0,Rd576f793d7,C2abe9d8cc8
12,0,R8da3a01ea0,Cc4828fddde
12,0,R3204bede6c,Cc953e439c3
12,0,R02dffc10bb,Ce06d347242
12,0,Rf4ee2b4a41,Cce2ffdc488
12,0,R4a2e62dcd8,Cc165f2bbd9
12,0,Ra1e4b44817,Ccdf45c4390
12,0,R713087457f,C40f75ca719
12,0,Rc199fbce9f,C1648443946
12,0,R0698519f24,C96bce480e7
12,0,Re9c1115080,C2476959111
12,0,R557bf01678,Cca97ef10c6
12,0,Ra7b2229380,Cd08ce8d021
12,0,R36225b43ec,C2ed3128ca6
12,0,Rd62ed087a4,C47de55e735
12,0,R884a8c5ac0,Ccd32957f11
12,0,R10d077b8a2,C8264fcd2fa
12,0,R045878eea9,Cf706fe40a5
12,0,R8a815a9432,C7a57ea29e5
12,0,R61d52aa317,C86fc140980
12,0,R82bfe9ebac,C9396631e4f
12,0,R017e7e7ab1,Cbb5c383829
12,0,R3ee291093d,C402712fe41
12,0,R7947f217a3,Cf6c2b009b1
12,0,R0ae952774c,C623658cfd5
12,0,R79cfc51671,Cc00e9f815f
12,0,R9ff426efb4,Cc3638969e0
12,0,R2ff23c4a8f,Cdf45eb7755
12,0,R87436ba1b8,Cffe26a8348
12,0,Rbd0fe1762f,Cc7bae50c69
12,0,R5b920b1520,Cbd96df996a
12,0,Ra6d1950cce,C531dd64548
12,0,Rea182d07f6,Cbf0448fa37
12,0,R7fcbc398b2,Cd274c65070
12,0,Rd9193f7469,Cdef2f98f92
12,0,Rf1a8b9091c,Ca8bac0809a
12,0,R289dcb8284,C022900d1c8
12,0,Ra28f92ca6b,C2ebf451982
12,0,R043ff35224,C07ea57a3a8
12,0,R58dd663664,C763d8496f8
12,0,R62c0f8211b,C60ff7ef996
12,0,Rbada83fd2d,Cc39e0dc7e2
12,0,Rfe8afcf53a,Ccf7c33d6d1
12,0,Rd58cb6cf64,C20d94c1986
12,0,R8c4b75c62f,Cac1e2c2eb9
12,0,R53c99c6795,Ca0df872485
12,0,R8f5fbb24b2,C600ef46086
12,0,R18346be5aa,Ca9f09e10e3
12,0,Ra90b373782,C553815b66d
12,0,R1e4e782bc4,Cb4baa29609
12,0,R3614574fb2,C433875bc75
12,0,R08dc58d63c,Cb21433085f
12,0,Rd8ef6f164d,C33ed5402c2
12,0,Rcc0a6102ee,Ca3771a5f23
12,0,Rfc5ed0a580,Cc5a010c430
12,0,R8d400c40f8,Cf40076ab34
12,0,Rc6d7cef96b,C79fb0ad4a4
12,0,Rc758385a44,C9bf294059b
12,0,R1ae7e08c3f,C91ed96b0c1
12,0,R458e086fe8,Cc79a630b9e
12,0,R6b4ab5baa2,C31f0d730e2
12,0,R1caaf96266,Ca454e8a5bc
12,0,Ref03faab81,Cc8cc96acab
12,0,Rf3a265bc9c,C4f1b843d9e
12,0,R5f6d09c46b,Cd8a5c50b7d
12,0,R20eb91ce6b,C677fc39fe7
12,0,Rcdf18d9d45,C975f0ea995
12,0,R2f7bdbf089,C5f2696fc15
12,0,Ra0ddba0001,Ce3b5fc637e
12,0,R66e09cc12e,Cbc229f926e
12,0,R8ed59903f7,C79d4c38102
12,0,R481624b1d8,Cf176a8211c
12,0,R0b968be708,C27fa720e2a
12,0,R4bf1da8cc9,C0709dfffd8
12,0,Rcb55117334,C6af2ea74d2
12,0,R490b71bf8c,C4e76dbc0b5
12,0,R5f476af788,C1800c0a4b6
12,0,Rfa6ecf547d,Ccfeda7ce9b
12,0,R1c59c069bf,C8f48fc53ee
12,0,R982a7c0f3a,C5e85c27023
12,0,R0db9ebb49c,Ce02ffa9dae
12,0,R3e9dbe21ef,C5160bc11db
12,0,Rcc990bcce9,C9e97dba738
12,0,Rd31010e9d4,C58e4aaf798
12,0,Rce0c226ef7,C8e968342fe
12,0,R5303aac2af,Cfecb371953
12,0,R8d151c94ac,C0984dc3f94
12,0,Rd92c570017,C68ed4da095
12,0,Rac15ca50c8,C81dd9fd859
12,0,Rfbe5d919ea,C60351400e2
12,0,R7de0a539b6,C1e66fd3e30
12,0,Re4cf1b6e97,Ceca0d74cee
12,0,Rbb009e76b0,C73a75f9dfd
12,0,Rd14126aee1,C95b5155d3f
12,0,Ra773acca25,Cc11d9d405f
12,0,R3bf4e4a587,C65518a2516
12,0,Ree4b1e45e0,C8958fa4879
12,0,R9a94f725fa,Cc020a4bc26
12,0,Ree95880237,C978a2583b6
12,0,Rd0604b0ffc,C639fc2b53f
12,0,Re00d3d6d35,C14cf364e39
12,0,R364cf676f3,C9862923e4d
12,0,Rfadc5bbb52,C3c30588ee4
12,0,R844ce92283,C8ddfced752
12,0,R2d9e25b640,C9c7a7ea781
12,0,Rd58f8ffbd9,C3a1ca53d40
12,0,R44fee6dd42,C7cf6c73731
12,0,Rb7f0d2cba6,C3bb8690fe3
12,0,Raa9c86c229,C126d0bca58
12,0,R04fb37dab9,C4292bb792b
12,0,R7499cba7c6,Cd1ca965e60
12,0,R407f61b100,C33077e87c2
12,0,Raba8804764,C83bf4ee0f0
12,0,Rd88502c786,C91cede807a
12,0,R4f4025920c,Cfdfe3cc51d
12,0,R994a1fec9c,C800a8d27ed
12,0,R082679b5cd,C873be37e26
12,0,Ra133101d9c,Cb5cf646f24
12,0,R923742278d,Cdaf2b7527d
12,0,R4a27add1e3,Ce6660028f8
12,0,R8311ee3759,Cbf9f48b012
12,0,R963855cf56,C3777745d30
12,0,R4e621187aa,C8e73564ff8
12,0,R2202a6a0e9,Cd98cdcbcb8
12,0,R61f729013c,C9b6e53fead
12,0,Ref21313502,C105075bff6
12,0,R857e84eb15,Cd594a8df05
12,0,R0abe1521a4,Ccfb18d53c8
12,0,R5136a05c96,C95df6a98b8
12,0,R9f0956a63a,C5300c0700b
12,0,Rc4211e843f,C2b0fc8aa73
12,0,R88f194c4b3,C372606daa4
12,0,Raa8f104ea0,C9f10bcf777
12,0,R97b8202618,Cbc0a683a6d
12,0,R108c0c7ee9,C5c5ac5b3b6
12,0,R59b59dfd16,Ce477d8c243
12,0,Re2a974bcba,C8e6e8d91d0
12,0,R7084c6dd57,C2895c295a8
12,0,Rc20cb8dfb0,Cda80ed606a
12,0,Ra701898043,Ca113c0aa31
12,0,R8d9e6d09e1,C7e2d1f75ae
12,0,R1c0e990350,C0f13bf99dd
12,0,R85b5cf6f12,C1cea321da4
12,0,Rad840526e9,C55df6a1759
12,0,R8c1f4fcbfe,C825372b9f1
12,0,Ra8ea0da3ce,C6d071c92b9
12,0,Rebada8e0ea,Caf223d0c5e
12,0,Ra6e09b80b8,Cb058b2727e
12,0,R2c2fc6bebc,Cffa2ff4ae9
12,0,Rf3b5c5d0b1,C30c333aae8
12,0,Rf52a6c59e6,C2c912bf369
12,0,Rae5cfbe53d,C2cb4324858
12,0,R94139d3e9a,Cf4b23e94b3
12,0,R24f18cb46d,Cf2ddb23254
12,0,R2d76400276,C9101079c45
13,0,R1b1b09da57,C99b8c44ede
13,0,Rca4239e010,Cf3f78b7c0b
13,0,Rb4f6b5fb12,C3abc120716
13,0,R238ed05217,Caf500f34c8
13,0,R0df1095ce1,C72be4627fb
13,0,R8a2c7a9d0b,C1bbe85cebb
13,0,R894effa964,C5917f41b23
13,0,Rb7b8b88da3,Cd8c5e7fe09
13,0,R69acdbf0e1,C7499383b2d
13,0,R9c6a6dfb85,C3b8916d8f1
13,0,R1419b6a3dc,C80b33fdc8e
13,0,R0873494bdb,C56f7004751
13,0,R1674f1018e,Ca3be3a56d6
13,0,Reb6f1f43d3,C8af23e774c
13,0,R729ecfcea0,Cfb78d9078f
13,0,R3002982a21,Cbd64253275
13,0,R9e6f281ea1,C5e47e16de7
13,0,R308ee170aa,Cec7d789326
13,0,Rdf7ef200d1,C2c5336d14e
13,0,Ra4671823b2,Cfad289b162
13,0,R4ab2daa4ff,Cf89d8f60be
13,0,Rbd2a4469bb,Cf0361859cd
13,0,R94cdd3cb04,Ca84302c628
13,0,R502262a95c,C84d7e89587
13,0,Ra9b4042266,C9a98470b9a
13,0,Raa6af7026f,Ca923b968b0
13,0,Rfb8a82155a,Ca66c8a7bc2
13,0,R2434d98434,C110e78bc78
13,0,R1689a5e1da,Cf626d94b0a
13,0,R7be16f09c4,C5cb3156a26
13,0,R6afdc70721,Ceb6b38dec3
13,0,R4851eed829,C5fd9e0d278
13,0,R84d115fb41,Cb6fb487f7b
13,0,R5a79d7fba5,Cbe50500cd2
13,0,Re3c466615f,C74cb624ce5
13,0,R4d0e9b2161,C4504d925a6
13,0,Rf87e1c5261,C280ff2c693
13,0,R008d5dfac5,C24c3bc43ae
13,0,R9f5b5992b6,Caf9b7f355b
13,0,R6e2cc6a00a,C1408d0ce47
13,0,R5e04591210,Cdd9b65fe37
13,0,R6c6396aa29,C1f61cddebd
13,0,Rdca51334ad,C8d8063e7fc
13,0,R654703123b,Ce5bb58f38f
13,0,R5c7bb39493,C741138b5c1
13,0,R6b47efb60c,C04dc7b28f1
13,0,R663d3d8de4,C64e0fd496c
13,0,R9a6e952006,C8c311a08cb
13,0,R13743ab4c4,C8e868b2e2f
13,0,Rcb90532151,C813f311db2
13,0,R1caaf96266,Ca454e8a5bc
13,0,R0e8ea7ebd1,Ce08f03c99b
13,0,R52a6d11315,C885bddf64e
13,0,Rbb4fdc9e77,C80d9cfa856
13,0,R6150aca106,C03151d7cb2
13,0,R26ed844be4,Ce53a16e050
13,0,R20e4e8c432,C6385c9d676
13,0,Rc3dc51e0ef,Ce1ef29b567
13,0,Rbcc296231f,Cf219f61cea
13,0,R06c8c81543,C92a2f24a44
13,0,Ra7b2229380,Cd08ce8d021
13,0,R95c95d6594,Cd62d55ae2c
13,0,Rf4cb304fcf,C3fbf8a8ae9
13,0,Re4ccad83ff,Cc44d9c9564
13,0,R8144dc5745,C126d41fe1b
13,0,Ra66ca811c6,C7ad0c9c4f1
13,0,R50fbe0a3b4,C30d28e1b02
13,0,R52b2ded8e7,Cbe7ef66e01
13,0,R6164c74e66,C02f575aacc
13,0,Redc6fd599b,C35350c7255
13,0,Rb2fba14f51,Ce634b88163
13,0,R491fb95b14,C342b9acaa2
13,0,R2ff23c4a8f,Cdf45eb7755
13,0,R55989352b9,C4af7e4b241
13,0,Rbe2b74d756,C4cced51b7a
13,0,Rcf062f6ad7,C9bd9521d10
13,0,Rf36c932d1a,C8ff055c9fe
13,0,R79cfc51671,Cc00e9f815f
13,0,R9ff426efb4,Cc3638969e0
13,0,R7b82a90183,Cbfe28d581b
13,0,Ra3e42713fd,Ced5636bc1f
13,0,R3aecc96f8a,C85cc4c91e4
13,0,Rff7afa5377,Cbeda01736d
13,0,R5b18575613,C46ae278330
13,0,R9c47b08e13,C5a8c33ea98
13,0,Rc12b7e839a,C8ba18bb8ff
13,0,R40730e0850,C7759451a2c
13,0,R387806375d,Ce3ed87e071
13,0,R4999a85528,C0b7db7b6e5
13,0,R2164322338,C19fe267bd9
13,0,R47b1a9677e,C4bd8e170ab
13,0,R2d29f92b2e,Cb9642ddff5
13,0,Rb1845680f7,C2349911ce4
13,0,Re3c46efe14,Ca36e5ed387
13,0,Rca17633d8a,C70dd646c1a
13,0,Rba7245e41d,C5cf0169ced
13,0,R64769c8c60,C1ddd9eff83
13,0,Ra2d95e626a,Cc509aa4869
13,0,R2f7bdbf089,C5f2696fc15
13,0,R89a0622261,Cedb99efb5d
13,0,R3e4584c90c,C257f5ddefe
13,0,R045878eea9,Cf706fe40a5
13,0,Rc285113d5f,C83d2494000
13,0,R56b3cbb71c,C7122489a2a
13,0,R76c6e070fd,Cba183d0d6a
13,0,Rbd3d04eb03,C64d9ad5428
13,0,Rff25727bbc,C8afd5380b4
13,0,R81a802f449,C050ec2a554
13,0,Ra954754a13,Cb8f37daf3c
13,0,R749992798d,C316ac443aa
13,0,Rb10fa5ef5e,C8f737176d9
13,0,Rc9a9e550bc,C15218829b9
13,0,R6b426bfb17,Ccb3269b178
13,0,R043ff35224,C07ea57a3a8
13,0,Rb383fa2c5c,Caa653f6956
13,0,R6cbbdb89db,Cda47f0cbf0
13,0,R1444cac37f,Cf0453a32e2
13,0,Re805303538,C410a15f6e9
13,0,R518ef7da56,C0dee1ebaa0
13,0,R7d1cefd9ea,C53cee0b912
13,0,R82b0aedb2a,C1d617e279f
13,0,Re967bffcb5,C451b069dd3
13,0,Rec2b8a19db,Ca88d70c0f8
13,0,Rbcc100890e,Cba3b9648e1
13,0,Rab428355ac,C0f2cc8b6f7
13,0,R8bfd65a9f0,C890c276ada
13,0,R28419d682e,C978013d3c0
13,0,R7af34b1144,Cc08a36f346
13,0,Re76646e8ab,C202c0f64cb
13,0,R1c2fcbb231,C565a5207e9
13,0,Rd58cb6cf64,C20d94c1986
13,0,Rb845eed0c1,C60f1b4cdac
13,0,Rc356d2001b,C8e3ff305ea
13,0,R0014110b91,C6b7f8cb092
13,0,Rb4fb823821,C594c9e48ca
13,0,R2ea339bcd3,Cacee508152
13,0,Rcf8efb044a,C23ec9618c1
13,0,Re3af0eb0ca,Cfdf35d09d9
13,0,Rae7fe634fd,Cad75de07e9
13,0,Rb747206401,C7da27c5800
13,0,Rc6d7cef96b,C79fb0ad4a4
13,0,R7947f217a3,Cf6c2b009b1
13,0,R82bfe9ebac,C9396631e4f
13,0,Rbc5106120b,C7ccaa7c76d
13,0,R5475a30dc9,C971ea46411
13,0,Raca48a309f,C4a6d658eeb
13,0,R8bcba3e5ad,C743439a18a
13,0,R944c160cdb,C01c69b73c9
13,0,Re119d2542c,C99d57c254c
13,0,R1d46f93a62,C699586366a
13,0,R664f44b1ee,C1ba2390965
13,0,R268a40969d,C38ff029308
13,0,R41d2dfba46,C5fae96f829
13,0,Re7089fb631,C81e1d75618
13,0,R9f376f3749,Ce332d5ded1
13,0,R5f6d09c46b,Cd8a5c50b7d
13,0,R50a7782f20,C26684de965
13,0,R6404f244d5,C38b7ea2d46
13,0,R1cd6ed96e7,Cd61686c1dc
13,0,R466cf9cabe,C239febf84e
13,0,R2bdb93f691,C73173e65d3
13,0,R67e8b039c6,C541a693398
13,0,R6056e02196,C6da3d72421
13,0,R3cfd8deff9,C0367d368df
13,0,R713087457f,C40f75ca719
13,0,R0bef90c7bd,Cbbb9c988e9
13,0,Rb12ffb4a41,C479b6e8b4a
13,0,R1434576846,C464ad7eea3
13,0,R7b5d0c9f9f,C5ed7d95510
13,0,Ra8ed15cbed,Ca5290f5635
13,0,R4aed950008,Cabd38638ae
13,0,R49c70a3071,C751aef9c67
13,0,R5c207c632b,C8ba2ec5dca
13,0,Rc7c28d492c,C357fdbadc8
13,0,R9426b226a4,C9f64fdf97a
13,0,R5c0b14ffb7,Cf09691c2b5
13,0,Rc2f1d83466,C6fcb8b39d7
13,0,R83d50288a6,Cd8b0ee6b2e
13,0,R3dc46878fa,C1641d9efd6
13,0,R3473a9fa80,C9b2e585d38
13,0,Rfadc5bbb52,C3c30588ee4
13,0,Rfe314dfa5e,C51b209e2ba
13,0,R15310e7af7,C7b86e3455c
13,0,Rbad4db0101,C9f954a799a
13,0,R7f62bf2ce5,C1e1c73b93e
13,0,R3ced5861d7,C939f7ddaf2
13,0,R0d3f28baf7,C4def147959
13,0,R49572bf4de,Cd492b3c924
13,0,Rd88502c786,C91cede807a
13,0,Rcd2cff0eb9,Ce45102bb8c
13,0,R48adfb0700,C8289324764
13,0,R83f6f16a88,Cd7adc9763e
13,0,Rb10ec6f5ad,C4cc389f5f3
13,0,R54624ca5c9,Cd217d9712e
13,0,R38e8cef644,Cc156fab5ab
13,0,Rade13541a8,C3f27b422c8
13,0,Rce979ab1d1,C04d0c0e663
13,0,Rd04e566279,C0f42b1e6b1
13,0,R8f8ba0bc74,Ce67636d628
13,0,R577e2fd5ca,C34c6806734
13,0,R4f4025920c,Cfdfe3cc51d
13,0,Rca41376fe2,Cd4e72791b9
13,0,R2e07092956,C2e9f9a62b9
13,0,Rcc990bcce9,C9e97dba738
13,0,R3e11144e7e,C0f57e6eec2
13,0,Rebeaad8e27,C78e144163b
13,0,Ra2f2e144d5,C0d65ba1c8f
13,0,R0cd9f2fbbd,C46d7a54f36
13,0,R40cbbb88a3,C737505fa96
13,0,R03b3e6c2e2,C74f787ee2c
13,0,R6b1c1af053,C9fd3d7a284
13,0,Reede3a9a81,Ca66e7f5ee3
13,0,R897582facf,Cfe3d0b7000
13,0,R359cf91b35,C34ddaa35c4
13,0,R5b740725e4,C5a17e12f7b
13,0,Rbada83fd2d,Cc39e0dc7e2
13,0,Ra6c2320db3,C57c885b603
13,0,R9ecdbff2c4,Cf0c63a2ab9
13,0,Rbb3893270d,C285a49286d
13,0,Rca3496b9c8,C0b45ac3b24
13,0,Rbe3b3059b6,C92ea0f7926
13,0,R875949d146,Ce50b46b142
13,0,R3ec2a00fe4,C24713962b9
13,0,R9d959365c5,Cab18354645
13,0,R6fe4c6bebc,C71d25165f6
13,0,R6ff352f615,C3217deb1f3
13,0,R4cf7d7361a,C4d97913b28
13,0,R6928dfcfd5,C7b5d66d42b
13,0,Ra31404ebdf,Cba2d244558
13,0,R7bea4a38b7,C180b8d0855
13,0,Rdc94d24554,C19188b4304
13,0,Rb22ce8ce99,C6c988c0587
13,0,R89fecc345e,C795ca3a646
13,0,R123a051431,C5f2925729f
13,0,Rcd7c58b6ad,C84a086846a
13,0,R894b5430e7,C2b6566cdff
13,0,R6404021900,C383dbf57a3
13,0,R8582887d4c,C616a54d889
13,0,R046d73d6fc,C07d18c4c0e
13,0,R088330d24f,C2f8061f2b9
13,0,R6a68e34799,C27270ba19b
13,0,R62132bb474,Cdf2a80daa0
13,0,R1d64d66096,C1d2f1296f1
13,0,R289dcb8284,C022900d1c8
13,0,Re0a6618b40,Cc23a1bb1aa
13,0,R9e3d94aba1,Ca993b17f37
13,0,Rd551b45e8e,Ce636a4692f
13,0,Rbd88f2d5ad,Cab30f64dde
13,0,Ra6211e8e96,C2c4b9e1b13
13,0,Rbc69b73b92,Cad85cf8916
13,0,R387a78395f,C95abbc64db
13,0,R893b795b5a,Cb697117627
13,0,Rb37c260712,C27d9e6be94
13,0,R580d82fcee,Cf1effb6d83
13,0,R3e32eb6053,Cdd8480a3c8
13,0,R314cadb9d3,C6fb9ac2fb1
13,0,R65adb60193,Cf8fd38076d
13,0,Rc6ffe3793c,C339e6f49a9
13,0,R407f61b100,C33077e87c2
13,0,R02e2c4c094,Cf47fa1c02a
13,0,R42a003128f,Cc901185020
13,0,R5294e989c9,Ccb7ba5ef30
13,0,R908b85d6fb,C4eb2b77d18
13,0,Rc437a4b81a,Cd270a50de6
13,0,R47a91f275c,C026aec74be
13,0,R3957fe4037,Cf80814241e
13,0,R7fcbc398b2,Cd274c65070
13,0,Rd696b35c7a,C92d139be36
13,0,R1ef3f585a6,C886749cab4
13,0,Re1baed8c41,Cd639886682
13,0,Rb7f0d2cba6,C3bb8690fe3
13,0,Reacbe4e38e,Ca0e491f1be
13,0,R00043f2564,C7ff165ef56
13,0,R1f940ab589,C97cdbfa065
13,0,R385a0ced0a,C020f60afcd
13,0,R0df7424664,C6210138798
13,0,Rc7fcd731aa,C203d7c593d
13,0,Rfbb7cd9ce7,C41157e5dc9
13,0,R7da7da3504,C67b9835db6
13,0,Rd58f8ffbd9,C3a1ca53d40
13,0,Rd8712902db,Cb22186c1a1
13,0,R52a709b0d8,C5d6e69d0f0
13,0,R5022fab673,Ceef78efdd3
13,0,R6bb6c9f760,C97cd88e717
13,0,R86b8366657,C24c3b07b73
13,0,R213df126d9,C32a96c580c
13,0,Re420650e73,Cf7d2c65f48
13,0,R9df33aa992,Cd43ce520ab
13,0,Rec7c0f6b97,Cd60c6a2d2a
13,0,R86af778902,C7cf4c68baa
13,0,R9ca134c311,C6064d51291
13,0,R0407a3554b,C12760b87a4
13,0,Rf2fba33a98,Ce787bca85b
13,0,Ra9e3509c2b,C5d40f15f2f
13,0,R47f1c825de,C4a3f5a2908
14,0,Re646432d52,C87c381f4b7
14,0,Rde77d44266,C839869bb5c
14,0,R65160ef58f,Cd2fe46a379
14,0,R7f71ba9e9a,Cf3354aa95b
14,0,R22d3df7c29,C13c2a88aea
14,0,R45904677d6,C57a885e4e3
14,0,Rd4840ef9c2,C2d17f87a4a
14,0,Rb7d3c5b343,Cafffd742b9
14,0,R3a7f4f68b6,C39007edada
14,0,R575934ecbf,C5a203993e1
14,0,Rfc1086d7aa,Cdeb9d40e95
14,0,R1b7569ae73,Cf02bd2c99d
14,0,R7797dbbede,C10dff0d919
14,0,R6cb4bc9741,C89bbf4a6e0
14,0,Rb9aeef6f31,Ce740124023
14,0,Rb1b33fdb17,Ccf14bbe9e3
14,0,Rfba25c3ba6,C1f8afdf26b
14,0,R435449670a,C47cd9c4775
14,0,Rff736f6010,C2c9f075af9
14,0,R902b45e22b,C1f60b8363b
14,0,R9ff21d0fa1,C72a28ee491
14,0,R1e2874a134,Cd2580f3a4a
14,0,Rb266a65225,C2ba7fdace9
14,0,R0a8d50a511,C52e3b9f9ad
14,0,Re4fb499997,C2e87963c0a
14,0,R6a2d23eac2,C90017f00c8
14,0,Rfcb3ae6a19,C74a8a70c80
14,0,Rcc140f951b,Cbc49d0470d
14,0,R249389507b,Cb3a36cd00d
14,0,Rfbd4e87134,Ce75490b4ac
14,0,R1b1b09da57,C99b8c44ede
14,0,Rb4f6b5fb12,C3abc120716
14,0,Rc723147a4c,C6ade004e69
14,0,Rc6de7e42e4,C21ad765f00
14,0,R0095eba433,C13c04b4411
14,0,R4d8af4ec89,C9378004205
14,0,Rca4239e010,Cf3f78b7c0b
14,0,R50c7083fdf,Cb9f7eb5f4e
14,0,R64d375ca8e,Cdcfa5c22b8
14,0,R28e5a0726b,Ce6981cbfa1
14,0,R32a98de793,C7bfc0b3900
14,0,R89a0622261,Cedb99efb5d
14,0,R4e6e0e567a,C4eeb2a6509
14,0,R377a2631ce,C2feb50c3b8
14,0,Rdd55c5755d,C63ed9826d9
14,0,R6d0d84d77c,C30f31b96ec
14,0,R2d2c24f42a,C9f2b96abc3
14,0,R25386e683a,C42f4b479e6
14,0,Rfe616d7c1b,C4ba36dbb61
14,0,R6150aca106,C03151d7cb2
14,0,R792b0a1d24,C0a4089ba4b
14,0,R95cbc2e2a7,C2d66661551
14,0,Ra4b478d994,C8c6a27b72e
14,0,R5e04591210,Cdd9b65fe37
14,0,Rf0b3fa3ca0,C9a186829bc
14,0,Rd91c9bb984,C29c9d3dcca
14,0,Rbc52fa9327,C69884a945f
14,0,Rd8e934f2c0,C82384783f0
14,0,Rd400a06a6b,Ccfc6df3051
14,0,Rf50f768b15,C2c547b164e
14,0,R252e6e7b95,C3b4f5d46ce
14,0,R364cf676f3,C9862923e4d
14,0,R41676b8a34,C2b1152a06a
14,0,R1444cac37f,Cf0453a32e2
14,0,R8bd07890ce,C5d48d5a889
14,0,R57d29ffeaa,Cdf722bd7dd
14,0,R3bbb8da102,Cd54353459a
14,0,R2b5c6de246,Ceaedb1416f
14,0,R76c6e070fd,Cba183d0d6a
14,0,Raed2e77f66,C55d956345e
14,0,Re02d69ca82,Caee1a716a8
14,0,R20d6ab56e7,C147de699dc
14,0,Rce79f61b34,C38d5924691
14,0,R82bfe9ebac,C9396631e4f
14,0,R7861b03bb9,C34c0f04d68
14,0,R08bb1e4a8c,Cdf720b93c9
14,0,R0b89adf6f5,Cd67ce5acec
14,0,Rc21bf17ed2,Cab32f1483d
14,0,R01315f0f1f,C15f6ace30e
14,0,R79cfc51671,Cc00e9f815f
14,0,R3002982a21,Cbd64253275
14,0,Ref326f0e07,C7ac4a3f6fd
14,0,R97463134d9,Ceab5edfcb6
14,0,R75a6912332,C7caac5b987
14,0,R6f385b8236,C13fedd8aa6
14,0,R87436ba1b8,Cffe26a8348
14,0,R4f4aef8bfe,C84ac01b126
14,0,Rb10fa5ef5e,C8f737176d9
14,0,Rb21c89684c,Ca3cac88f69
14,0,R5f6d09c46b,Cd8a5c50b7d
14,0,R7af34b1144,Cc08a36f346
14,0,R071de6d685,C8023558f49
14,0,R9f223c7d30,C355df39e12
14,0,Rf74f171130,Cf8b285d3c4
14,0,R2e0ebc20b8,C0b36a52436
14,0,Rbf28cb36dd,C6fbd0ad33e
14,0,Ra2d95e626a,Cc509aa4869
14,0,Rf3d9ca4d86,C2a0fe0a1b6
14,0,R343e53ab11,C0dd9aea0a8
14,0,R09dcd5bf74,C14745ce8c2
14,0,R8bbbac8eeb,Cfe9f26fa72
14,0,R22a0ce5a79,C9eb38eacc9
14,0,R0e5acabe6f,Cb2251464fa
14,0,Rd44f2ba24e,C54d6433064
14,0,Rc1a666be4a,C2ede815d69
14,0,R25bf06afd7,C60f05bbb70
14,0,R8d151c94ac,C0984dc3f94
14,0,Rdb3e86f67c,Cdd072efb83
14,0,R9c88ffc4fa,C2329814984
14,0,R11dd88daf7,C47b14fc474
14,0,R2036608b05,C18c1b08760
14,0,R3ace17c019,Cd29a9821f3
14,0,R4bd4189e80,Ce0397df1ba
14,0,R32066ccf4d,C11f06e11b3
14,0,Rbe02ea3289,C50e31b95d4
14,0,R3e42dabc1f,Ce7685729c3
14,0,R80234a0f2d,Cd6869c9e4f
14,0,Rfeb515cfc8,Cdb1edeec9e
14,0,R0b313a8ce8,C9369a6e919
14,0,Rdf7ef200d1,C2c5336d14e
14,0,R62132bb474,Cdf2a80daa0
14,0,Reb7b80476d,C7d85a8c1f0
14,0,R2305bca064,Cd09e999ae8
14,0,R1d46f93a62,C699586366a
14,0,R86fa189be1,Ccdc258f79f
14,0,Rb9ef4f684a,C2991f5dc2f
14,0,R2f9a24bfda,C1718801309
14,0,R13849e3a3f,Cbdcf68e555
14,0,R524380cac3,Cd88b0d62f1
14,0,R39a1261dd4,C3d513026e4
14,0,Rb1f0875a8d,C2fb07f2da5
14,0,Rdaf94a9f2d,Ca3c1bb1a57
14,0,Rdca51334ad,C8d8063e7fc
14,0,R6fb64f597d,Cbc6055ccf9
14,0,R881f305db3,C42d04b6f93
14,0,R9c47b08e13,C5a8c33ea98
14,0,R50a7782f20,C26684de965
14,0,Ref17745a92,Cecd255345d
14,0,Rbd0fe1762f,Cc7bae50c69
14,0,R3ced5861d7,C939f7ddaf2
14,0,R32ed676527,C269e291a8f
14,0,R8eeb2f319e,C4df3969b39
14,0,R1226102911,C024468eef2
14,0,R15c4357378,Ccc01c1fdc7
14,0,R1caaf96266,Ca454e8a5bc
14,0,Rcdb969aabd,Cb42a5c2f4c
14,0,R9f661a74f6,Cbbf6d2ccc3
14,0,R83d50288a6,Cd8b0ee6b2e
14,0,R00043f2564,C7ff165ef56
14,0,Rf2b18ffb93,Cf7581cee78
14,0,R088330d24f,C2f8061f2b9
14,0,R8144dc5745,C126d41fe1b
14,0,R47b1a9677e,C4bd8e170ab
14,0,R43e7480ef1,Cae8a05f04d
14,0,Rc78b0fd298,Caa21d1928e
14,0,R7c75bc8fcb,C8eecebe3a1
14,0,R1b1f716245,C83094ed49f
14,0,Rb12c89b951,Ccf2320292e
14,0,Rd18b93d71f,C28916619e5
14,0,Re7089fb631,C81e1d75618
14,0,Rd696b35c7a,C92d139be36
14,0,R0651123db7,Cc29d1aa09b
14,0,R5b1f82be9d,C7a2268feef
14,0,Rc2f1d83466,C6fcb8b39d7
14,0,R38e8cef644,Cc156fab5ab
14,0,Rd88fca55f6,Ca37b8131f7
14,0,R92fae8b4d8,C13666a953e
14,0,Re0a6618b40,Cc23a1bb1aa
14,0,Rb9876a14d2,Ced7a6f0f32
14,0,R3c4be5e3a0,C2e6d38d2cd
14,0,Ra7320006f9,C38785a152d
14,0,Rf46cf546c8,C070d098174
14,0,R49572bf4de,Cd492b3c924
14,0,Rdd19f8e495,Cd2851f4fa3
14,0,Re42bf78a66,C1b76566a71
14,0,R9a1c199bf0,Ca73bc318f3
14,0,R6903e5c97c,C336cb5ee63
14,0,Rea95a91841,C53a1ce7e52
14,0,R3e4584c90c,C257f5ddefe
14,0,Rfd1f1a9d3d,Cb9e3c03799
14,0,Rd6475e78be,C650bee159d
14,0,Rc6d6dc5b2b,C0ef7c4ffc1
14,0,R18918c843b,Cced9e53abd
14,0,R5c0b14ffb7,Cf09691c2b5
14,0,Rca17633d8a,C70dd646c1a
14,0,R4999a85528,C0b7db7b6e5
14,0,Re4fddeb5a5,Ca59f9e37fe
14,0,R9377770a88,C6007af0fa8
14,0,R0912700d9c,C8f7cfe7812
14,0,R8ec4704964,C4a2c466967
14,0,R8b5174c2b0,Ca9a2f915cd
14,0,Re0d81d3f3f,C152c0fc208
14,0,R314cadb9d3,C6fb9ac2fb1
14,0,Rc993dcfc3f,C6e1f35d15c
14,0,R466cf9cabe,C239febf84e
14,0,R06c32d10c8,Ca300334eb2
14,0,Rb7198713b3,C2a352c36bd
14,0,R9f376f3749,Ce332d5ded1
14,0,R046d73d6fc,C07d18c4c0e
14,0,R859231020a,C497f9aef17
14,0,Rcad4393eb6,C6ca238e585
14,0,Re90e7beb78,C599147186e
14,0,Re400b0b568,C5d36621586
14,0,Rd3e5cce00a,C2f6002e835
14,0,Rf01f94427a,C37bed7c4d0
14,0,R381233b59e,C9544e32cdb
14,0,R8f8ba0bc74,Ce67636d628
14,0,R32141efceb,Cfe15ebf7d0
14,0,R0d5d0fb156,Cdfe870e399
14,0,R7159ea954e,C52a2549c9a
14,0,R6b1c1af053,C9fd3d7a284
14,0,R5975b27937,Ca202851c16
14,0,R13ad4c637d,C9b98955ba4
14,0,R447ebd88d0,Ce0fcf68b7a
14,0,R4f4025920c,Cfdfe3cc51d
14,0,R908b85d6fb,C4eb2b77d18
14,0,R9809e02862,C96e1a71b2d
14,0,R1e7a38d5f2,C4353ee93a0
14,0,R642a09c515,C4e937c4e64
14,0,Rbb7d97e38c,C7d96b33b6a
14,0,Rcb656a6f43,Cf0dc21bcd4
14,0,R99b09d486d,Cc231921b2c
14,0,Rcde747bac9,C1de605c78d
14,0,R12d09081d3,C026b326271
14,0,Re3ca3dd203,C6d5428d33e
14,0,Rc4e5b8446d,Cf241a6bb9f
14,0,Reacc280271,C6e895b1889
14,0,R0d3f28baf7,C4def147959
14,0,Rfa7dcd9adb,C42fe23a4be
14,0,R6b426bfb17,Ccb3269b178
14,0,Rc1e8e66fdd,C77076e2ab5
14,0,R9546193075,Cb98da8de9a
14,0,Rca41376fe2,Cd4e72791b9
14,0,R2f69fad184,C361e512649
14,0,R3ef2565f01,C3bcea09c44
14,0,Rf48ce4f102,C1cb83d65b2
14,0,R8c1f4fcbfe,C57d0e081f8
14,0,R33003fca0d,C15fb17a86c
14,0,R61f729013c,C404dd8fbd4
14,0,R2b612b9126,C764dd1160f
14,0,R4b4ccb598f,C4ee4c962b4
14,0,Rb560923a0b,C9b0266496d
14,0,R525e20932a,C893998f7ad
14,0,Re10f079ad6,C3a8ba17f57
14,0,Re143493923,Ce01e593142
14,0,Rf0191e7aad,C0ab88ca321
14,0,Ra8186bd42e,C07aca80dae
14,0,R7a1825ff14,C9d35648903
14,0,R3eefaaabc1,C9d102bc2aa
14,0,Rafebac1317,C174cb6e2ee
14,0,R83fe76bd60,C06b93790ff
14,0,R38da267d4f,Cf6d2f4fef5
14,0,R9a2962bd1c,Ca12c9ac64d
14,0,Ra81d31c036,C8da0147999
14,0,Ree8783df4b,C1443c84df6
14,0,R4dcdbe33dc,C36a192398a
14,0,R81a507aa5f,C77dc016e08
14,0,R9b3f196795,C4415b308ab
14,0,R7bd75d1a4d,Cbf6377593b
14,0,R70a5398367,C54df269073
14,0,R4d68612920,C0e40ae226a
14,0,R8728dfb7b5,C63439f35b9
14,0,R6f00c6241d,Cc08d1478f4
14,0,Rb8383980d3,Cdd9edbb7f0
14,0,R84906aa61d,Cc14d4e9d52
14,0,R5482b0e921,C62c5858cea
14,0,Ra95a8a4e9d,C1c311fab2b
14,0,Rfd71f99b31,Cc3e735c9fb
14,0,R171de66136,C7524e7875d
14,0,Rf9aca14b70,C60773f813d
14,0,R17d30fce01,C489e715466
14,0,R80e42b1349,Cd4162f0722
14,0,Rb8d6f1aa86,C54bd3b3af9
14,0,R6d783bd41d,Cf853ad4212
14,0,Rbb72e0b9e5,C9ee83d2e1f
14,0,R64711e35a6,C4ca639e22d
14,0,R3c2ca6c4e0,Cc5f9951d65
14,0,Rc9b588319e,C31d8268105
14,0,Re68d0b8525,C41a4d10427
14,0,R5aa6fef92a,Cc2dcd1f636
14,0,R35c1019ef0,Cb324f1d314
14,0,R4859ba3824,C552b8ad7b7
14,0,R62d33d19e0,Cc0e46801b9
14,0,Rc86f46ebb7,C2bc05a75f5
14,0,Rbd84904a75,C6145463d91
14,0,Rb99e14f98f,Cfd0673c39c
14,0,R4db2746b09,Cd49a02622c
14,0,Rb6bc12256e,C0ffcfeb5da
14,0,Re3c15e76ca,Cd3a8a839dc
14,0,R49503dddf1,Cce2220bd6b
14,0,R3747c7edb1,C4c62923150
14,0,R0637e7f8b8,C0c87310e10
14,0,R703d9e6630,Cb1447f6fa6
14,0,R5beeab44ed,C6d9e559130
14,0,Rc97bbf123f,Cd7f51d4f89
14,0,R7917c08d21,C3a0d1007e0
14,0,R641405b10d,C2ce0ff3c84
14,0,R642c6a8d95,C5c87d9e6a0
14,0,R5af9cd37b4,C7dea932d7f
14,0,Radd19b0c5e,Cf34ab548ba
14,0,Rbf2f7d4407,C99adc13562
14,0,R4b9ce72023,Cf45c318ba0
14,0,R1478bfe5c6,Cae00de1e80
14,0,R409c3cf318,Cc7e8795a48
14,0,R00fa86ca44,C76a6cd826f
14,0,R79f5b46e0d,C154672d841
14,0,Rc14c357053,C08df558c37
14,0,R2b45eaba84,C8bbf014588
14,0,R811817265f,C27a80f2d2d
14,0,R2f8e66b362,C921707aa82
14,0,Rbb03c2429d,Ca4a90c6527
14,0,Rd197e2a6e4,C0242a6276f
14,0,R7a6ed9f134,Cb08e0597f6
14,0,R237ff705d0,Cf88e7eb6a4
14,0,R65052ff23a,C2703503725
14,0,R7814156a81,Cb8a73b6c1a
14,0,Re2a974bcba,C7eaef5656e
14,0,R76a7a0a1a4,C759c8af604
14,0,R8cc3025ec9,C175ccb4a95
14,0,R49fbc5b4d5,C32235e387e
14,0,R6719e0a4ed,C2a1dcf136b
14,0,Rb2365808ed,Cbce44e3a00
14,0,Rd14f0a50b0,C8fe6631527
14,0,R3a0e857cac,Ce03bcfce75
14,0,R54995259f7,C060b7e355f
14,0,R6b1162735b,Ca04b4851ee
14,0,R9162262362,C6ede03332f
14,0,R050f3c3da4,C72258da98c
14,0,R78c6251ba0,C1629742876
14,0,Raeab77a58e,Cf20d409f9d
14,0,R8624f21508,C713c1186ae
14,0,R1b327db906,Ce5e928fd00
15,0,Rc6de7e42e4,C21ad765f00
15,0,Re830cfc35e,C3786ee6c16
15,0,Reb8322dca5,Ca292a2327e
15,0,R4d8af4ec89,C9378004205
15,0,R50c7083fdf,Cb9f7eb5f4e
15,0,R3002982a21,Cbd64253275
15,0,R6c6396aa29,C1f61cddebd
15,0,R0dacd98033,Ca06e418f55
15,0,R8f9d3b0a49,Ce9df31eb40
15,0,Rd54eb3ddd3,C2a1d681356
15,0,R5e04591210,Cdd9b65fe37
15,0,R95cbc2e2a7,C2d66661551
15,0,R00cca67fe2,C6337dac955
15,0,R654703123b,Ce5bb58f38f
15,0,Rae6f758baa,C2b15009f91
15,0,Rf50f768b15,C2c547b164e
15,0,Rbd073b1bc6,Ccae8e03071
15,0,R1444cac37f,Cf0453a32e2
15,0,R5a56e64eb3,Ccb83809830
15,0,R021fa2e6e6,C4175cd750d
15,0,Rdb3e86f67c,Cdd072efb83
15,0,Ra5b3ec87c9,C42ce3cadf1
15,0,R865a311bc6,C0d8f60cf27
15,0,R1470a69241,Cdd03068f5c
15,0,R75a81a6d30,C40dabbbf73
15,0,Rb21c89684c,Ca3cac88f69
15,0,R2cd1b9ef97,C16f8458efe
15,0,R87436ba1b8,Cffe26a8348
15,0,Rbe02ea3289,C50e31b95d4
15,0,R11b14eb040,C7389bcd9d4
15,0,R3e32eb6053,Cdd8480a3c8
15,0,Rd18b93d71f,C28916619e5
15,0,R98d76a26be,C8ab2a33038
15,0,R524380cac3,Cd88b0d62f1
15,0,R3c0866c8d9,C7cc7b681d2
15,0,R1b597952a4,C047c8ec847
15,0,R0651123db7,Cc29d1aa09b
15,0,Rd88fca55f6,Ca37b8131f7
15,0,Rf68efa6eed,C2ada4de97a
15,0,R8f3d456bcf,Caea10c592b
15,0,R314cadb9d3,C6fb9ac2fb1
15,0,Rf2b18ffb93,Cf7581cee78
15,0,R8ec4704964,C4a2c466967
15,0,Rf46cf546c8,C070d098174
15,0,Re90e7beb78,C599147186e
15,0,R9f376f3749,Ce332d5ded1
15,0,R32141efceb,Cfe15ebf7d0
15,0,R6b1c1af053,C9fd3d7a284
15,0,R0df7424664,C6210138798
15,0,R8631e4727f,C23c19c1e92
15,0,R7da7da3504,C67b9835db6
15,0,Rac15ca50c8,C81dd9fd859
15,0,Ra6c2320db3,C57c885b603
16,0,Rbca9f858d5,Cd868a105e0
16,0,R27b1b56f24,C4ec5719b21
16,0,Ra2d95e626a,C788d873619
16,0,R1f605f4275,Cbd47db8d9a
16,0,Rb5b000b109,C3e79b3be8a
16,0,R91a7f2bc7c,C201258db59
16,0,R82bfe9ebac,C882e978602
16,0,Rcd753bcc77,Cf97fcae3de
16,0,R64900e1c4d,C70f7a4d265
16,0,Rc2f1d83466,C733deccd60
16,0,Reacc280271,C5cbf507bb0
16,0,R40730e0850,C219f71ae92
16,0,R4406f5efda,C5fe56621c4
16,0,Re400b0b568,C666ca60b7c
16,0,R2164322338,Ca2dbabcaff
16,0,R13ad4c637d,C65ca04b124
16,0,R5dd445fbe3,C031551e688
16,0,R1ef4c2a199,C24aa2345d6
17,0,Rd4840ef9c2,C6be089416f
17,0,Rc0e480f6ca,C4f8479255d
17,0,Rb90e49bfb8,Cd764697a89
17,0,Rf1b1929014,C2af9e637bc
17,0,Ra2662b05c8,C005932b2f0
17,0,R40ef168969,C1f01d824ae
17,0,R43ee6e64f2,C40fb95be0d
17,0,R81a802f449,C159b2f3a59
17,0,R65160ef58f,Ccf956c7249
17,0,Rf4ba00910a,C66b999149a
17,0,R27461b47c7,Cb354f20a56
17,0,R2550abc368,Cc515d0dd8a
17,0,R6cb4bc9741,C7b44626a79
17,0,Rd0c0d70646,C73d22bfcf0
17,0,Ree6d60fb35,Cafd2ff6747
17,0,R7d1cefd9ea,Cdddbe08df3
17,0,Rd54d229526,C0b5a248fcf
17,0,R2961142538,Cece8649e35
17,0,Rae6f758baa,Cd4050239fe
17,0,R347231f564,Ceaafe37ea9
17,0,Rd22c190548,C4ac0258d81
17,0,R91a7f2bc7c,C201258db59
17,0,Rfe694c32c9,C66883ea3f5
17,0,Ra9f18483b8,Cd618c39d09
17,0,R63d84c22bb,Ce37dfc7ae1
17,0,R5b18575613,C93615bdaeb
17,0,Re493fb5846,C70e24e7565
17,0,R27b1b56f24,C4ec5719b21
17,0,Rf38ab65030,C8dc1cd2460
17,0,R827fcedf4f,Ce820a33d9d
17,0,R4406f5efda,C5fe56621c4
17,0,R95c95d6594,Cdfef0a95b1
17,0,R76c6e070fd,C1f38057842
17,0,R9f5b5992b6,Cb149d13afb
17,0,R3fb1066de6,Cd54ed42899
17,0,R5e9e900eee,C3f5c33c6d1
17,0,R5fc2355d26,Cbe50cf212d
17,0,R12adabae66,C265f260cf3
17,0,R5ce8d0ba85,C1490a6d8e0
17,0,R08ca04c7e2,C6860038c15
17,0,Re4fb499997,Cb0b222fa03
17,0,Rd7843676c3,C1accbffdbc
17,0,R699167cff4,C0093a770a3
17,0,Rda0e004e6a,C00d906048b
17,0,Rf89a3cb5b5,Cfeb99559bb
17,0,R824cebef21,Cba47bc27c3
17,0,R6fb64f597d,C105104f51c
17,0,R8eebea1076,C97c419b835
17,0,Rbe5d7897f2,C59e3aee9d7
17,0,R1bc0598d31,Cac2901d2ec
17,0,R289dcb8284,C7b04465245
17,0,R7721a29231,C52a438cead
17,0,Rc13e1df55b,Ce18079e002
17,0,Rca4239e010,C9fbcd52399
17,0,R8ba00ef699,C74a26eecf5
17,0,Rcc140f951b,Ca45d36b11d
17,0,R980dd2db61,C41fb6788e3
17,0,R6e2cc6a00a,C3bffd30f56
17,0,Rc2ea4e0a96,C287a5af467
17,0,R1e49a17aff,Cdd6fd35e1a
17,0,Rd5dcfc0d88,Cbb7f6c623f
17,0,R75a81a6d30,C2346196a85
17,0,Rcb69348bbf,Cac9b03416f
17,0,Rf10d1fb814,Cdb40b9986f
17,0,Rcd46324d1f,Cfb2ae4d5c5
17,0,Raba63c80ad,Ca0c7175893
17,0,Rdb3e86f67c,Cc30c19d1a0
17,0,R3aecc96f8a,C77b78e97d9
17,0,Rc5779c27cb,Cd53f7e0b26
17,0,Rcf521fefea,Cb11ae31a62
17,0,R94bba11c07,Cf6d542d5ac
17,0,R4b10c3c168,Cf5ff81c8aa
17,0,Rd3e5cce00a,Ccfc46864f8
17,0,R13743ab4c4,C808c66f78d
17,0,Rb2fba14f51,Cfbdc4ef2e2
17,0,R1a87d88b86,C015999044e
17,0,R0ae952774c,C02adc46b44
17,0,Rbada83fd2d,C6733948d8b
17,0,R7e743f6dfb,Ca57a4efbfb
17,0,R835977315b,Ca9d6bdf0f6
17,0,R2d2a4d491f,Cb5259f01ac
17,0,R8d151c94ac,C2204bb5446
17,0,R79cfc51671,C05fab1a23a
17,0,R3fcece5f23,C669aa21a9f
17,0,R7fe819a578,C5d75500f84
17,0,R35faf9bda8,C594d5b4a02
17,0,Rca17bd2fda,Cdc6f50b162
17,0,R25c48afcfd,C8eb85ce15b
17,0,R3e11144e7e,C32f9bdc37f
17,0,R3002982a21,C94487aa09b
17,0,R42436f7fee,C8b768ac13a
17,0,Raaf707bdb3,C6a7877d7fa
17,0,Rf9caa0b2a3,Ca6f0b5f582
17,0,Ra4b478d994,Cc93d79d8a4
17,0,Ra50b872b81,C101996fb15
17,0,R8c4b75c62f,C83e975f4ca
17,0,Rf36c932d1a,Cfb305394a8
17,0,R05011f6dfa,C844af64411
17,0,Rb6e68cd92b,C2b9e8fc182
17,0,R862535669b,Caf7d007eb8
17,0,Rc9fdcec8c6,C1b7b5f8600
17,0,R5dd4c3287c,Cefea51aeeb
17,0,R6ec82dcb70,C25cba8ec64
17,0,Rf4ee2b4a41,Cd8515f5abb
17,0,Rb8be4f0d26,C57a5d55ad6
17,0,R36fa86cde3,Cab99dc7bdb
17,0,Ra10b28ff0e,Ca4a844993f
17,0,R4fe59ea562,C92f224a2a1
17,0,R00043f2564,Ca00d6ebec6
17,0,R58dbcea721,C5d158fc556
17,0,R40730e0850,C219f71ae92
17,0,R5906a9080d,C362e8473e1
17,0,Rfbb7cd9ce7,Ce3a2d7db92
17,0,R86fa189be1,C3f285efb41
17,0,Rcdf18d9d45,C66dfe56da0
17,0,R8a581144c0,C458a57e4de
17,0,R63ca6779d8,C935ef0ec45
17,0,R829dc3bf37,C9e099facdd
17,0,R032190fdb7,Cd4882d4dc6
17,0,R77cf9f359f,Cb5b63edbc8
17,0,Re119d2542c,C47c52ab556
17,0,R24b0c7feb7,C37c6e0c896
17,0,R5f6d09c46b,C127b7be3f4
17,0,Ree6ec19465,C2465baab58
17,0,R39a1261dd4,C626ff45648
17,0,R7c75bc8fcb,C38246ebc9e
17,0,R50dcee35e4,Cb039ae17d4
17,0,R359cf91b35,C7af10f4851
17,0,Rdca51334ad,Cec70fba367
17,0,R9a686060dc,C3d15d5de12
17,0,R071df67102,C206ea9f592
17,0,R47b1a9677e,Cbe868a41b2
17,0,R2bdb93f691,C0e04875ab2
17,0,R7cfff74f78,C2bd7a9b2b0
17,0,Ree46091779,Ce918706d22
17,0,Rd3a3e7d124,C986112ec9c
17,0,R64769c8c60,C0f079f4199
17,0,Rea95a91841,Cc382f6b359
17,0,R3b8bfe8530,C26ee526437
17,0,R6b4961953b,C3aaa5401fc
17,0,R536842b14f,C7a9c467ed5
17,0,R8b5174c2b0,C3df1e4bcee
17,0,R736e90e6a3,Cfd2bbc4b52
17,0,R4f4025920c,Cff93a08ead
17,0,Ra6a2df8d09,C2ff2c78836
17,0,Re42d74512c,Ca50e2c5b9e
17,0,Rca17633d8a,C0e991bd13a
17,0,Rac15ca50c8,C88ed4bb31a
17,0,R1ef3f585a6,Cfdd776d7cd
17,0,R3ced5861d7,C585b5b5943
17,0,R6fe4c6bebc,C0e0a78a0fc
17,0,Rfc0e7bb1d7,Cc9045ec55a
17,0,Reacbe4e38e,C635b41cf2c
17,0,R6ea6338597,C4763b160fe
17,0,Read752ab1e,C4db67099ea
17,0,Rfe149c5d4f,C4893a59321
17,0,R42cbc884fd,C9a69bd528c
17,0,R1e671ccae7,Cda4dcf4198
17,0,R7fcbc398b2,C602441f663
17,0,Rd763b0c812,C37e27cdf3b
17,0,R82884e67e1,Cdc47b10c1b
17,0,R13849e3a3f,C2e6b802994
17,0,R62132bb474,Ccd3e2c5fb0
17,0,R05c2790e81,Cf94f04ee31
17,0,R1b1f716245,Ca10e381a07
17,0,R3859797a17,C313db70778
17,0,R4aef905030,Cd86a4e972e
17,0,R8944a64351,C50a4a44bf4
17,0,R12ccb868de,C8357c66604
17,0,Rc025366986,C6c3ab0c1ad
17,0,Rc319e9a5c8,Cb8d69e5452
17,0,Ra0e811be96,Cbc7bcda511
17,0,R0f9375dfcc,C4fd891891a
17,0,R006b6e239b,Cfd4df0abce
17,0,R3969478771,Cc1460b5bbd
17,0,R9fd82b8c10,C01bf7ebbc7
17,0,R10a32830f5,Caa3e7c226b
17,0,R8590ff8538,C9fe6e04bf9
17,0,R65adb60193,C2acb27b24d
17,0,R86166c016c,Cdabf088c74
18,0,Rd7bb393a8a,Caa740d21b0
18,0,Rd0a058e0c2,C2112bd9af5
18,0,R5dd71be8a2,C0263156e0c
18,0,Rd0f1756de7,C2da0d2bb22
18,0,R9e079edc5f,Cc50a63c6da
18,0,R43ee6e64f2,C40fb95be0d
18,0,R6f1df193d5,C6e8464b63e
18,0,R6150aca106,C64b1203eb4
18,0,Rca4239e010,C9fbcd52399
18,0,R95c95d6594,Cdfef0a95b1
18,0,Rdb3e86f67c,Cc30c19d1a0
18,0,Rcab069d703,C9c8a8ac0ee
18,0,R30cd8438ba,C4df01e433c
18,0,Rbc52fa9327,C6ea7f256ed
18,0,Rfba25c3ba6,C6d04985d21
18,0,R615d61a1f2,Cd810e4aa1e
18,0,R6a2d23eac2,Cd7821aa1b2
18,0,Rbe5d7897f2,C59e3aee9d7
18,0,R24a04107ec,C1cd3146996
18,0,R1630e85945,Ce1ed1e96b8
18,0,R435449670a,C08eef5d137
18,0,R8eebea1076,C97c419b835
18,0,R31acde166a,Cddf77c567a
18,0,R5c518d2084,C0638a4d04f
18,0,R1764a991bb,C0804e7a489
18,0,Rfb8a82155a,Ce6d9ee5b99
18,0,R8d66082869,C92b8a5134b
18,0,Ra4bfd8dd2e,Cee6d545f5a
18,0,Ra9f18483b8,Cd618c39d09
18,0,R4329489f32,C8f709e04fd
18,0,R23ab2c603a,C63caa72cf4
18,0,R8bbbac8eeb,C3a451a3e81
18,0,Ra3a6715b38,C2669da8066
18,0,R9f5b5992b6,Cb149d13afb
18,0,R932ae6f421,Ccadd1b7c07
18,0,R0a4ecf5ed2,C8abe744f4a
18,0,R5e04591210,C2319732afc
18,0,Rfd8e74ec87,C8e1ba3ee2e
18,0,R7b82a90183,C100a379139
18,0,R47bcdb6cd0,C7d9cf06ff1
18,0,R36fa86cde3,Cab99dc7bdb
18,0,Radece755fe,C98cda50b91
18,0,R4ead1c18cd,Ccea3776f46
18,0,R9d14c07b45,C9cf5eb7dde
18,0,Re8abc3b2e4,C1a2ba48483
18,0,Rd69476389e,C01dcefd3c1
18,0,R1b1b09da57,Cdb8fd3bbe2
18,0,R4f2d24d73a,Ccdc2c36383
18,0,R40ef168969,C1f01d824ae
18,0,Rd3e5cce00a,Ccfc46864f8
18,0,R9cab4ca5e1,C17d511d602
18,0,Raac10c717a,Cd34a86ea15
18,0,Rd7c8f007ff,C3eaad8c613
18,0,Rc7e0e5a34f,C169bdd84df
18,0,R0fd6f74a08,C1fde592d29
18,0,R4bf1da8cc9,Cfed04838c3
18,0,Raf969a5893,Ce886cc1980
18,0,Re3c46efe14,C58465fe692
18,0,Ra4b478d994,Cc93d79d8a4
18,0,Rf0b3fa3ca0,Cb9796aab12
18,0,R09dcd5bf74,Cfa755922fa
18,0,Re7089fb631,Ccae99f1eca
18,0,Rcd753bcc77,Cf97fcae3de
18,0,R3ced5861d7,C585b5b5943
18,0,R20d7d9778d,Cf1b1d65df9
18,0,R53c99c6795,C4575767b7b
18,0,R1b6d0d3062,C611fa1f559
18,0,Rf36c932d1a,Cfb305394a8
18,0,Rcdba545cc3,Cf4cf92257e
18,0,R4406f5efda,C5fe56621c4
18,0,Rbf29dd7383,Cc372ff0ad2
18,0,Rdca51334ad,Cec70fba367
18,0,R82bfe9ebac,C882e978602
18,0,Rb798b5b381,C105ef6e931
18,0,Rf008e83812,C54c1ca6245
18,0,R3ee291093d,C9f70acfc40
18,0,Rb30ed401b7,C88960cbf09
18,0,Rd937695dd2,C3b32de0bbd
18,0,R4af3311360,C984c624e14
18,0,Rf49d142c1c,Cef12ae64aa
18,0,R860cdc0452,C6ab7f81d85
18,0,R8bcba3e5ad,Cf12d0b2a7f
18,0,R03b3e6c2e2,Cdca421aa51
18,0,R2d2a4d491f,Cb5259f01ac
18,0,Rb9168a8bad,C19a7ac389c
18,0,R02dffc10bb,Ccafbf41db0
18,0,R45dad8425b,Ce85b865acf
18,0,R04299129c0,C5bda60c038
18,0,Rc1f1565431,C0bbb6e659c
18,0,R64769c8c60,C0f079f4199
18,0,Ra1e4b44817,C31c1bd3759
18,0,R79cfc51671,C05fab1a23a
18,0,R859231020a,C5f90ac202c
18,0,R71f7bc61aa,Ca2cc114e13
18,0,R2ff23c4a8f,Cfe45e8261f
18,0,R50a7782f20,C23e7a39bb3
18,0,R5d2d37d709,Cfc4d344748
18,0,Rbd0fe1762f,C888ebb1326
18,0,Rae6cfbb7b0,Cd82a2f7f98
18,0,R3859797a17,C313db70778
18,0,Ra4671823b2,C2b825e3387
18,0,R9dc822d8d8,Ce7235d9b38
18,0,Refe1a4bff0,C0ef43495f5
18,0,Rac15ca50c8,C88ed4bb31a
18,0,R447ebd88d0,C066f71a455
18,0,Reacbe4e38e,C635b41cf2c
18,0,R4999a85528,C5c41117c04
18,0,R2164322338,Ca2dbabcaff
18,0,R713087457f,Ced3c19c1da
18,0,Rf3a265bc9c,C873ac5976d
18,0,Raa7bcbd95d,C580f365a98
18,0,R6404021900,C006c444e02
18,0,R7fcbc398b2,C602441f663
18,0,R08f78a714d,C70aef1787d
18,0,Rb7f0d2cba6,Ce45bf993e0
18,0,R688155a2f1,C9972879031
18,0,R0f34fb1155,C64e333303f
18,0,R1ef3f585a6,Cfdd776d7cd
18,0,Rc03cfc96c6,Cf0d47a05ee
18,0,R5c0b14ffb7,Cc5f2555af9
18,0,Rae4685e3a1,C4a105a6f86
18,0,R8b95246985,C7c0705d22b
18,0,Rc5d7f373c0,Ca3483ebd03
18,0,Re70ff6cfb7,C01c214069b
18,0,R9b5a077b7a,C88ed02c7ad
18,0,Rdb65fda095,C70ab3237a0
18,0,R24fefb24ee,C3e2675b5be
18,0,R86b8366657,Cca2da97b7b
18,0,R5022fab673,C4cbd34d25a
18,0,R827fcedf4f,Ce820a33d9d
18,0,R4be54c4076,C23f14c325b
18,0,Rfadc5bbb52,C6092a3c00d
18,0,Rb12c807776,C520457c9b4
18,0,Rbf8e7b841f,Cc518cae4ec
18,0,Rc78b0fd298,C9769ab8645
18,0,R15c4357378,C74470145b0
18,0,R123a051431,C73a08f91fa
18,0,R8590ff8538,C9fe6e04bf9
18,0,R13849e3a3f,C2e6b802994
18,0,R3ff8fe2a75,Cee804b05bd
18,0,Rf1ffaf331a,C0263edadee
18,0,R5475a30dc9,C09b5873edf
18,0,R5975b27937,C6950b216bc
18,0,R18505b599d,Ceaddce1579
18,0,Rec7c0f6b97,Cdf354526fc
18,0,Racacccc48e,Cd876b71b40
18,0,Rb49e4f9924,C61652e0b5d
18,0,R3b6af61ca3,C57989d12b1
18,0,Rd41bbb61f0,C1cf8f3aa8c
19,0,Ra6e587f7e5,Ceeb8ead5ab
19,0,Rb90d13dbe7,C1c39cb7e9f
19,0,Rc699660b06,Cd9fd7a6ee2
19,0,R598b8d1af9,C9ba990f943
19,0,Rb447d6bc10,Cd9216646e4
19,0,Rb30ed401b7,C88960cbf09
19,0,R466cf9cabe,C2414c5f3ee
19,0,R8b95246985,C7c0705d22b
19,0,R688155a2f1,C9972879031
19,0,Rf48750f5b4,Ce760d5a32e
19,0,R1ef3f585a6,Cfdd776d7cd
19,0,Rdb2841e460,C743c32b8ae
19,0,R86b8366657,Cca2da97b7b
20,0,R4d47528dae,Ca0d946d6ee
20,0,R5d40d18bb9,Cfe96d1f060
20,0,R0377b95a21,Cdcc9ae3566
20,0,R51639550b1,Ca9f6413c63
20,0,R5c518d2084,C7b954b7090
20,0,R70636505e3,Cb2a65d8e79
20,0,R4f3d344e5a,Ccce9ebd312
20,0,R8bd07890ce,Cdb1b022df9
20,0,Rfba25c3ba6,C629b9df831
20,0,Rb747206401,C603fc3169e
20,0,R2b274a4ca6,Cfd1d460b5a
20,0,R0b313a8ce8,Cceec36d998
20,0,Rbf43e95d3e,C5588e09abb
20,0,R56fd6b43da,Cb4989107ca
20,0,R2961142538,C04f065e9d3
20,0,Ra3096b2c31,Cc08a9498b8
20,0,R6150aca106,C29c94e5c02
20,0,Rdcbe5a0aef,C65f51ca2e9
20,0,R3e4952d11e,C498bf2b1e3
20,0,R623006933d,C6b411030af
20,0,Rf4221d5b36,Ca1332bbc72
20,0,R58e3706163,Cbf8ff486ac
20,0,R2d2c24f42a,C9f82181c86
20,0,R6164c74e66,Ce81aeadc4f
20,0,R842d1b64bc,Cbb99eac02c
20,0,Rca4239e010,Cd2b5fb20ab
20,0,R6edb1c32e4,Ce700bec166
20,0,R8425316d35,C3404498abf
20,0,Rc4613bf90a,Cd62ccd3f9e
20,0,Re7089fb631,C22415e252f
20,0,Rd3c5c830c8,Cd08c25dac4
20,0,Rd17a5f82f3,C56f151a83b
20,0,Rf4ba00910a,C17ae1644f7
20,0,R40918330a5,Cf915253fba
20,0,R839e1eb76e,Cb218efa656
20,0,Rbe5a6e59f8,C293bd939e2
20,0,Rd056c2bf27,C2ce968d1c2
20,0,Raac10c717a,C5abee7b21f
20,0,R9f3222c821,C8cfd3cdc1b
20,0,Rc95e155d06,C71355a2e91
20,0,Ra88ecfe782,C82add0b0b1
20,0,R09dcd5bf74,Cf6189dedfe
20,0,Rf3d9ca4d86,C88cd261f76
20,0,Rb7672626f0,C9e66d94a42
20,0,Rad832edd8b,Cd1ab6e491a
20,0,R32ed676527,C5db5cdec09
20,0,Rc8ee16219c,C9decf653f9
20,0,Rc5e7890f3f,Cb3c7222e66
20,0,Rd61a5e2d90,C8fd609d799
20,0,R0ce7c4ebcc,C8175bbeb1c
20,0,Re61c23a3bb,Cdbe907b44e
20,0,R8eebea1076,C2eaa43fdd8
20,0,Rd7c8f007ff,Ce1f684f9d9
20,0,Rbc52fa9327,C166fd943f8
20,0,R20d6ab56e7,C1f71e73221
20,0,Ra3a6715b38,Ccee3e0cc5e
20,0,Rff25727bbc,C6e4d6090fe
20,0,R204802c8e2,C6e15094026
20,0,R2257917919,C1ab2b8f47a
20,0,Re9ca9f08d9,C4e98b867ec
20,0,Rdbd59aa030,C5fbb97fdfc
20,0,Rbe5d7897f2,C910ff93e9b
20,0,Rac0ced438c,C421fda6b28
20,0,Rc1a666be4a,C1f338b8f79
20,0,R1764a991bb,Cb1c0d3bcaa
20,0,Rabbef1dd6c,C18b4ea4f89
20,0,R4399e47f1d,Cd656fbb16f
20,0,R08dc58d63c,Cbc9d9a693f
20,0,R0448b4d636,Cab9a82ee00
20,0,Rc723147a4c,C4b9913892b
20,0,R8bcba3e5ad,C60058da240
20,0,R82bfe9ebac,C1c06bf1a4e
20,0,R3aecc96f8a,Cdf67ad2fb2
20,0,R435449670a,C7c7ab31a73
20,0,Reff3e51b78,C35588d507a
20,0,R4a15f0578d,C9815dec0e9
20,0,Rdca51334ad,C12db581e73
20,0,R26ca98a262,C5843cafec5
20,0,R7cfff74f78,C9910056553
20,0,R6c63d69c33,C8193e049a1
20,0,R5311721afa,C8b14db790d
20,0,R71ff601f2a,C0cdce2f912
20,0,Rf0b3fa3ca0,Cc9fb6bb90e
20,0,R1e2874a134,C299674040b
20,0,Reede3a9a81,Ceb6338e806
20,0,Rec813a38ec,C3c5589d3b2
20,0,R6f97c7a577,C79ab7d5d61
20,0,Rae7f2aed97,C135085c238
20,0,R3ced5861d7,C028d72846b
20,0,Re967bffcb5,C03758c55fb
20,0,R75a030b5e1,C425d3a9d7e
20,0,R28419d682e,Cb82598990a
20,0,R9c88ffc4fa,C52e7938a6f
20,0,R12ccb868de,C52a70b683f
20,0,R7a982a2088,C5252ce4fd4
20,0,R2888706d55,C7a3424bcf6
20,0,R4ba77c9495,C88630c73fa
20,0,R7d3738266f,C6f8f27f894
20,0,Ree6ec19465,C39cd2f92a0
20,0,R264111e76c,Cb2da112353
20,0,Red511d11f3,C0f9433d48b
20,0,Rb4a61e8646,Cdb84e9aeb8
20,0,R0b89adf6f5,C04673f72f3
20,0,R759a0eaf33,C4d97b65d41
20,0,Rba7245e41d,C78647a5d65
20,0,Ra076716476,Cd0b0e043bb
20,0,R67e8b039c6,C2ffe7313ae
20,0,R19733bf86b,Ceb2315a184
20,0,R35d7389b9d,C37dc5128fc
20,0,Rae4685e3a1,C622ffd4c3a
20,0,R1ffbf14000,Ce6b01831d0
20,0,Re70ff6cfb7,C1988baf045
20,0,R713087457f,Ca1a35a6927
20,0,Rb845eed0c1,C24d192cae9
20,0,R353f6f5a2f,C1027ad26e6
20,0,Rfe616d7c1b,Cbddee6e0f2
20,0,R0c31e73259,Cdfff01eb66
20,0,R875fa7f5ac,Ccbb678c881
20,0,R4bf1da8cc9,C41ff13ab22
20,0,R47b1a9677e,Cd4aef69d95
20,0,R2164322338,Cf54c89664c
20,0,R3dbf2ef484,C08b86c1dcf
20,0,R8612b45146,C93084408f6
20,0,R0ae952774c,C14fc1d25bb
20,0,R38e8cef644,C56bb3faa0a
20,0,Rc8578e91b7,Ce3e7c53cde
20,0,R871cb6f080,C94e86baf83
20,0,Rf5187bb21d,Cdd0de84148
20,0,Rbe02ea3289,C1a262eef3d
20,0,R490b71bf8c,Ca38daaff69
20,0,Rb2134ca70f,C105c93f230
20,0,Re42bf78a66,C987c0302c4
20,0,Rf3a265bc9c,C48242c28d5
20,0,Raccebc4548,Cfe6a60df04
20,0,R4a8d508128,Ce9149ae225
20,0,R25bd28c10b,Cc3255dd937
20,0,Rc2f01df42a,C0395f4c4b5
20,0,R8f5fbb24b2,Ce934fbf58a
20,0,R7fcbc398b2,Cb4764b8e59
20,0,R883798f42d,C944d05920d
20,0,R4999a85528,C3d74026877
20,0,R19255db995,C88cd331c1f
20,0,Recc924c1d8,C4c23c04533
20,0,R5a08243487,C2e99b64805
20,0,Rfde5910618,Ca158288c95
20,0,Ra0e811be96,C2aa2aff659
20,0,R1785928b8b,Cc597daa91f
20,0,R93582add2e,C75c8af9427
20,0,Rd04e566279,C7f34a264ac
20,0,R96a3252b05,Ce865641b68
20,0,Ra9db110dd0,Cb03c2db38b
20,0,Rb37c260712,C147abefa11
20,0,R2305bca064,C212c5e30b4
20,0,Rf8658bf0b2,C0e2ad2d7d7
20,0,R0f510d7b12,Cc099f7c319
20,0,R3b6af61ca3,C8298ee13c3
20,0,R611a19183c,C82f393e899
20,0,R314cadb9d3,C074567db38
20,0,R9f376f3749,Cea7e2abe1b
20,0,R98db6348bc,C07586241df
20,0,Rc23fd15b4d,C8d46fa25cf
20,0,R6a478b5682,C4dac445c5f
20,0,R184870c2f6,C4335356bdf
20,0,Rbb97524b72,C4dd540f5fc
20,0,R0456fe7ffb,Ce28c78e465
20,0,R1cd6ed96e7,Cb1fc943bc6
20,0,Reb7b80476d,C474f3922be
20,0,Ra399b917c0,C517abb89ef
20,0,Rb7f0d2cba6,Cae52b9b783
20,0,Rf28c54be16,Cbbbfef430c
20,0,Re631daa591,C0c2258749e
20,0,Rc437a4b81a,Cd717cbed4c
20,0,R97993e4abc,C414c9a369f
20,0,R088330d24f,C3a86c4078b
20,0,R4f4025920c,Cf5e1d24be6
20,0,Rc78b0fd298,C15c3047d8e
20,0,Re37e512238,C3813843402
20,0,R50a7782f20,C3fed9ba4b7
20,0,R00ce787ebd,Cf5f41c157c
20,0,R975b8b64af,Cb1ae25ec01
20,0,R758d35dda9,Cff486ee007
20,0,R63a94ac6df,Cba1142cca9
20,0,Re8e16b5351,C83ad87128f
20,0,R4406f5efda,C7603b1beec
20,0,R6b1c1af053,C533b83fda3
20,0,R136b609747,Cc1cc63b069
20,0,R01b0f9db4a,C725b145388
20,0,R8631e4727f,C8b5f7afbe5
20,0,R980dd2db61,Ce16914f6c2
20,0,R15c4357378,Cc045a0d884
20,0,Rb25fcc776b,Cfb64bc049e
20,0,R90e76994a8,Cfd28225728
20,0,R6854cda4b0,C71c8f1b8e8
20,0,R8c1a10cd34,Ce70f5b26e0
20,0,R6edb63ef49,Cc6edcb46d8
20,0,R0651123db7,Ce99a5fd3c4
20,0,Rf0e2aba6dc,Cc859d86279
20,0,R224ebe18a1,C9618f09758
20,0,R85ebf9bf1e,C8695d61787
20,0,R0091886891,C33e5587466
20,0,R9d35618702,C99c45a121f
20,0,R1d93ff6eea,Ca61b4a0856
20,0,Rdb7959f9f4,Cf0444523d0
20,0,Re400b0b568,C1c4c7103e6
20,0,R8944a64351,C2cae8dafee
20,0,Rcdb3784d16,C1d0072ea7b
20,0,Re74813af33,C89e891595a
20,0,Re90e7beb78,Cdf6e2884e4
20,0,Rd763b0c812,Cf71810398f
20,0,R27fdae7ba8,Cc5a63d5e83
20,0,R636b0fd424,C54c968a911
20,0,R1f6a4dba9b,Cebb5e4df31
20,0,R42a003128f,C65d2c648cd
20,0,R9ca134c311,C5f023f85e3
20,0,R3c07a13a2f,C10b9ef5e32
20,0,R7ee497be50,C55d203fc03
20,0,Recd6a8e6ab,C1586286336
20,0,Rea06d7514a,Ca910cc84b2
20,0,R9abe353aac,C6901c9620a
20,0,R98a3b2a748,C4723d70b01
20,0,R7891c52938,C2e38a77b0c
20,0,R7f83bbb557,Cedb0cec802
20,0,R62f29d8e52,C51c6aab21e
20,0,Rf3747f6620,C57846f6de3
20,0,R3e21ffcb27,C635e407a2d
20,0,Rc5237999fa,C2a5cc1b45d
20,0,R1975d77f7c,C2dd75378bd
20,0,R779ad9cf52,C60156f1d06
20,0,R3f62a5b5b0,Cbc28ef8e2a
20,0,R7084c6dd57,Cab7749cce7
20,0,Reb33b56c2b,Ca8be2c9f9e
20,0,R586753009e,Cb5c2afef99
20,0,R30a20fe118,Ca65b1991c6
20,0,R0753664b12,C2a2263f60e
20,0,R0fd0cb7d7d,Cfac338331e
20,0,Rbfef925e9c,C24f5a36feb
20,0,R0413baeb7a,Caf8d18cc3c
20,0,R7a470b8e4a,C3e47b6d41b
20,0,R8ec8de248d,Ceceb570801
20,0,R0339da57f2,C2e20d1d382
20,0,Ra193f985de,C6c12ad288f
20,0,R221a48aac5,Ccc07318ead
20,0,R61f729013c,Ceb29919216
20,0,Rd64c14a2e6,C14d74cfc79
20,0,Ra7ec5456c7,C444b823d61
20,0,Rd6dbe8561f,C57d669debe
20,0,R37633cfaf4,C834ea19534
20,0,R2af8ce76c3,C3572bdd630
20,0,Rc03b413b83,Ceae7f4021f
20,0,R1478bfe5c6,C94c0cd0780
20,0,Ra81d31c036,Cd8021bc8b9
20,0,R6f3b49e4e1,Ca7def77995
20,0,Rfe97220311,C37e696c18e
20,0,Rc643705882,C2fcdd78494
20,0,R3d102dc814,C0feaa1f774
20,0,R2f4bd6b30a,C844b729e57
20,0,Re8e22579f5,C6dc1528540
20,0,R14c1b376dd,Cd4fe306bc0
20,0,Rd6538c4fde,Ceb09343d63
20,0,Rb00db256ca,C2788a33cea
20,0,R54995259f7,C9a2f0ae004
20,0,R81af5f1b30,C654ae0d4f3
20,0,R0310f703dd,C8b9040a8cc
20,0,Raf76623885,C2de63d83ca
20,0,R55a36f6255,C780e2f0500
20,0,R1354dcb136,C2db880a7ff
20,0,R964bad6baa,C614a1c9ff4
20,0,R306ca57aca,C2b99acb542
20,0,R5dc8d4076e,C5905f9de3b
20,0,R1fe3887f7f,Cf0fd1e3ae8
20,0,R20f791ad21,C4b6854139b
20,0,R8c33e1aacd,C7aa6b05c4a
20,0,Rc2a2858529,Cd49c04b731
20,0,Rf41dd4cd06,C0363512688
20,0,Rd63e1ce288,Cd01c11fa2e
20,0,R9162262362,C42bc242aca
20,0,R4a16381425,C8ebaa058d9
20,0,Re10f079ad6,Cf4becba927
20,0,R0637e7f8b8,C79ab884aeb
20,0,Re3c15e76ca,Cab43d3e56d
20,0,Rc86f46ebb7,C0dfb246f9f
21,0,R5474c26bc6,Ce960b828b0
21,0,R43ba1ecac7,Ccca071e4e2
21,0,R0426e110ac,C15e6824225
21,0,R6767a9c1bf,C3b18eb6d2e
21,0,Raff42b6898,C6698453819
21,0,R758057b76a,C6c0b560b9f
21,0,R4ab9a299a9,C4ed4f6400b
21,0,R6150aca106,C29c94e5c02
21,0,R12d646764d,C809c5a4fa0
21,0,R91929679f8,Cb28a21660e
21,0,Rc5e7890f3f,Cb3c7222e66
21,0,Rd16a6b63ea,C62fcdc7731
21,0,R08e2075e39,C3336a66db1
21,0,R5596bec555,C7ec0bbcca7
21,0,R3d7c0ec7f3,C3fa4e5e642
21,0,Rff25727bbc,C6e4d6090fe
21,0,R518a2a14ac,Ca534423a07
21,0,R0b313a8ce8,Cceec36d998
21,0,R623006933d,C6b411030af
21,0,R2961142538,C04f065e9d3
21,0,R87436ba1b8,C59b55fc899
21,0,R893b2c780e,C5731715af4
21,0,Rc1c955fe78,C4ea6ebef33
21,0,Rb2aeab4495,C9b6b29fe64
21,0,R2ae7d0f05d,C37a460540f
21,0,Rcb69348bbf,Ccdf5599729
21,0,Rbc52fa9327,C166fd943f8
21,0,R64c6e272cb,Cc9fff51afa
21,0,R6e3d57858a,Ca4a7289200
21,0,R2630fabae4,C950eff09cd
21,0,Ra9cfb5cf5b,C73b50c50fd
21,0,R30e403fa7c,C8e18b5720a
21,0,R043ff35224,C1455095a35
21,0,R7b0155f2ba,C827a616d9b
21,0,Rfba25c3ba6,C629b9df831
21,0,Ra7b2229380,Ce5ecbd0820
21,0,Rd5dcfc0d88,C8e000357a3
21,0,R535310487e,C6fad705984
21,0,R21b68c236f,C8124ac8d7d
21,0,Rc68de98a75,C4ba033456f
21,0,Ra3096b2c31,Cc08a9498b8
21,0,R42d32e9850,Ccf82107d1e
21,0,R5400443994,C0ef9aec66c
21,0,R5501f42b8d,C92bcb2ddf7
21,0,Rf4ba00910a,C17ae1644f7
21,0,Rcca90bc747,C048129201a
21,0,Rbcf4571598,Cfc110726f1
21,0,R07e3261a9d,Ca560f341d9
21,0,Rb6e68cd92b,Cf0839281ee
21,0,R42e1bfe4c4,C4da105a253
21,0,Rfbeb694911,C63894172da
21,0,Ree06d62774,C2a2ae31c04
21,0,Rb096a7315c,C248938fedb
21,0,R32428ccc38,Ccc90e2492b
21,0,R5b39ba8b2d,Cfb868f0915
21,0,R35d7389b9d,C37dc5128fc
21,0,Rd22c190548,C68548b3835
21,0,Rb747206401,C603fc3169e
21,0,Rb9168a8bad,C9f2f7418af
21,0,R59d85b8201,C1950f2b248
21,0,Rba7245e41d,C78647a5d65
21,0,Rd0c0d70646,C556c019fa9
21,0,R2eb461b6ff,Cf4d76a5bbf
21,0,Rf55719ebe7,C0904a85ff4
21,0,Rf0083b7b8d,Ce133166f7a
21,0,Ra076716476,Cd0b0e043bb
21,0,Rc356d2001b,C4f695ad598
21,0,Rc303c515b7,C8e6d2b9f19
21,0,R41676b8a34,Cb78e986050
21,0,Raac10c717a,C5abee7b21f
21,0,R6cad3ad19b,C70e305cca7
21,0,R29fd35b0c0,C08cc96c044
21,0,R5fc6a81c60,Cfaa2b6db1c
21,0,Rb43605cf94,C4c5de802e5
21,0,R840930abd1,Ce5399d3c19
21,0,Rcccd1bfcbf,Ca0d28a9c91
21,0,R7f2fb74b06,C83c4d9ae60
21,0,R4c0ec5e39c,C107c19e48b
21,0,R6f97c7a577,C79ab7d5d61
21,0,R7f7d610e25,C52b9618e8e
21,0,R67e8b039c6,C2ffe7313ae
21,0,R883798f42d,C944d05920d
21,0,Rdca51334ad,C12db581e73
21,0,R6164c74e66,Ce81aeadc4f
21,0,R5e47f9b2a3,Cb64ac1a0e6
21,0,R8144dc5745,Cea7c07190a
21,0,Rcee22f895f,Cd7bb40dc95
21,0,R6cd4ab8634,C12a66983fb
21,0,R7cfff74f78,C9910056553
21,0,Rc5779c27cb,C259381b4d7
21,0,Rcb656a6f43,C4141170d9a
21,0,R4a15f0578d,C9815dec0e9
21,0,Rb7f0d2cba6,Cae52b9b783
21,0,Rc857836cd7,C1a62fcc17c
21,0,Ree04b342a7,C3a7ce91cc9
21,0,R8ba00ef699,C1d2be32e8f
21,0,R9ff48bc614,C1286dff583
21,0,R2ba2fefe09,C9244f66be8
21,0,R09dcd5bf74,Cf6189dedfe
21,0,R24d9f7092d,Cf5dd880f14
21,0,Rf193b3c577,C980c6c4fc8
21,0,Rad36cd0af9,C42ed1b749d
21,0,Rea95a91841,C6d4930fc85
21,0,R26ca98a262,C5843cafec5
21,0,R6aa2839a83,Cc4367b6476
21,0,R8631e4727f,C8b5f7afbe5
21,0,Rf2b18ffb93,Ce74523bb49
21,0,R7534476ce9,C229ee49f7a
21,0,R8496c32fc4,C0aba215ec6
21,0,R6cb4bc9741,C3bcd3ac633
21,0,R78a800988c,C5656d90bf1
21,0,Rdd55c5755d,C315ce79439
21,0,R624705b296,C9b68ed4b8a
21,0,Raddf29b1b4,C8edda56233
21,0,R1ffbf14000,Ce6b01831d0
21,0,Rcf062f6ad7,C308b312bd1
21,0,R1918587177,C63ff35345d
21,0,R361d68d5fc,C29f7f0d759
21,0,R8f617d5c5f,C7173ca4b2c
21,0,Rcb1c915ea0,C6a7cca0c8f
21,0,Rf0b3fa3ca0,Cc9fb6bb90e
21,0,R8944a64351,C2cae8dafee
21,0,Re17026426c,C8bf5eaf816
21,0,R4bf1da8cc9,C41ff13ab22
21,0,R32141efceb,Cec35a0f657
21,0,R466cf9cabe,C6d9ef9e492
21,0,Raccebc4548,Cfe6a60df04
21,0,R316b81e9e5,C3bce3498aa
21,0,R4a8d508128,Ce9149ae225
21,0,Re3b2b4cdad,C5aa475eab8
21,0,Rac15ca50c8,C6dbeefcf72
21,0,Rc92f1e1a5f,C9e3ef2822b
21,0,Ra52297be75,C3471cfb17a
21,0,R7fcbc398b2,Cb4764b8e59
21,0,Rf053113689,Ccb4b54e58c
21,0,R4eb3910ed3,C84cce82200
21,0,R42ca55b90c,Cb194ae0527
21,0,R17833f1439,C74bfde95e9
21,0,Rbbfc605e18,C9bb8799e1b
21,0,R3e4584c90c,C29189edaf0
21,0,Rdf36445a16,Cffd95a1963
21,0,Rbce7b1334b,C06901caeea
21,0,R0df7424664,C9327da56c1
21,0,R2bdb93f691,Cb3c632b271
21,0,R1ac76284f8,Cf411aed363
21,0,R00043f2564,C6518cea005
21,0,R1ef3f585a6,Ce430286e14
21,0,Rd04e566279,C7f34a264ac
21,0,R188dd0d587,Cadd209c281
21,0,R6ea6338597,C03efa6e274
21,0,R999fe5297d,Cc9f145d84c
21,0,R5dd445fbe3,Ca4f87e109b
21,0,R006b6e239b,Cf0371f0f22
21,0,Rf8658bf0b2,C0e2ad2d7d7
21,0,Ra6c2320db3,C95d9b5aa81
21,0,Rbb97524b72,C4dd540f5fc
21,0,R739daeacf1,Cad67ff0b1d
21,0,R0486c69276,C49da65839c
21,0,R1226102911,C8d5d25b7c8
21,0,R97993e4abc,C414c9a369f
21,0,R6fe4c6bebc,Ca26237f5cd
21,0,R123a051431,C699c2fe2aa
21,0,R875fa7f5ac,Ccbb678c881
21,0,Rd88fca55f6,Ce453f1566d
21,0,Rd95bb2d09c,Ce6755a0637
21,0,R871cb6f080,C94e86baf83
21,0,R4c4f6e1405,Cf036062311
21,0,R18fb80d3ed,C828869a187
21,0,R450582df83,C01c4acaeb1
21,0,R96c1aa9960,Cb33a3cdbe2
21,0,Rfecc5b5c8c,C7dd58409d8
21,0,Rdd70f428c3,C3eedf921f5
21,0,Ra4f67687cb,C2ef7fc2adf
21,0,R98db6348bc,C07586241df
21,0,R2305bca064,C212c5e30b4
21,0,R00ce787ebd,Cf5f41c157c
21,0,R9ca134c311,C5f023f85e3
21,0,R48d67b5345,C81910009fe
21,0,R3dbf2ef484,C08b86c1dcf
21,0,Rbc69b73b92,C2c44b929d2
21,0,Rdb85f20b9b,C2d44442ab1
21,0,R89a76614cd,C3ae9b207f8
21,0,R908b85d6fb,C0d18405410
21,0,Rfb250e526d,Ce9c451a67d
21,0,Rdf974bf027,C41157a3d3d
21,0,Re37e512238,C3813843402
21,0,R1b6d0d3062,C576974891f
21,0,R1b1f716245,C5541edba6c
21,0,R99e82beaaf,C98bd8195c1
21,0,R1d64d66096,C70717fa176
21,0,R596b3b1b43,Ce6848aba88
21,0,R64769c8c60,C6150f04c3f
21,0,Rff82bdcd17,C7bfe97190c
21,0,R1cd6ed96e7,Cb1fc943bc6
21,0,R6edede87cc,C1148a374a3
21,0,R965b1c5870,C8ee42f19e0
21,0,R7869e1162c,C7bde53dbf1
21,0,Rdef62e289d,Cbd010594a0
21,0,R4406f5efda,C7603b1beec
21,0,R0deb59d80a,C48813e7fef
21,0,Rec7c0f6b97,C5eaee4ce0d
21,0,R72239d36a2,C066882413e
21,0,R6b426bfb17,C79e5038e65
21,0,R539186039d,C96c5776c77
21,0,R8c1a10cd34,Ce70f5b26e0
21,0,Rb49e4f9924,C7533daeac8
21,0,Rca41376fe2,Cd0feb55148
21,0,Rf0191e7aad,C25ba6c8433
21,0,R585f996e20,C85988ed22a
21,0,R35374bcfa5,C8c5538a29c
21,0,R8c1f4fcbfe,C61912597e0
21,0,Re1a602cb7a,C73cbc65415
21,0,R0e30968024,C4cb062021f
21,0,R38ff6b446e,Cfaad3a312c
21,0,Rb2108000ba,Cbe8e7ecc88
21,0,Rddebf77fe8,C051ff5e87a
21,0,R36b9221353,Cfa406666fc
21,0,R1bfefcba76,C5cb6dde3e2
21,0,R6b62b4e20c,C1d45d2c489
21,0,R15f671a944,Cabd39284ec
21,0,R53d97947fe,C3b8f18fb8d
21,0,R2d76400276,C9a895d2fd7
21,0,R21e1fbffbc,Ce854a6475d
21,0,Rd3119ac4d9,Cffde74521e
21,0,R3918bac22a,C38c5e0a402
21,0,R64b69edc8b,C1a072ea978
21,0,R00a468a34d,C431feaaea0
21,0,Ra9359aed38,C40c429595f
21,0,Rc09a358735,C09aa6ff99a
21,0,R52ec492fa6,C215a6f3719
21,0,R0a2370e84a,Cd3e922f797
21,0,R7156886c0d,C43b473b43d
21,0,R9b452447ce,Cb7a1c9d9a4
22,0,R2356a9027e,C27489f6fdf
22,0,R70648c43a5,Ceb38ac906c
22,0,Rd1fcb23aa5,C9b045191ba
22,0,R1756033399,C3c56fda22f
22,0,R6d4dd68d8f,Cefef55e1ca
22,0,R21f6d34c53,Cdecec9d73d
22,0,R948bf2fcbe,Cbdef7bb8f8
22,0,Rad41d50210,C093f135450
22,0,Rde099eb9e4,C16d9b2b08b
22,0,Ra076716476,Cd0b0e043bb
22,0,R0b313a8ce8,Cceec36d998
22,0,R08e2075e39,C3336a66db1
22,0,Rca4239e010,Cd2b5fb20ab
22,0,R35d7389b9d,C37dc5128fc
22,0,R87436ba1b8,C59b55fc899
22,0,Rcaf04b3ce6,C946c1eeef7
22,0,Rdd55c5755d,C315ce79439
22,0,R36f0316b28,C0213b9fe18
22,0,R40730e0850,C9d951445cf
22,0,R0caee1d17f,C7a99919fa5
22,0,Rbcc100890e,C142d60f202
22,0,Rb9168a8bad,C9f2f7418af
22,0,Rc356d2001b,C4f695ad598
22,0,Rfcb3ae6a19,C78ab88b533
22,0,R9ff21d0fa1,Cc03e5426c6
22,0,R224ebe18a1,C9618f09758
22,0,Rf193b3c577,C980c6c4fc8
22,0,R4a15f0578d,C9815dec0e9
22,0,Rbc52fa9327,C166fd943f8
22,0,Rbcc296231f,C6cadcd4b46
22,0,R8d151c94ac,C70fcc4ea97
22,0,Rb7f0d2cba6,Cae52b9b783
22,0,Rad36cd0af9,C42ed1b749d
22,0,Rb0d7ea913b,C56b06dfa9f
22,0,Raac10c717a,C5abee7b21f
22,0,Reb47d4b721,C392e14d435
22,0,R006b6e239b,Cf0371f0f22
22,0,R7fcbc398b2,Cb4764b8e59
22,0,R264111e76c,Cb2da112353
22,0,Re0a6618b40,C89203c7024
22,0,Rb29d60f805,Ce377963358
22,0,Ree6ec19465,C39cd2f92a0
22,0,R2305bca064,C212c5e30b4
22,0,R871cb6f080,C94e86baf83
22,0,R017e7e7ab1,Cdc9b7357e0
22,0,R26ca98a262,C5843cafec5
22,0,Reb7b80476d,C474f3922be
22,0,Rae817d93da,Cf52baad261
22,0,R0593b0f880,C2428edfb02
22,0,R466cf9cabe,C6d9ef9e492
22,0,Rcf062f6ad7,C308b312bd1
22,0,R5906a9080d,Cec4be5b005
22,0,Ra32e1c4cf3,C51f0964ecc
22,0,R5a4a1ebdc8,C3f42ae1955
22,0,R4c4f6e1405,Cf036062311
22,0,R6b4ab5baa2,Cb09250ca6d
22,0,R42ca55b90c,Cb194ae0527
22,0,R862535669b,Ce3a7e3b50d
22,0,Ra52297be75,C3471cfb17a
22,0,R8144dc5745,Cea7c07190a
22,0,R6fdb49c12c,C01e93512f1
22,0,R129193a4e0,Caceaf10ed5
22,0,R6f6e37f19d,Ccd132acf94
22,0,R8f8ba0bc74,C1c5a3ba135
22,0,Ra0a1251ae4,C1b6013cdb4
22,0,R0cdfbe78dd,C650d2769e7
22,0,Rae808fcb29,C31047727a1
22,0,R827fcedf4f,C229d9cfe46
22,0,Rcad4393eb6,C9a1ab85b23
22,0,R72239d36a2,C066882413e
22,0,Recc924c1d8,C4c23c04533
22,0,Rf4cb304fcf,C193d897335
22,0,R5771ada062,Cc955df2ade
22,0,R2fc7c541db,C9409d678d8
22,0,R1ef3f585a6,Ce430286e14
22,0,R633fc129eb,C9aba70c2fc
22,0,R450582df83,C01c4acaeb1
22,0,Rbb97524b72,C4dd540f5fc
22,0,Rc5237999fa,Ce9426953e8
22,0,R082679b5cd,Ca27f016915
22,0,R76e5f4745e,Cfe5e1e25a9
22,0,R18ff45d579,C15ec856247
22,0,R6dab73397e,Cdfa50f67b0
22,0,R0abe1521a4,C88796bcc1e
22,0,R6c79b70afb,Ca43c061732
22,0,R698dca1855,C504bfce1d8
22,0,R052760c2e4,C4aea62caa4
22,0,Re53a7f26be,C25a88321e0
22,0,R4d68612920,Cc49d7e19af
22,0,Re6a55d7946,C52fd6d78a3
22,0,R3dffa84b66,C939ae5d0aa
22,0,R4cc356645b,Ce325cb5274
22,0,Rd975309fed,Cbab02f10d4
22,0,R8061f10466,C6314f56357
22,0,R990869b189,C4f9ae53343
22,0,R9f0956a63a,Cb333002a03
22,0,R79078c11f5,Ca978b4e6bd
22,0,R71c1729de6,Ca3495da9cc
22,0,Ra8ea0da3ce,Ca042f701e9
22,0,R2d2ff5863d,C61d95e3a4a
22,0,R923742278d,Cd8702693b8
22,0,R16a31c87da,C8fa42ee39e
22,0,R13afde02d9,C282d3c147a
22,0,R8acba3b440,Ce61b59ca3d
22,0,R67178321d1,C87545417c1
22,0,Re1ada02e23,C4e13874053
22,0,R44bdb5dfcf,Cada66006ed
22,0,R90a1b8b251,Cf775550094
22,0,Raee13cf0d8,C3cfc40f20c
22,0,R546db86fd2,C2305504bff
22,0,R7e7667389f,C177a19cf48
22,0,R30ec97ef3d,C25dd918428
22,0,Reae55a3601,C9a10be7b7c
22,0,Ra262cd1605,C6ec6b3e804
22,0,R8abd3b87f4,C921bea2795
22,0,Rdc3f1e6607,C8bcdf1c0ba
22,0,R5e73cf7595,C8bfbaeb071
22,0,R1c0e990350,C4945ad788f
22,0,R5491ce3b92,Cdc6be78609
22,0,R6fad45a8f9,C4fd29a627b
22,0,R13e7b3958a,C6563cbeac3
22,0,R70a5398367,Cd95afe0a8c
22,0,R335e46133e,C7effe52139
22,0,R411b82eb05,C00dbbbf994
22,0,Re9f3a2b960,C31f4801ffc
22,0,R07f28eb162,C1f7f098afb
22,0,Rdb06e29274,Ce7f1a87cd0
22,0,Rfc327d118e,C0d8b800e8f
22,0,R6ebd23de25,C559ccd46f4
22,0,R423381361d,Cff67bbe88a
22,0,Reb88d85b3d,C643d1f711f
22,0,Re82bb3e3b6,Cb218efa656
22,0,Reef2b08c2c,C12a66983fb
22,0,R2fc75b65a1,C81ac9d4a0a
22,0,Rd1d3164bb7,Ceb479666ef
22,0,Re1ff226a04,Cec19a69426
22,0,Rdcad0f2429,C96de39e2fe
22,0,R03155329b1,C4feeafae3c
23,0,Rcbccf927d4,Ccdb1904ef3
23,0,R2d2c24f42a,Cfbe9c48dd9
23,0,Re254c0cc4c,C8b54b9cdcf
23,0,Re481b5a794,Ceb479666ef
23,0,R6cb4bc9741,C81ac9d4a0a
23,0,Rb245eab560,C253ffabb7b
23,0,Rff25727bbc,Cec19a69426
23,0,Rf50f768b15,C976fce5428
23,0,Red511d11f3,Cff99e0da98
23,0,R25b994f7e5,C643d1f711f
23,0,R0a4ecf5ed2,C5dd5a89f75
23,0,Ra3096b2c31,C87d6ff954d
23,0,R6fe4c6bebc,C468c7e7ad3
23,0,Rc723147a4c,Cd169bc370e
23,0,Rf89b665b7d,C995580db11
23,0,R4399e47f1d,C98582014e7
23,0,R6f97c7a577,C19a2242f72
23,0,R623006933d,C06f6c65fc3
23,0,R9fdad8219e,C07ba63cefb
23,0,R2bdb93f691,Cf6e00ad732
23,0,R13743ab4c4,Cd96a1cebdf
23,0,R9f376f3749,Ca5690fe5bb
23,0,R6aa2839a83,C9bcc1b50b6
23,0,R6164c74e66,Ce8472d1c7a
23,0,Rcc902a68b2,C45e6216dd9
23,0,R95ee803ed2,C63ebd39415
23,0,R04299129c0,Cdceabbb744
23,0,R2d46aeea8a,C4f58cf4b61
23,0,R58846c7a88,Cabe89bcba9
23,0,R0651123db7,C9adf5393c5
23,0,R3859797a17,Ce1d99345c8
23,0,R893b795b5a,C3fa195673e
23,0,Rd547fd2893,C65f90a19be
23,0,R1b6d0d3062,C6a7a651e56
23,0,Rdb38fa5e16,C2c715b2fcf
23,0,Rf53a355a96,C42bae22349
23,0,R16004cf7ba,C6fb530d7ed
23,0,Rf28c54be16,C7de5105f79
23,0,Rd58f8ffbd9,C785cf5270f
23,0,R875fa7f5ac,C9a72a59650
23,0,Rd581e3ba7a,C95e8f56147
23,0,R83605e68c5,C9d19c867ad
23,0,Ra0c1412d70,C2c373a0f42
23,0,R747a878367,C575cf8a692
23,0,Rb04bb28b1c,Cc6d1e0d4fa
23,0,R04d45c14a1,C5031afe408
23,0,R9cc70e8be3,Cb5e5bb388e
23,0,Rccb95d1029,C6aafcb6f1d
23,0,R114d322262,C42291840d5
24,0,Rad41d50210,C0593093737
24,0,R4399e47f1d,C98582014e7
24,0,R839e1eb76e,C44b9a763a1
24,0,R330ae12729,C99d1959690
24,0,R932ae6f421,C9190e1c4da
24,0,Re481b5a794,Ceb479666ef
24,0,R6a2d23eac2,C9c7823db6a
24,0,R43ee6e64f2,C4dabc765af
24,0,R2d2c24f42a,Cfbe9c48dd9
24,0,R6fb64f597d,Cd756756f55
24,0,R7b0155f2ba,C7c5d08bbdc
24,0,Rcf8901eb2e,C5efd2b41f9
24,0,Rca67106508,Ca4171385c2
24,0,R87bb3b4ee5,C16c81b1243
24,0,R0f510d7b12,C2075450d3a
24,0,R24a04107ec,C4a413cabce
24,0,Rcadf513fee,Cdedc1fdc3e
24,0,Ra32e1c4cf3,C3c989d6290
24,0,Re3c46efe14,Cadf194d574
24,0,R91d67e113a,C1f4d5ecd2c
24,0,R13f8cd5a79,C4feeafae3c
24,0,R959e664088,C658c1cfdd8
24,0,R036267d051,C789bbf294a
24,0,R2961142538,C72e3b82d27
24,0,R1ab9e8c8e3,C6a22bc139c
24,0,Rebe6eb3de8,C07e0112505
24,0,R802e3f1c70,C92be70f422
24,0,R87b31eb5fb,Cd99caf8b7d
24,0,R4d167cf3f5,C5cf1032d02
24,0,Rb4f6b5fb12,C6dc1a18f71
24,0,R8d151c94ac,Ce0ad60c49d
24,0,R86cb92a7ae,C57a90dbc9f
24,0,R63d84c22bb,C9ec9d8d730
24,0,R2236f6b01b,C1ee09ab5ec
24,0,R79cfc51671,C78cf151d16
24,0,R0ea3036801,C7a64636a55
24,0,Rbe5d7897f2,Cabf0772674
24,0,R3030bb5b16,C9c9252facd
24,0,R77cf9f359f,C7ac023dc2e
24,0,Rd69476389e,C520b159897
24,0,R8ba00ef699,Cd5178f619b
24,0,Rd16a6b63ea,C64a164e799
24,0,Re36ddc59c4,Cf49f047145
24,0,Rdd1a328745,C08a2e8afd0
24,0,Rde3381918d,C9ce82af138
24,0,R34e2a6c9b7,C604f61c4fe
24,0,Rd8668ab367,C15e7cbda5f
24,0,R25b994f7e5,C643d1f711f
24,0,R71f7bc61aa,Cc2a2e2f1b8
24,0,Radece755fe,Cecb1410ff1
24,0,R28419d682e,C36c6885919
24,0,R713087457f,C28f10729ff
24,0,R06e41b9878,C4a7800186c
24,0,R49edc6ca50,Cc2cfc5bad2
24,0,Rcff265720e,C4cdc8a58c5
24,0,Rbe944e3cc2,C97dbe14d57
24,0,R6cbbdb89db,Cf9e6a6c14b
24,0,R3b378e9a5e,C9de1d9abc1
24,0,R1517d27037,Ceb6a6b83d2
24,0,R1586ab606d,Cd5f23c5b27
24,0,R0a4ecf5ed2,C5dd5a89f75
24,0,R1270090370,Cd093a5bd24
24,0,R3fb1066de6,C6b54c9081c
24,0,Rbed2f695c6,C59040eae38
24,0,Rcf062f6ad7,C1f1bee4b85
24,0,R6f897e5ecf,C90a4ba56c3
24,0,R84396dd78f,C9efac6d72e
24,0,R5016c37f19,Cdd1c7c9df6
24,0,Rff82bdcd17,Cd765c815b6
24,0,Rb83ee31a76,C7c62c94ea8
24,0,R2164322338,C73ff034896
24,0,R9c88ffc4fa,Cfd1af012f1
24,0,Rbe69058097,C62fc8e1581
24,0,R89d5a6a5cb,Ce300109390
24,0,Re0fe21c7d2,Ca0c60bb002
24,0,R06c32d10c8,C0a48051606
24,0,Red511d11f3,Cff99e0da98
24,0,Re3872bb89b,C192af4db90
24,0,R184d80e3e4,Cc5523ea7dd
24,0,R6cd4ab8634,C314e79f590
24,0,R7d68cd0ebb,C236b1215eb
24,0,R2305bca064,Cb2f1e947ab
24,0,R8eebea1076,C3b22c02601
24,0,R5da4016726,C46b16226d0
24,0,R9ff426efb4,C9e915a7365
24,0,Rf50f768b15,C976fce5428
24,0,R770b0c6969,Ccc8a0b4983
24,0,R35a986b477,Cd48466d28b
24,0,R835977315b,C6d8ce3a27c
24,0,R2550abc368,Cddf7717835
24,0,R516fab22b5,Cacc1109f18
24,0,R254f2678cc,C1a4df61c61
24,0,R52cfac2002,Ce6bacdffe7
24,0,Ra86e5e0492,C654c4b3715
24,0,R6fdb49c12c,C0cce97dd6e
24,0,R22ac90aa30,C020b016379
24,0,R9e074e6531,C2a7840266d
24,0,R2ff532d564,Ccaad101c9b
24,0,R978122ab88,Cc486592aeb
24,0,R08fac31b68,Cb5e5bb388e
24,0,Rc6aa02f26a,C020e4a233e
24,0,R4800b4c833,C9d84766b61
24,0,R1cd6ed96e7,Cbe07d24fe2
24,0,R40730e0850,C418913f4da
24,0,Rd0b27b5eea,C21fcaddea6
24,0,Ra8ff2da7c2,C1860d1dc54
24,0,R6c61f54dbe,C8264efb314
24,0,R8c86d955d7,C89a6a95f56
24,0,Ra60c22eea0,C5ad5d03e31
24,0,Rdd55c5755d,C94285ec9a3
24,0,Rcf8efb044a,Cbf619e8ee3
24,0,R7f2fb74b06,Cb4bf68139b
24,0,R359cf91b35,Ca610ad1ee8
24,0,R74973f6119,C6e4a80f419
24,0,R97463134d9,C2654f18d32
24,0,R96a3252b05,C5e7a1cdc6e
24,0,R1957abf0ae,C5a1e221425
24,0,Rad9761ea5f,C69bdc43369
24,0,R325dc1ae16,C6c80dfa575
24,0,R24b0c7feb7,C043bf02e2f
24,0,R25d7b3a731,C7ab4ceecd0
24,0,Rc723147a4c,Cd169bc370e
24,0,Rf53a355a96,C42bae22349
24,0,R20b91afd06,Ca80bf11c5b
24,0,R5c208425e5,Ce01d98fbfa
24,0,Refe1a4bff0,Cb23808e04c
24,0,R75a6912332,C6c0d969ff0
24,0,Rab5107dfe8,C34c6ee53b1
24,0,Rc393aaf88d,C63b717d77c
24,0,R883798f42d,C55ba6ae121
24,0,R383cf75502,Cfe3c1388c4
24,0,R6aa2839a83,C9bcc1b50b6
24,0,R92fae8b4d8,C685f80007f
24,0,R5b740725e4,C76353be93e
24,0,Rb4d122d95e,C451651a8b7
24,0,Rc2fef164e1,C521d31ced6
24,0,Re805303538,C964e0974e0
24,0,R87436ba1b8,C90fa75e063
24,0,R4174f21f2f,Cc778bc89dc
24,0,Rdca51334ad,C3e78cf88e5
24,0,R450582df83,Cf41404af77
24,0,R4af62a87b8,Cf0f21e1cbd
24,0,Ree6ec19465,Cb5cc4203a3
24,0,R01355add36,Cd10932a82e
24,0,Rd94ba645b2,C3c51d531f5
24,0,R5400443994,C48c385f93a
24,0,Rb7f9daa2e1,Cb4536a0c59
24,0,Ra3a6715b38,Cc61ff3a7ba
24,0,Rd9e2fddc79,C8d7e8efb36
24,0,R623006933d,C06f6c65fc3
24,0,Rd04e566279,C6f6adb006a
24,0,Rd1f1046d1c,C454d65b455
24,0,R510b4bd330,C37fe6b7507
24,0,R23669f90b9,Ca86c8d6357
24,0,R861d006361,C007b798827
24,0,Ra1287b65f1,C72c47a550f
24,0,Rd7d05cc28a,Ca7dc88a34d
24,0,R8eeb2f319e,C973e4324b3
24,0,R76bd46ebad,C7cd9a7232d
24,0,R0207c07e8a,C6a01949aef
24,0,R85888f0573,C25799948e0
24,0,R21698998a6,Cd9ae19bb1a
24,0,R871cb6f080,Cbcade997e1
24,0,R357c8c79e5,C870b9152c7
24,0,R580d82fcee,C9708f048bb
24,0,Ra50b872b81,C36fa1e5b49
24,0,Rcd7c58b6ad,C2c2b7f0812
24,0,R45d56d149f,C9274fdf2de
24,0,R0651123db7,C9adf5393c5
24,0,Ra52297be75,Ce743ef73fd
24,0,Rae4685e3a1,Cc893cca4ec
24,0,R4d36624381,C1b73ed5ef3
24,0,Rffb6a1dfa7,Ca595101e71
24,0,Rb7ddb0b06d,Cc353341eaa
24,0,R6f97c7a577,C19a2242f72
24,0,R08f78a714d,Cba3a46ebd7
24,0,R073757ca00,C384ea6c733
24,0,R33b1ee5d96,C87d6d0f366
24,0,Rded8060ce6,C9dddd931de
24,0,Rce0c226ef7,C7d84e3865c
24,0,R99a042262a,C3ec85576fb
24,0,R6928dfcfd5,C1704f30ccc
24,0,Ra20eee0bf6,C6aafcb6f1d
24,0,R385a0ced0a,C4796cda6fe
24,0,R9f376f3749,Ca5690fe5bb
24,0,R56b3cbb71c,C6829e81ff0
24,0,Ra0e811be96,C8a4a54d0b0
24,0,R3ccb0a52a5,C681f8efa92
24,0,R1c2fcbb231,Caf68d084c0
24,0,R6f3b1d03f8,C9116e3d9db
24,0,Rfb250e526d,C7d43d6da6b
24,0,R3e4584c90c,C4bc5ba4949
24,0,Ra17ce0dcfa,C84d22a47dd
24,0,R447ebd88d0,Cbfb1899a24
24,0,R34fd8acfd1,Cab072c24a1
24,0,Rf28c54be16,C7de5105f79
24,0,R5477459731,C78a858e470
24,0,R53309f16cc,C0d8df4a185
24,0,R314c742854,Cb658ebf2e9
24,0,Rdcc3f925df,C37b5470216
24,0,R2a6bd9c9b5,C6fd388e06a
24,0,Rc03cfc96c6,C1d05b9bbe2
24,0,Re37e512238,C795de80994
24,0,Rf84f5f0d5f,Ced5a0fdb39
24,0,R50a7782f20,C018a173846
24,0,R4f4025920c,C16b1748f46
24,0,Rdc0139b62c,Ce4ad7e0a91
24,0,R74b2f18977,C2d62e767b8
24,0,R0a50d2f665,C09c281d0c9
24,0,Rbba192357f,C1b2ee2044c
24,0,Rf4386386bb,C093e2d53ba
24,0,R5c5cbd56a0,C38b07f2a1d
24,0,R18df3a38da,Cdaa99ed35f
24,0,Rfadc5bbb52,Ce7f3ee1149
24,0,R5610fa88b5,C6ddcd3f065
24,0,R02e2c4c094,Cc2bed33e96
24,0,R95c88e4c08,Cc525c0d77c
24,0,Rd88502c786,C6185a23dd4
24,0,R0d4117f278,C925cd27d41
24,0,Rdff65583df,Cf88fc4397d
24,0,Rf92f3c1818,C6387466ed6
24,0,Rcd37a00779,Ce5d4f512dd
24,0,Rd9ad6d606a,C3a26eff949
24,0,Ra0c1412d70,C2c373a0f42
24,0,R6420e322a5,C67cb0aa73c
24,0,Rdc132559e7,Cec19a69426
24,0,R7e8bc704de,Cb87d2ee411
25,0,Re7266d40f7,C411aa02243
25,0,R59e5152acf,Cbecaec475c
25,0,Rba6ffc3894,C07a9efaa67
25,0,R51639550b1,C98080ee31f
25,0,R598b8d1af9,C2118047182
25,0,R6210f9313d,C1b68a8e35e
25,0,R615d61a1f2,Cf88fc4397d
25,0,R842d1b64bc,Cd8488c6dd0
25,0,R6150aca106,C3a26eff949
25,0,Rd22c190548,C5421482340
25,0,R7d1cefd9ea,Cd847fb01f6
25,0,R435449670a,C203eebd0d4
25,0,Ra54ff3fd9b,C02883d7b15
25,0,R3002982a21,C10b8670254
25,0,Ra6e587f7e5,C2d8263484d
25,0,Rbe5d7897f2,Cabf0772674
25,0,R3aecc96f8a,Ca6c6e48261
25,0,Rf38ab65030,C95894a0570
25,0,R0a4ecf5ed2,C5dd5a89f75
25,0,R5a2a544cd2,Cec7fbf6a1b
25,0,Rb4f6b5fb12,C6dc1a18f71
25,0,Rf624a58b45,Cb825a4e457
25,0,R458e086fe8,C3d458f4234
25,0,Rcc990bcce9,C50bc2a289f
25,0,Rde9b9f8d32,C7bb6d44845
25,0,Ra32e1c4cf3,C3c989d6290
25,0,R15836d15ca,C6de41a5eee
25,0,Rfcb3ae6a19,Cc937c873f4
25,0,Rcf8efb044a,Cbf619e8ee3
25,0,R81a802f449,C3b3efe055c
25,0,R08dc58d63c,C9399c1b23a
25,0,R81d67a1f41,C59bef70c27
25,0,Rb6e68cd92b,C37388e8cbc
25,0,R7b0155f2ba,C7c5d08bbdc
25,0,R4f3d344e5a,C59a9158d94
25,0,Re56b79adf0,Ccc0f4e3806
25,0,R2961142538,C72e3b82d27
25,0,R07e3261a9d,C3d8db4d31e
25,0,Rde3381918d,C9ce82af138
25,0,R9e074e6531,C2a7840266d
25,0,R9ff48bc614,Cb87d2ee411
25,0,R77192fbebb,C32481949be
25,0,Rbb4fdc9e77,Cc0223574db
25,0,R47987435f0,C8ae40f57db
25,0,Rea47a82236,C29e00ef8b1
25,0,Raf42430c21,C58a600edaa
25,0,R896e7c8573,C11b39c3188
25,0,R7a982a2088,Cb55013e091
25,0,R184d80e3e4,Cc5523ea7dd
25,0,R27fdae7ba8,C8e186ec11e
25,0,Rebf93ce872,Cdd31c7b9ec
25,0,Rfecc5b5c8c,Cf0a5658a3d
25,0,Rb21c89684c,C37fb89befa
25,0,R56acea1e0d,C6c4c3ea6a0
25,0,R79cfc51671,C78cf151d16
25,0,Re0a6618b40,C68bf3f2c11
25,0,R959e664088,C658c1cfdd8
25,0,Raed2e77f66,C6e1597d23b
25,0,R09dcd5bf74,C91ad372040
25,0,Rd08b8aaf97,C1be207869c
25,0,R8eebea1076,C3b22c02601
25,0,R325dc1ae16,C6c80dfa575
25,0,R8a87f7a189,C045273a25e
25,0,R574a908378,C5a77100d0c
25,0,R8425316d35,C109c1c5e67
25,0,Re0fe21c7d2,Ca0c60bb002
25,0,R2f6d14f126,C88209a8c07
25,0,R5b740725e4,C76353be93e
25,0,R9ff426efb4,C9e915a7365
25,0,R5873304b15,C7b1ee25305
25,0,R082b2bb0f5,C565f90a41b
25,0,R450582df83,Cf41404af77
25,0,R82f92559c9,C38c3daa83d
25,0,Ra3096b2c31,C87d6ff954d
25,0,R78adf8cf02,C52c7daa8ec
25,0,Rc3dc51e0ef,Cba00723430
25,0,Re8085841e6,C5d7ea120eb
25,0,R39a1261dd4,C6736fefd77
25,0,R871cb6f080,Cbcade997e1
25,0,Red511d11f3,Cff99e0da98
25,0,R6fdb49c12c,C0cce97dd6e
25,0,R0448b4d636,C661652d787
25,0,Rcf062f6ad7,C1f1bee4b85
25,0,R623006933d,C06f6c65fc3
25,0,R5da4016726,C46b16226d0
25,0,Rbed2f695c6,C59040eae38
25,0,Rb361297178,Ced33da412d
25,0,R2305bca064,Cb2f1e947ab
25,0,R4ead1c18cd,C05c3efb3a0
25,0,R3f2e6f338c,Cc5cdb0006b
25,0,R696a2704c9,C14eb68c20e
25,0,Rc56e47cee6,C6e4f880603
25,0,R40730e0850,C418913f4da
25,0,R0f22df25d2,Cd93258d8f4
25,0,Ra20eee0bf6,C6aafcb6f1d
25,0,R383cf75502,Cfe3c1388c4
25,0,R883798f42d,C55ba6ae121
25,0,Rd9193f7469,C0ff3dd2d8b
25,0,R9c88ffc4fa,Cfd1af012f1
25,0,R0ea3036801,C7a64636a55
25,0,Rbb009e76b0,C868a0b65ad
25,0,Rc13f2b919b,C5161f9e0ce
25,0,R2f7bdbf089,C55b586cc1c
25,0,Rdca51334ad,C3e78cf88e5
25,0,Rdb7959f9f4,Cc2864d8b4c
25,0,R74d41c8ff4,C9373ba5dce
25,0,R1b4482e8c2,C1d33d795f4
25,0,R35a986b477,Cd48466d28b
25,0,R7cfff74f78,C2f7fb0c80b
25,0,R713087457f,C28f10729ff
25,0,Rff82bdcd17,Cd765c815b6
25,0,R524380cac3,C3d5c6a44ba
25,0,R3e4584c90c,C4bc5ba4949
25,0,Re6d06f27f3,Cba9b78ee4b
25,0,R16bd06ce04,Cd93d4d0f74
25,0,Rc723147a4c,Cd169bc370e
25,0,R6f229a112f,C44c5be7352
25,0,Refe1a4bff0,Cb23808e04c
25,0,R42cbc884fd,Cc02677e3d6
25,0,R75a6912332,C6c0d969ff0
25,0,Rc5779c27cb,C9fd393d5e4
25,0,R7f2fb74b06,Cb4bf68139b
25,0,Re3af0eb0ca,C35eb818f43
25,0,R784160c0a5,Cddc996ca46
25,0,Ref590ffe6f,C7e00129abf
25,0,R6e4d496951,C5c485951e8
25,0,Rcde6615d72,C43edd5095f
25,0,Rf9caa0b2a3,C1332bfe346
25,0,R9b6feeca3d,C00b2c00897
25,0,R52cfac2002,Ce6bacdffe7
25,0,R8bcba3e5ad,C580a472b62
25,0,Ra1d88ad464,C88ddc3e90d
25,0,R3ced5861d7,C75588c3846
25,0,R385a0ced0a,C4796cda6fe
25,0,Rfb97c114ce,C0024e8ee6d
25,0,R23cf48d18b,C5421754b71
25,0,R08f78a714d,Cba3a46ebd7
25,0,R4825bb2144,C1aa7577e4f
25,0,R2164322338,C73ff034896
25,0,R12ccb868de,Cb2e4cefc96
25,0,R6c61f54dbe,C8264efb314
25,0,R71f7bc61aa,Cc2a2e2f1b8
25,0,Ra05a0e5a8c,Ce2e9493a3f
25,0,R510b4bd330,C37fe6b7507
25,0,Rd763b0c812,Ca4e7837e38
25,0,R2de80221b2,C47ab7d2e1f
25,0,R861d006361,C007b798827
25,0,R77bcfb6359,Ce7f91428bc
25,0,R33b1ee5d96,C87d6d0f366
25,0,R357c8c79e5,C870b9152c7
25,0,R6928dfcfd5,C1704f30ccc
25,0,R30012c321e,C7a239b271b
25,0,Rb9352995ac,C667cd68b44
25,0,R447ebd88d0,Cbfb1899a24
25,0,R1c2fcbb231,Caf68d084c0
25,0,Rf977edfab3,C742a7fa754
25,0,Rb7ddb0b06d,Cc353341eaa
25,0,R56b3cbb71c,C6829e81ff0
25,0,Re400b0b568,C59f4c73052
25,0,R02fc0cb1e6,C541e8f9d56
25,0,R32fd6307a9,Cb60633cb66
25,0,R827fcedf4f,Cc6d1e0d4fa
25,0,Rc03cfc96c6,C1d05b9bbe2
25,0,R1ef3f585a6,Cda04d57bd1
25,0,R6f97c7a577,C19a2242f72
25,0,R2d9e25b640,C5b221c1c1e
25,0,Rf84f5f0d5f,Ced5a0fdb39
25,0,R5fcedd9c4d,C4c054f2e3b
25,0,R706bf8f033,C2c4007e35d
25,0,Rdb2841e460,Cdff9cc8927
25,0,R0b1e886898,C893bde15c3
25,0,Rf5134784e5,C199df74ffd
25,0,Rd3e5cce00a,C0ee51b1f10
25,0,Re420650e73,C2c5017d9da
25,0,R25d7b3a731,C7ab4ceecd0
25,0,R4be54c4076,C414dc333c3
25,0,Re1fc642412,C7729b52f17
25,0,R875fa7f5ac,C9a72a59650
25,0,R4f4025920c,C16b1748f46
25,0,R954516734f,Cf290446dde
25,0,Ra50b872b81,C36fa1e5b49
25,0,Rca3496b9c8,C01287d1fa3
25,0,Rd04e566279,C6f6adb006a
25,0,Rb7f0d2cba6,Cbe57f712fb
25,0,Rb25e8bdf32,C7c499ae3d1
25,0,Raccebc4548,Cdbaf7ff074
25,0,Rc1f1565431,C838bafd7a1
25,0,R7faa5c0d34,C45435ad034
25,0,R7806506013,C4b3d4fe1d2
25,0,R1b6d0d3062,C6a7a651e56
25,0,R073757ca00,C384ea6c733
25,0,R3dbf2ef484,C0ec6fbbf5a
25,0,Ra742d222ed,Cc90fc12e86
25,0,R93f9d8922a,C2bafda00e2
25,0,R0538db065e,C4801996ef3
25,0,Rd94ba645b2,C3c51d531f5
25,0,Re37e512238,C795de80994
25,0,Rb5ee87a0bc,Ce19c6fd074
25,0,Re366a494c2,C93aed7c048
25,0,R18df3a38da,Cdaa99ed35f
25,0,Rf53a355a96,C42bae22349
25,0,Rdf9e3190aa,C9b94e8677c
25,0,Rb9f8b12162,C86c63cf6ca
25,0,R636b0fd424,C378341327d
25,0,Rfb250e526d,C7d43d6da6b
25,0,Rac46464c97,Caf9a3ed194
25,0,R4556e3ae54,Caad80eb314
25,0,R4bf1da8cc9,C43d5e314f4
25,0,Recc924c1d8,Ccc8427c8b9
25,0,R1ff41ae624,Cf718cd98a7
25,0,Rb9b9a3cafb,C5acefa3e52
25,0,Ra0c1412d70,C2c373a0f42
25,0,R0c315ac2f5,Ce17a6b742c
25,0,Rcd37a00779,Ce5d4f512dd
25,0,R88c22804ac,C87db2e2b4d
25,0,R1f3e3d444d,C9d44867ddc
25,0,R3199d8c7d4,C36c17e0c33
25,0,R9f88d52f78,Ca1e75759c5
25,0,R693d792146,Cbc3e5ce6cb
25,0,R480fc6f4ee,C4f1396d3d5
25,0,R2acae544a4,C4c2a6bde6b
25,0,R4e9fa66783,Cba48973204
25,0,R0225bcea31,C3444fb613e
25,0,R6e183c657b,C6e5fd1c0ab
25,0,R0430fd233d,C5254752384
25,0,R055dcab6df,C2b3354d795
25,0,R8636d66855,Ce88faee41c
25,0,R29d1578639,C52ccdc6dd4
25,0,Rf7a55bdc0d,C0287504272
25,0,R866b8ca56d,C9ec88d3c3a
25,0,Rd37474a46c,C51e259a018
25,0,R3b1315b315,Ccd85d22105
25,0,R36b6aad3be,C045bc1263b
25,0,Rab4ed1d7fd,C22776ad1ef
25,0,Rb76b217e4b,C188b821ed3
25,0,R6605cf8835,Cc7d0462152
25,0,R1398667ee6,C19e8d9baf5
25,0,R5de0a07383,C23dae42eea
25,0,R2c903ea8d5,C8e938e7f04
25,0,R04054e26f8,C4aa6192af7
25,0,Rcbd1484707,C5594d97986
25,0,Rc8c4270fd3,C556978793a
25,0,R4c7cf0d77b,Ce577b1108b
25,0,R62a3081032,Ceb479666ef
25,0,R5822000716,Ceb9546369d
25,0,R1a45973237,Cd5fa567c83
25,0,R8a25c0e4eb,C44b9a763a1
25,0,R3f34b8ef29,C38ff84c7c1
25,0,Rda969cdd7b,Ce04f443858
25,0,Rfa5eccadae,C8d1f6378b2
25,0,R5a21d29325,Cb8552ffd83
25,0,Rd68cd66265,C142ae2f850
25,0,R878e0d3737,Cd7f66e2399
25,0,R1dd3861382,C89302e0ec1
25,0,R7ef7d205f7,Cddd22bf732
25,0,R95d5e66293,C5115ca6d43
25,0,R5947b19aaf,C05dc6a9f1c
25,0,R924d04092b,C20e29dcdbb
25,0,R90c835af73,Cc98f4a834b
25,0,Rd6a3e3199c,Cb7260bcfa0
25,0,R2f478257f8,C85633cebf4
25,0,R841135e108,Cf5f3331003
25,0,R63af49f571,Cd396656f72
25,0,R1ca0561980,Cf854db1c25
25,0,R47e5bc8c47,Cb10bba161d
25,0,R3325ccb5df,C6832aa0587
25,0,R04f548c83b,C2d09f135d7
25,0,R1ffa5aa9e2,Cfff22267fb
25,0,R010b9422eb,C3f3c750f9a
26,0,R6767a9c1bf,C894e5cfbca
26,0,R3483c349cb,C0ef72e7ade
26,0,Rd975309fed,Ca1498154e3
26,0,Rf6a32b33f6,Cedbb185292
26,0,Rf31fa6a470,Cfae5d0669f
26,0,R2f75b05e35,Cc768b0910e
26,0,Rce2ec05720,C87a5ab51d6
26,0,Rddebf77fe8,C1778005430
26,0,R4a0d3414b8,C8e4478d728
26,0,R54127653e0,Cb64516750f
26,0,R64b69edc8b,C86afe1cf64
26,0,Rb059366830,C1cc053365b
26,0,Ra781ff8eae,C8daf502782
26,0,R1e3b1b25bf,C9ba5a911da
26,0,R0dce1f2e37,C96e92ccf9a
26,0,R79078c11f5,C84e92a4a1e
26,0,R5491ce3b92,C617d472e15
26,0,R9c08ca729c,C3ce48a98de
26,0,R90a1b8b251,Cb50f88acd8
26,0,R3415e70257,C25e37d9808
26,0,R44bdb5dfcf,C1b875a50ef
26,0,Ree468f6a3e,C5793d96170
26,0,R0be8b402a9,C9811b4d8ce
26,0,Raee13cf0d8,C2ce0f5e386
26,0,R4634a79c33,Cba6c8d9b78
26,0,R64a8a7402e,C94832109dd
26,0,Rac0f84d256,C37be4315ad
26,0,Rae680e2f11,C4534e07129
26,0,R81a507aa5f,Cd26561f1b7
26,0,R425a5c378a,C29b82c64f3
26,0,R00579d7413,C52dd793576
26,0,Rbeb66dea89,C36a8e89077
26,0,R476a51c6e6,Cd3f1ff8e8e
26,0,R44a6f7359e,C02fa4b5a52
26,0,Raec59edb0b,Cf029102626
26,0,R541625d924,C1c67ab1281
26,0,R2f18791084,Ce3fc8d1ee0
26,0,R0b30831541,C777712e5b2
26,0,R484e9d688b,C68a8caed71
26,0,Rc0d1d533f2,C978886f657
26,0,R54995259f7,C6d033f8f74
26,0,R4425b4b90d,C07983ff5ff
26,0,R3cbc11c8a5,C0ddb7eee50
26,0,R4315fce537,C50a87faa1f
26,0,R4274632f86,Cf6a37765c9
26,0,R93ee67f01e,C6435bfa6ec
26,0,Re5d79102d0,C88095e67c6
26,0,Reaa97691a8,C6e8062c047
26,0,Re53cae5827,C9a6a682af3
26,0,R7f6c38d736,Ce01e978c73
26,0,R1f96606857,C9975cf5bb2
26,0,R53cbc18a73,C2690196f1e
26,0,Rfdcbc764cd,C1cdfc978e1
26,0,R9a04ffcf38,C390cac1dfa
26,0,R08d770cd11,C8c1144eda8
26,0,R5df2f91cc1,C6629d5dd91
27,0,Rdc0581d57a,C717d5afbef
27,0,R9d2730095a,Cb56aca50de
27,0,R250008271e,C481d6763ef
27,0,Rf38ab65030,Cdd60c78d1f
27,0,R6a2d23eac2,Cdb0b71740b
27,0,R615d61a1f2,Cba42e217bb
27,0,Rcdb432303d,C5b394d96d9
27,0,Rb4f6b5fb12,Ca7721b14b4
27,0,Rf5708a004f,Cf9dc84871b
27,0,Rfb8a82155a,C02cca7e153
27,0,R43ee6e64f2,Ca2b80f7c57
27,0,Rfcb3ae6a19,C17a8883e37
27,0,R6164c74e66,C3d0b0d4956
27,0,Rd18b93d71f,C8c1144eda8
27,0,R44c822c45b,Cf039d81aa3
27,0,R3a6fdb5856,Cc2d23af6c3
27,0,R317ac7c583,C1cdfc978e1
27,0,Rd69476389e,Ca6776253ef
27,0,Rd087a02915,Cc088de3ea9
27,0,R49572bf4de,C59dd74961e
27,0,Rae4685e3a1,C68441e8c57
27,0,Re7bc953bf7,C0d4781f3cd
27,0,R887f703a90,C44c8b634de
27,0,R824cebef21,C55a262b75a
27,0,R89a0622261,C4a93af33eb
27,0,Re81e8ea3ac,Cfd0f189ece
27,0,R1b7569ae73,Cddaeab8311
27,0,R2961142538,Ce40e350547
27,0,Ra5d4739cd1,C3830e1ec85
27,0,R25b994f7e5,C05fc5c2df4
27,0,R635c8488d7,C9fac509d12
27,0,Rd3a22c921c,C76e31843a5
27,0,R6b6625f774,C3119b8fb6e
27,0,R5016c37f19,C2be1d7f331
27,0,R1270090370,Cca013e735a
27,0,Re481b5a794,Ce642fadbf2
27,0,Rc13f2b919b,C8a8a4160af
27,0,Rec97613b82,C2a1b7b4715
27,0,Rd8668ab367,C6a9035557d
27,0,R0856850484,Cdc85712140
27,0,Rbd073b1bc6,C037a3c00ab
27,0,R585164b61c,C2e0c265a8d
27,0,R7f2fb74b06,C5298ef1d3e
27,0,Ra3e42713fd,C3adc8f77b6
27,0,R75a6912332,C217d85914c
27,0,R1c0f552de6,C75d42aac09
27,0,R5a56e64eb3,Cb12271aca3
27,0,Rbad4db0101,C487275e323
27,0,Re969f606be,Cb85bab6571
27,0,R0de5f77c87,C003ba249e6
27,0,R86a91e1860,Cfc6e9df349
27,0,R224ebe18a1,C922d5ddee5
27,0,Rcff265720e,C4dce37298b
27,0,Raf2787eb38,C49b7360438
27,0,R623006933d,Cc29bd052f0
27,0,R1c5b1d5951,Ca481cb257a
27,0,R76be10c1fc,C8506b34627
27,0,R1b4482e8c2,Cfab6ec3702
27,0,Rc3f4307bb1,C32b4c205ee
27,0,Rb1d91e9912,C3a2c425052
27,0,Ra838eb0f67,C356e7ed36a
27,0,Radc387d19a,C8488624c3f
27,0,Rc723147a4c,Ce542c756a1
27,0,Rb10ec6f5ad,Cf7f2d6f94c
27,0,R95b8695089,Ca57f7e850a
27,0,R8eeb2f319e,Cc21590bc69
27,0,Rdd1a328745,C74e44e699a
27,0,Rbbb0540a71,Cec74361b64
27,0,R7da7da3504,Cead09b3d42
27,0,Rc758385a44,C140b85817b
27,0,R359cf91b35,C745d3c5bcf
27,0,R5725b8dc42,Cc5f56a5f0b
27,0,R8c0aaf03f3,C87b8d3923a
27,0,Rf7a2384b75,C3301f52f8d
27,0,R48b1042e3d,C3cc990a894
27,0,R98d76a26be,C618c0f08dc
27,0,Rfb75f7beb4,C86b0a31560
27,0,Rb8a791bde7,C3b5d76a7c2
27,0,R0de3cc71c6,Cfc45a6119f
27,0,R5c6e4f3111,Ce4cca28c72
27,0,R18df3a38da,C37069e83d4
27,0,R4be54c4076,Cc3249f2c9d
27,0,R6a68e34799,Cc2530a5868
27,0,R8a2c7a9d0b,C5631bb9d7b
27,0,Raf01301c1c,Cf4be5f47c6
27,0,R94cdd3cb04,Cb2e42e64b6
27,0,R8086ee5514,Ce5484c6235
27,0,R74b2f18977,C88fe8d1d10
27,0,Re256e9f4a7,C33d0639656
27,0,Rffd8545ab7,Cb0fa1f8db8
27,0,R0efc706624,C9a2cdaad37
27,0,R9dde896440,Cbee8559989
27,0,R13849e3a3f,C1c1f408a39
27,0,Rdd55c5755d,C854823b1d8
27,0,R1c59c069bf,C0c44a22014
27,0,Ra20eee0bf6,C3e53a3e06b
27,0,R758d35dda9,Ccb9fb13915
27,0,Rbb416f6454,C3da4dc9e6d
27,0,R9546193075,Ce1cef9e0c6
27,0,Rb86532a69d,Cbd8d84a4cb
27,0,R97993e4abc,Cea3bafdbf8
27,0,R39fec49a3c,C1168b351e8
27,0,R3265757b26,C8b2a36b3f3
27,0,R5c208425e5,C3ea9f900ce
27,0,Refe1a4bff0,Ccc455480c6
27,0,R9ff426efb4,Ca4810d5aec
27,0,R8af60ea6c3,Cb736a0fdf1
27,0,R56b3cbb71c,Ce33d67682e
27,0,R1f084b3c60,C70e26ba700
27,0,R9a64e5bf71,Ce4bb22a450
27,0,R71f7bc61aa,C93f89dcff9
27,0,Rae6cfbb7b0,Cf89bb04dcb
27,0,R8f9129d8f5,Cfc66cc77ab
27,0,R25d7b3a731,C2822c8383b
27,0,R3ffa0b6387,C76d1b9b2c9
27,0,Ra8b18f6fc6,C5e89d4aab9
27,0,Ra6d9fc1648,Cab0f7716d2
27,0,R44ee6e0621,C64ea60c41a
27,0,R08f78a714d,C0ad04d726d
27,0,R5906a9080d,C958e08cdc2
27,0,R4c5c97c9b7,C1af3f9f64f
27,0,R3c2c6cf05f,C078d9e8e5e
27,0,R3e9ae8ba62,C7c06202c50
27,0,R2394731971,Cf74658767f
27,0,R559184795d,C08fcd944b4
27,0,R585f996e20,Ca1e75759c5
27,0,R88f194c4b3,Ca5abbf8d4e
27,0,Rb6027bf6fd,Cee97c2ceca
27,0,R1186bae986,Cd741998d1b
27,0,R05ca0077c1,Cb0122a16ab
27,0,R123355fa06,C770dca0448
27,0,Ra010ae1414,C23dae42eea
27,0,R472384e32f,C526c7d0a42
27,0,R80a5c3d95d,C51e259a018
27,0,R3918bac22a,C9e9d5b27ed
27,0,R1ba1cd891d,Cba846ff72c
27,0,Rd17091e368,Cac49c5241c
27,0,R1f96606857,C9975cf5bb2
27,0,R9a04ffcf38,C390cac1dfa
27,0,Rd9ad6d606a,C4492b6229d
27,0,R4aa082e705,C2dd02bf0e7
27,0,R1f3e3d444d,C3003d44250
27,0,Re3a111f1b5,C8739db7020
28,0,Rabbfb8fd1a,Cf6698de097
28,0,R50d45e08a4,C9975cf5bb2
28,0,R731bc5e076,Cb917245955
28,0,Rdef988d445,Cd8f6c13ed1
28,0,R8f2ead55b7,C398a88c41b
28,0,R6fb64f597d,Cc1800959f7
28,0,R41676b8a34,C9d2c9d3ca0
28,0,R43ee6e64f2,Ca2b80f7c57
28,0,R615d61a1f2,Cba42e217bb
28,0,Rbcb1aa1faf,C3003d44250
28,0,Rff25727bbc,C45f61c2fca
28,0,Rd16a6b63ea,C390cac1dfa
28,0,R2d2c24f42a,C32ff9fb5fc
28,0,R90a45f2bc9,Ce4b01e63eb
28,0,Ra076716476,Cbc1835409e
28,0,R0efc706624,C9a2cdaad37
28,0,R839e1eb76e,Cfdf04e75ac
28,0,R117d88391b,Ca829229dbb
28,0,R883798f42d,C1429e20f0c
28,0,R6a2d23eac2,Cdb0b71740b
28,0,R3002982a21,Cfdff9154be
28,0,Rfb8a82155a,C02cca7e153
28,0,R432907a65e,Cb1ddf9bc0a
28,0,R4faa375b23,Cbaeb38ebcc
28,0,R4045e6af7d,C90563a7395
28,0,R87436ba1b8,C8739db7020
28,0,R12ac4b7626,Cf5a59d53b3
28,0,Rdfb8dda500,Cb4873b10ed
28,0,R1877f7aea1,C79c5d760d5
28,0,Rc7db0a573a,Cde1d396c19
28,0,R5cfedc2a4f,C2fb333a3e4
28,0,Rbb97524b72,C34fb8eea4b
28,0,R5016c37f19,C2be1d7f331
28,0,Ra5d4739cd1,C3830e1ec85
28,0,R0ab4f7c0d5,C933020496a
28,0,Rfb8a83a583,Cbba8336095
28,0,Rfecc5b5c8c,Ce021529c8f
28,0,R13f0c78e8f,Ca46f5ca383
28,0,R6b6625f774,C3119b8fb6e
28,0,Rd4cb65209c,C879ee11b73
28,0,R3b8bfe8530,C6f2d3416e7
28,0,R802e3f1c70,Cc0161ebd0b
28,0,R3a9d9003e1,Ce705ffbe13
28,0,R0ea3036801,C5c1d689d72
28,0,Rc13e1df55b,Cc0b66910c4
28,0,R7be36ce8d7,Cc33e7ab796
28,0,R896e7c8573,Ca990d7fa1d
28,0,R9f223c7d30,Ce11db6ce85
28,0,Re8085841e6,Cc749f6e5e2
28,0,Rd739875af0,C48fd5b17c5
28,0,Rfc1086d7aa,C6a590dac29
28,0,R1e2874a134,C1214c4d312
28,0,Rcf8901eb2e,Cd7f39c5d86
28,0,R08fac31b68,C492130561a
28,0,Rb4f6b5fb12,Ca7721b14b4
28,0,Rad36cd0af9,Cceb11f6b0b
28,0,R38b23caac4,C437ad02563
28,0,R6e2cc6a00a,C73d4fede67
28,0,R7d1cefd9ea,Cf057ea3819
28,0,R25b994f7e5,C05fc5c2df4
28,0,R32141efceb,C0abed4a19f
28,0,R2fd80c4957,C9c852b2d8d
28,0,R39a1261dd4,C338c79dddb
28,0,Ra502d46cd3,C353d3fc1a0
28,0,R8b9b29ddc4,C960fcbb362
28,0,Rd01c1989a2,Cfcf959a916
28,0,R932ae6f421,C4cc4c6579e
28,0,R317ac7c583,C1cdfc978e1
28,0,R9ff48bc614,Cfc7f0a12b3
28,0,R65fb25adaf,C98dc61a32f
28,0,R8eebea1076,C79a9b266d3
28,0,R8387c49c95,C50fb4b7b5e
28,0,Rd455d5059d,C5d03e30d48
28,0,R5fcedd9c4d,C5624462f82
28,0,R9c88ffc4fa,C96827fe380
28,0,R8144dc5745,Cc4d99c9ef1
28,0,Rd8e74d8077,C48db1120d3
28,0,Rcf8efb044a,Ce2bad94d42
28,0,R78adf8cf02,Cda39a654a2
28,0,Rbb3893270d,C064394b24f
28,0,R325dc1ae16,C69c57a8151
28,0,Ra3a6715b38,Ccb19f44e9f
28,0,R5a56e64eb3,Cb12271aca3
28,0,R754ca0b1c4,Cb50867d8ec
28,0,R47c687fa4e,Cb7ca0bb2eb
28,0,R32066ccf4d,Ca0e6a0b27c
28,0,R72239d36a2,Cadde4554a3
28,0,R0b89adf6f5,Cd6bb25f369
28,0,R7fecad935a,Ce125f1294e
28,0,R006b6e239b,C632a21e59e
28,0,R47bcdb6cd0,C6f5fcf6278
28,0,Rc60fc18411,C3417c2b730
28,0,R57a389cfa6,C0b40afef5e
28,0,R7f2fb74b06,C5298ef1d3e
28,0,R343ef54bb9,Ce187577f84
28,0,R1f1e8b20dc,Cbe0d9d40c6
28,0,R76be10c1fc,C8506b34627
28,0,R08dd975b6f,C674d1b8655
28,0,Ra17ce0dcfa,C413eac7c01
28,0,Rb9168a8bad,Cd70c132e6c
28,0,R25d7b3a731,C2822c8383b
28,0,Rfb75f7beb4,C86b0a31560
28,0,R7ee497be50,C7ea7c56f17
28,0,R2f33f3f228,C505be4f2d4
28,0,R3ced5861d7,Cc623e59ace
28,0,Rbd073b1bc6,C037a3c00ab
28,0,R2741ed8165,C32da0434a5
28,0,Reb7b80476d,Cbb334664ba
28,0,R9c1fd8b7ce,C6ce6d26e92
28,0,R224ebe18a1,C922d5ddee5
28,0,R073757ca00,Cd0dc698aed
28,0,R3e0368607c,C2ae9a03ba6
28,0,R5c208425e5,Cd8af05c9cc
28,0,Rea09a8b37d,Ce760ff3c67
28,0,R75a6912332,C217d85914c
28,0,R044d9c45db,C8911f1751a
28,0,R8ec4704964,Cdec68271b6
28,0,R00e9098654,C48d9f0adfe
28,0,R9a1c199bf0,C5d6806ba40
28,0,R6f385b8236,Cabb66517bb
28,0,R466cf9cabe,Cecc3d6d140
28,0,R959e664088,C6c269a3146
28,0,Ra515bfa689,Cd75afac25e
28,0,R862535669b,C8f871cb997
28,0,R2d9e25b640,Cb7c406b7c5
28,0,R6164c74e66,C3d0b0d4956
28,0,Raf01301c1c,Cf4be5f47c6
28,0,R0de3cc71c6,Cfc45a6119f
28,0,R5592025d33,Caa09b0349c
28,0,Rd461caae1e,C6a5ec0f5c9
28,0,R111863e9d9,Cc0efdb8cdf
28,0,Rcc902a68b2,C5b6f6f2cee
28,0,R6928dfcfd5,Cceecf498ca
28,0,Rdf9e3190aa,Cbabac61f8e
28,0,R5725b8dc42,Cc5f56a5f0b
28,0,R09d20fe0fb,C1dccd65eec
28,0,R861d006361,C5a7a532231
28,0,R4be54c4076,Cc3249f2c9d
28,0,Rc62defd626,C6f34144d5f
28,0,Rdf974bf027,C1b19bfd86d
28,0,R871cb6f080,C7fffc3c28c
28,0,Rcf062f6ad7,C181538e48d
28,0,Rdb2841e460,Ca2f31b4998
28,0,R0f9375dfcc,C7b45be28df
28,0,Rb8a791bde7,C3b5d76a7c2
28,0,R613098c54c,Ccc975a0997
28,0,Rc10bb62d84,C1add9578f4
28,0,R54a9287dec,C148e5b70d1
28,0,R85ba6a21c1,Cb379042c19
28,0,R1470a69241,C7257ca9b09
28,0,Rbb96b1c64a,Cf1339706b4
28,0,R13a09c6aa6,Ca32d8137f2
28,0,Rc821213463,Cc71395956e
28,0,R0456fe7ffb,C4a19539dc4
28,0,R6951d6249a,C94ad765542
28,0,R8086ee5514,Ce5484c6235
28,0,R98d76a26be,C618c0f08dc
28,0,R47f1c825de,Cd22a212fd7
28,0,Rcfdc33b33c,Ce43cb3df0c
28,0,R585164b61c,C2e0c265a8d
28,0,R1ef3f585a6,Ca252dcabaa
28,0,R42a003128f,C784d1cec39
28,0,R5a08243487,Cca72546c5c
28,0,R6c40091886,Ccddafc871b
28,0,R63e6d76831,Cd2b5230b7b
28,0,R9c7b0ee921,Cf3c4a92abf
28,0,Rf193b3c577,Cd916d971e6
28,0,R55305e25b9,Cc23aa06c7a
28,0,Rab5107dfe8,C370874cbdc
28,0,Re942b91eca,C1e7bac74be
28,0,R08f78a714d,C0ad04d726d
28,0,Rd82aeca543,C5ac09a780e
28,0,Rf475ee3798,C3adfce4bdc
28,0,R8b641878c7,C355541d99a
28,0,Ra20eee0bf6,C3e53a3e06b
28,0,R7ed7879cc9,Cfb1e296d29
28,0,R6b426bfb17,C7aa7fae185
28,0,Rc78b0fd298,Cbecc1d5043
28,0,Re89ba40601,Cd9a01af6de
28,0,R92b390ab96,C8e14716996
28,0,Rbff1cb3503,C62f04229b4
28,0,R3859797a17,C3c93b0f3b6
28,0,Raca5a95e48,Cf7d093c5af
28,0,R65adb60193,C02fba568c4
28,0,R9546193075,Ce1cef9e0c6
28,0,Rcd7c58b6ad,C761304f22a
28,0,R0d6247ba4d,C0064b459db
28,0,R12b5b2a2a1,C4d63e8b83e
28,0,R504e81d62e,Cd857e43559
28,0,R6cf41f86ed,Ce1f81ca37f
28,0,Ra6259ad27a,Cb5851accd7
28,0,R7996bfb456,C31aac06f42
28,0,Rfb40f1da9a,C9fa0e1c6be
28,0,R9efa2e3bdb,Cd5c21517bb
28,0,R109a6f0ae2,Cb680f3dc75
28,0,Rb3e017758e,C31a6c0dade
28,0,R1c3dd15625,C98414da7d8
28,0,R923742278d,C9632732895
28,0,Rd0094c90af,Cabe9058658
28,0,R6773e3990e,C1266f0a900
28,0,Rfd06aec653,Cc439a693e6
28,0,R547b6b9999,Cb5cc954740
28,0,R65a2eec07c,C2ab7d35993
28,0,R69dcff6b67,C4852a4a450
28,0,Rf4e5120a65,C007ca9a2cf
28,0,R425a5c378a,C352980f58d
28,0,R2846633c74,C4d2ba886e4
28,0,R85a028c082,Cd04f9acb4b
28,0,R868f2b01bd,Ce665cc3fbe
28,0,Rffe7cef3c1,C2d4547e08a
28,0,Rf26c3a70c4,C513cb9b2b6
28,0,Rfe2526e81b,C85c593003b
28,0,Rb9a11e4235,C45dcc43e8e
28,0,Rb84aa9291c,C00bd3e3e28
28,0,Re231c8a31c,C733a15d3b2
28,0,Rf6176f4060,C91d579ed33
28,0,R8944476135,Ca06ef8635e
28,0,R5acbea8ae5,C092bde5457
28,0,R4889940eca,C8da0ad9f72
28,0,Rd161929a7f,C7a97db5feb
28,0,Rdd93e4127b,Cff212f23b7
28,0,Ra525f8cb08,C16d84b88d9
28,0,R547f6ace3c,Cf44bf2566a
28,0,R35c734a4e6,Cdf31c42f9b
28,0,R8f1e86b89e,C382e7fa58d
28,0,R5a2eb644a6,C124b791d19
28,0,R092ada5fde,Cbe695288d6
28,0,R0e5174498e,C5fe0fc656e
28,0,R7b35dea38d,Cd31aa42d6d
28,0,R632800908e,C4b9c9caeef
29,0,R322fe0ff38,C29cfda9a50
29,0,R123705787d,C0382a135d8
29,0,Rff25727bbc,C45f61c2fca
29,0,Rb4f6b5fb12,Ca7721b14b4
29,0,R615d61a1f2,Cba42e217bb
29,0,Rea1f7548c9,C8265dd5017
29,0,R43ee6e64f2,Ca2b80f7c57
29,0,Rb7bab838ba,C0a42908fd8
29,0,R1d1c260491,C3d0edc81c4
29,0,Rd00220b0c7,Cc8437f92f7
29,0,Rc13e1df55b,Cc0b66910c4
29,0,R6080f6c16f,C3469d592f1
29,0,R11d2ebf796,C87e5a3cd29
29,0,R49edc6ca50,C8f16dc3e2c
29,0,Rfb8a82155a,C02cca7e153
29,0,R9337f41d57,Ce156874a75
29,0,R2d2c24f42a,C32ff9fb5fc
29,0,Rd16a6b63ea,C390cac1dfa
29,0,Rf38ab65030,Cdd60c78d1f
29,0,Re30daf6def,Ca03349f8b6
29,0,Rf5187bb21d,C7a24c8a55f
29,0,Rec97613b82,C2a1b7b4715
29,0,Rd77a10b6a3,Cdc7693cc31
29,0,R932ae6f421,C4cc4c6579e
29,0,Rf1aa2af8f9,C1a8d7d2c04
29,0,R8bcba3e5ad,C072eaf6f76
29,0,R4a66e13a93,C511e6532ba
29,0,Rba5d717168,C6bd4e4f478
29,0,Ra502d46cd3,C353d3fc1a0
29,0,Raed2e77f66,Cbad2d8f7fc
29,0,R06ddc1c139,C62ef92c014
29,0,R47bcdb6cd0,C6f5fcf6278
29,0,R3fcece5f23,Cdba4a6ff76
29,0,Rc60fc18411,C3417c2b730
29,0,R75a6912332,C217d85914c
29,0,R42436f7fee,C4bd5ec242b
29,0,R87436ba1b8,C8739db7020
29,0,R4577c33dc3,C66e29aed40
29,0,R09d20fe0fb,C1dccd65eec
29,0,R829dc3bf37,Cce690f3076
29,0,Rd9f222ccb6,C71125bff85
29,0,R0bdb735766,C4e8b5cfe98
29,0,R904bd82804,C5adaaf86ff
29,0,R6164c74e66,C3d0b0d4956
29,0,R6b15a656b3,C0d907c14fc
29,0,R723981a6b5,C026b0a5b81
29,0,Rfadf5b4fab,C54946884de
29,0,R13a09c6aa6,Ca32d8137f2
29,0,R264d76027a,C9f4ffc1006
29,0,R7f2fb74b06,C5298ef1d3e
29,0,R686791c4f2,C578e628967
29,0,Rbed2f695c6,C34eb6baafc
29,0,R754ca0b1c4,Cb50867d8ec
29,0,Rd82aeca543,C5ac09a780e
29,0,R96edee91e6,Ce6aa327e3e
29,0,R58aee85438,C87fbc82eae
29,0,R9b178e18e7,Ce9b9f98f8c
29,0,R63e6d76831,Cd2b5230b7b
29,0,Rcf062f6ad7,C181538e48d
29,0,R1785928b8b,Ce3bd3be99d
29,0,Rb10ec6f5ad,Cf7f2d6f94c
29,0,Re8cb2e6e7d,C40bd0958d5
29,0,Re6d06f27f3,C524630605e
29,0,R2194f9961d,Cbe8e99279a
29,0,R450582df83,Caf533e4186
29,0,Radc387d19a,C8488624c3f
29,0,R325dc1ae16,C69c57a8151
29,0,R019736a8f7,C7b4c5041df
29,0,Rbd79395d3f,C2783b39276
29,0,R0456fe7ffb,C4a19539dc4
29,0,Rdfa3947a4d,C31509f3f93
29,0,Rd6a5419984,Cb3894489ea
29,0,R4ed12a9020,C7f54625692
29,0,R65e2595b63,Cc8d3e0089f
29,0,R1b4482e8c2,Cfab6ec3702
29,0,Rc723147a4c,Ce542c756a1
29,0,R97993e4abc,Cea3bafdbf8
29,0,Rf5134784e5,Cf52809d647
29,0,R5592025d33,Caa09b0349c
29,0,R073757ca00,Cd0dc698aed
29,0,R62833aced8,C64048b54ef
29,0,Rc689842640,C27dad1635d
29,0,R6eeea6c16b,C715ef9c490
29,0,R959e664088,C6c269a3146
29,0,Rf53a355a96,C3039a92a09
29,0,Rcdba545cc3,Caa33daf0a5
29,0,Rf002856453,C537ed6c2ca
29,0,Rc821213463,Cc71395956e
29,0,Rbb3893270d,C064394b24f
29,0,R5b2144371a,C62bd1ee0a2
29,0,R585164b61c,C2e0c265a8d
29,0,R642a09c515,Ca351acf132
29,0,Rd577108c31,Cc5fc5e4578
29,0,R9a64e5bf71,Ce4bb22a450
29,0,R9530bc94d6,C7f53dca926
29,0,R580d82fcee,C4f50fb0f62
29,0,R42677b4106,C7ee37b302b
29,0,R504e81d62e,Cd857e43559
29,0,R2676cc22e7,C5cd12c0406
29,0,Rf593a30828,Cba4293ac93
29,0,R2164322338,C928c5bb158
29,0,Rf06f657636,C7aa672bce0
29,0,R4825bb2144,C205e9475a5
29,0,Rb845eed0c1,C0fe1a997c1
29,0,R5610fa88b5,C92b8e50041
29,0,Rc1d3e1045a,C3cc59f4870
29,0,R9162262362,Cbf2b45a18c
29,0,R9a4c1747a1,Cd4f0af6465
29,0,R44015c676a,Cfac8b2a9f6
29,0,Re53a7f26be,C0e7d7f5e18
29,0,R7079d1e9cf,Ca5beb7e4a7
29,0,R22e149eedf,C3f39a4e8c2
29,0,R78be3d91b0,C2ee3838d61
29,0,Rd975309fed,Cd80e84cd00
29,0,R093fb121e4,C47bc0895cc
29,0,R88f194c4b3,Cf64272b030
29,0,Rf25e06d572,C711182d19b
29,0,Rf80be034f1,C9667bbf943
29,0,R0f8fbbb355,Cd07b7a070a
29,0,Rb780816011,C374885f18c
29,0,R0d7643e2a6,C33ee2ca3a3
29,0,R672e941e11,Cf475c20bcd
29,0,R4d7e3de10c,Caabf2c948c
29,0,Ra7e8ddf4e5,C56e8e38e8b
29,0,R6c2812b711,Ccfd7025d7c
29,0,R7804d979a2,Cf3499425bb
29,0,R1083b5b539,C475d262ae7
29,0,Reec07d7d60,C89957246b9
29,0,R193de9c536,Cab5e129f44
29,0,Rd43c97d4ab,Ca54c01192c
29,0,Rdc3f1e6607,Cab092fa1d4
29,0,Re68d0b8525,Cf9506a0cba
29,0,Rd9f7aad08c,C87d490f060
29,0,Ra262cd1605,C130bb34a13
29,0,R9f0956a63a,C70310293aa
29,0,Rb8d6f1aa86,C1b1bb584fb
29,0,Rae43a7b5a7,Cf0dbc898eb
29,0,R20f791ad21,Cf8dba605cd
29,0,R13bf1d17d2,C401d9f4490
29,0,Red5549b4a1,C2054814b87
29,0,Rc6011cf552,C8cba492a34
29,0,R335e46133e,C64d8bf5a6e
29,0,Rf6aaddeb95,C569aedd1cb
29,0,R994e734eb6,Cba590df2db
29,0,R9fb5fcb57b,C320548fe13
29,0,R68e511362c,C591da6afab
29,0,R7891c52938,C7326d82fd6
29,0,Rba46ab393d,C957ef046ba
29,0,Rb2495bf312,C09e3323dd3
29,0,Re792279cce,Cf64f8f7719
29,0,R585eed0192,Cfae971e9a4
29,0,Rd0d1b76f33,Cef3f96a424
29,0,R9c6cacb121,C893326928e
29,0,Re7a940d559,C979e921a22
29,0,R4a89e3ae20,Ca496507d15
29,0,R8f189e7dde,C40d9b74491
29,0,R84e84fd5a0,C2f933b21ff
29,0,Rb9d674cd26,C449073715a
29,0,R941aa7b9e5,C0d8e38a879
29,0,R791878776e,C3602f34c1e
29,0,Rc745ea92ec,Cdbb5ebdf99
29,0,Rb04bb28b1c,C8cf9734f7d
29,0,Rda1549a68c,C4ce5f7300a
29,0,R778245166b,C5b6b3bd220
30,0,R57918a38bd,C79cb65310d
30,0,Ra6e587f7e5,Cdf5b7ecbeb
30,0,R732817d41e,Ce8166b495a
30,0,R9894fd3d0b,C733a53fce3
30,0,R778f66c789,C67d971b313
30,0,R9f0956a63a,Cc0ec1e4933
30,0,Rae680e2f11,Ce63b1ece53
30,0,Rc4ea60aa06,C9bd32f89f6
30,0,R9d68d23702,C03b56a44d4
30,0,R0c077ef8d1,Cc2bf19a35d
30,0,R04fdcd9544,C907c705224
30,0,R4a7b358a0b,Cb80a0d7db9
30,0,R9f99b5dd93,Cc8c750a93c
30,0,R8e0fee2847,Caf40a0a8a5
30,0,R11e2ba471c,C1911996c46
30,0,R0e16a05f73,C8a8808a985
30,0,Rc03b413b83,Cbef08e8b73
30,0,Rb540250a4d,Cce0ca544d5
30,0,Rde73a178a1,C7162a86fb8
30,0,R0be8b402a9,C522f992969
30,0,Rcbdbe52acc,C522c7cb6ee
30,0,R4272d51fbc,C6af360ec46
30,0,Rb8044cfd2e,C81c400f5bd
30,0,Rcd9ed39a9f,C231c125737
30,0,R2af8ce76c3,C600a4dcfa8
30,0,R0d19870981,C1957c62b19
30,0,R1478bfe5c6,C3277c4758e
30,0,R6311c09c89,Ca6ed60fbf3
30,0,R10b77c8de5,Ce0ccea5e99
30,0,R60d9df117c,Ce7a41e7e35
30,0,Rc86f46ebb7,Ccce122176d
30,0,R8169f69ae5,C7b2d81aa8a
30,0,R5801f7f3fe,Cbdaa2bebdc
30,0,Rb4f6b5fb12,C13292ed0f3
30,0,R6a2d23eac2,Ce5accbc7f5
30,0,R50d45e08a4,Ceb52f9f4b4
30,0,Rbcb1aa1faf,Ca529676646
30,0,R7b0155f2ba,C6c2f8ff89c
30,0,R2961142538,Ca9442d9f4e
30,0,R71bdf15baa,C9a3e5513ee
30,0,Re8085841e6,C2761ebd876
30,0,Rb10fa5ef5e,C6ebb48bc6f
30,0,Ra3e42713fd,Cab1b6e8124
30,0,R6164c74e66,C7b2d81aa8a
30,0,R67e3d20c51,C721ea49899
30,0,Rd77a10b6a3,Cbdaa2bebdc
30,0,Rbb0794a4c0,C2bbaee56d1
30,0,R6150aca106,C730d3227f9
30,0,R851cb07161,Cd52074a309
30,0,R9ff8d9dd55,C4668d58126
30,0,Rff25727bbc,Ccfbef41cb8
30,0,R2414d344dc,C36a384ee7a
30,0,Rebc0aa9790,C9d622fff8b
30,0,R5ce8d0ba85,Cbff0112178
30,0,Rf34430fbb3,C23ec4000da
30,0,R6385d97e50,Ceb0bf79974
30,0,R865a311bc6,Ce6dd74f59d
30,0,Rc5779c27cb,C39808ba51e
30,0,Rc801c6d614,C258eee923c
30,0,Rc79fcae0e6,C0b34c79d7b
30,0,Raed2e77f66,C06ba581bc9
30,0,Rb7bab838ba,C4e10176b02
30,0,Rb252b720d5,C752887ca8d
30,0,R000e96bbd7,Cc30519ae4c
30,0,R41676b8a34,C1eaee13975
30,0,R25b994f7e5,Cb852678e3d
30,0,Rd8668ab367,C0eed31ecac
30,0,R13743ab4c4,C6395cd7ee3
30,0,R8bfd65a9f0,Cd12ca11097
30,0,Rc59b104193,C98056ec8b5
30,0,R95f58553ae,C4fae15a3df
30,0,R8bcba3e5ad,C729a920950
30,0,Rdc8ffad489,C2df2cf434b
30,0,R575e9fab88,C0998ce7ddd
30,0,Reb6f1f43d3,C3ffa877649
30,0,Rfbbc26b509,C7ff13b52d7
30,0,Ra4c971a85f,C2aa3648f4d
30,0,Rb10ec6f5ad,C95631bfa9c
30,0,R8604d34bba,Cce76ac9813
30,0,R19d8e0e050,C579976b89a
30,0,R4675ffeebb,Caf4bd9aa21
30,0,R3c4e7276f1,C8c3d07d2f9
30,0,R4301b20bb7,Cb86348873c
30,0,R6b6625f774,C285d90996c
30,0,R3530ca8b68,Cc8b8c4ca72
30,0,R30df39f022,Cc83df5a9da
30,0,R0f3d1a242b,Cbf70eb0b87
30,0,R267dda1c20,Cb1ba32bf61
30,0,R1b46d9e911,Cf98afdbf06
30,0,Rb8fd48b692,C294b32eea8
30,0,R08fac31b68,Cdb05fdd09b
30,0,Rdca51334ad,Ca6a6613e27
30,0,R09d20fe0fb,C89ea7142cb
30,0,R031ef9e8a7,Cf5af6493ab
30,0,R117d88391b,Cb6cf423586
30,0,Rf3a108123b,Cbc4f602a2c
30,0,Ra3096b2c31,C3aa5bbcda2
30,0,R5412b72720,C26a6462b4d
30,0,R6fb64f597d,Cbe47ec093f
30,0,R32066ccf4d,C491475c2d1
30,0,R9c88ffc4fa,C98b6dd21b7
30,0,R4e1c41a6bd,C5a627db580
30,0,Rc13e1df55b,Cf51ddedd47
30,0,R3816fb28ce,Cad4899b482
30,0,R6f385b8236,C0d083de07d
30,0,R7f2fb74b06,Cac564b83c4
30,0,R8817f4e6c4,C84df480579
30,0,Radc387d19a,C635d8848b1
30,0,Rc25bb6b28a,Cb964b875c8
30,0,Rc723147a4c,C11c3619db0
30,0,R39a1261dd4,Cdb9a2bdc18
30,0,R947492c8aa,Cb33f823ec3
30,0,R6f1af6ee20,Cdbcfe207db
30,0,R094c65e4df,C5eae432bb2
30,0,R38b23caac4,C9db6119ad5
30,0,R8d55e27446,C72b931e5ea
30,0,R7be36ce8d7,C8d1f8febcf
30,0,R19cea81732,Ce153036792
30,0,R0e975e766c,C256badb606
30,0,Re119d2542c,C2744b3e5d3
30,0,Ra3a6715b38,C23327cebdc
30,0,R0bde4fdba0,Cf9bd02bb8b
30,0,R65e2595b63,Cd668a816ac
30,0,Re4d9d7f263,Cad0524a4ae
30,0,R8eeb2f319e,C315dd2a29f
30,0,R42a003128f,Cca4519ad28
30,0,Rab428355ac,Cef5ab6f95f
30,0,R96edee91e6,Cc6af96d0b5
30,0,R7e3655c0dd,C98047212da
30,0,Re8cb2e6e7d,Ccec61c9dee
30,0,R2d2c24f42a,C561edf73c9
30,0,R1785928b8b,C9fa4d8e4ee
30,0,R2bdb93f691,C0c41e1fc0e
30,0,R5016c37f19,C3313270ce8
30,0,R117cf2d5d1,C4693a73e45
30,0,R088c797612,Cefe25333de
30,0,Rbfa8326a97,Cb4b23b0e36
30,0,R5400443994,C3fcf0bbfaf
30,0,Rc821213463,C7677b15f20
30,0,R75a030b5e1,C0d3d630221
30,0,R839e1eb76e,C91636a17dd
30,0,Rb269b948ca,C1d4037625f
30,0,R7e672d831e,C82a68fbf06
30,0,R18d304dee3,C652f3530dc
30,0,R3ced5861d7,C1baceec0ff
30,0,Rf1537dd521,C1031ee4fb0
30,0,Rdfa3947a4d,C72eccc5e44
30,0,R50e3b6d8f8,Cb8d2244304
30,0,R25d7b3a731,Cc29c5fdd71
30,0,R466cf9cabe,Cde8deb931c
30,0,R5906a9080d,Cc04a872a2b
30,0,R932311e440,C0a9010404e
30,0,R3fcece5f23,C3e346b96e2
30,0,R42cbd92453,C2d11275b05
30,0,R4cc0c78366,C7d9b9401f0
30,0,Rea8a9c65be,C532f1268f1
30,0,Rcdf18d9d45,Cbdc33c2a72
30,0,R498b4ffbcd,C8220ddbd9d
30,0,Rdfb8dda500,Cd60b775249
30,0,R6b11a2df1e,Cc1b13e5cb1
30,0,R2a147d151a,C0c69e2719b
30,0,R49c70a3071,C34246a86af
30,0,R29323b47d1,Ceb621e9d60
30,0,Rb4db0dba0c,Ca1d26f3070
30,0,Rf475ee3798,C2322d6cc3c
30,0,Rd6deb557c7,Ce99cbca15c
30,0,Rf06f657636,C622a1370ec
30,0,Rac15ca50c8,Cd99dcce03c
30,0,Rbd88f2d5ad,Cd4f484ac3d
30,0,R623006933d,C742a9d7a13
30,0,R6fe4c6bebc,Cd7f56a219c
30,0,R9a2d95a6ec,C845fede5b3
30,0,R18dfc17723,Cea0e7b8a8b
30,0,Raddf29b1b4,Cc6e0c2175c
30,0,Rcfb94bee96,C96cff562bc
30,0,R443392bc56,C11863a961a
30,0,R1d93ff6eea,C53fc06148a
30,0,Rf48750f5b4,C8d9a614dc1
30,0,R273d51979c,C9ac545a979
30,0,R044d9c45db,C47514cf3ec
30,0,R3be457ac0a,C2c00116a64
30,0,R577e2fd5ca,C962e945241
30,0,R6f97c7a577,C91a350e0cf
30,0,R1b6d0d3062,C3325fae8ff
30,0,Rbc69b73b92,Ca7e3ecc9b5
30,0,R16004cf7ba,C9c8e4ca6cd
30,0,R12d09081d3,C29a9347929
30,0,R654703123b,C2e0ed82283
30,0,R1ef3f585a6,C2de36c413d
30,0,R02fc0cb1e6,C8db96ab981
30,0,Ra502d46cd3,Cc2eb1ae6d4
30,0,Rc1a797ffa9,C68634fae0f
30,0,R1bfbf7459b,C4e28855bd9
30,0,Rf7c81c3871,Cf6ec5c293c
30,0,R844ce92283,C64e9f068cd
30,0,R4aef905030,C75551de1fc
30,0,R0faf6ffc61,Cb7f62f6f0e
30,0,Reaf851d01b,C249d668d8b
30,0,Rd763b0c812,Cd02a92cee7
30,0,R5022fab673,C94bc635295
30,0,R263ff39d00,C2bd904d0db
30,0,R44fee6dd42,C5bd9c7b076
30,0,R77aa4fa182,C8cdad0bb17
30,0,R21698998a6,C4f5d3ad196
30,0,R71f7bc61aa,Ce12ba3f2d0
30,0,Rf29e6eb24e,Cb22ec18faa
30,0,Rf63cc67925,Ce36b87a6df
30,0,R875fa7f5ac,C17908f3d93
30,0,R23669f90b9,C86877687fb
30,0,R385a0ced0a,C9b72207ae8
30,0,R5d43be1039,Cbe63277a24
30,0,R74c3b23e7d,C591bf66d7b
30,0,R7e9528efaa,Cecd6d23aaf
30,0,Rfe149c5d4f,Cdc89994f58
30,0,R5477459731,C2c700f838f
30,0,R4be54c4076,C7048232e0c
30,0,R395ee5dbf4,Ce6aca3a38e
30,0,Ree6ec19465,C489f9dea46
30,0,Rad36cd0af9,C0ad2bdb085
30,0,Re0a6618b40,Ca80efbaa35
30,0,Rab5107dfe8,C0191a3ff66
30,0,R11b14eb040,Cd8dc8536d4
30,0,R908b85d6fb,C2e4780a5f3
30,0,R64769c8c60,C0e58300836
30,0,R20d779b8cc,C4a87758028
30,0,R56b3cbb71c,C44b6d84139
30,0,R84beed1b12,Cea104deb7c
30,0,R4123a62532,C08e57e33dc
30,0,R9c7b0ee921,Cd8532b2c91
30,0,R83605e68c5,Cd9060c072a
30,0,Rec7c0f6b97,Cc73ac6644c
30,0,R8556a3432e,C9ce6dde3ed
30,0,R7da7da3504,C77bb9bb0f8
30,0,R5a1cd0577c,C54790e085d
30,0,R97993e4abc,Cbeb35e6b5a
30,0,R129193a4e0,C8c3718a331
30,0,R077b0ca81c,C41bffc6fc9
30,0,R3a6481bfd5,C787fc0e336
30,0,R3415e70257,Ce75d717e79
30,0,R3290c0fb66,C2c4d54afcb
30,0,R37aaa95e49,Ce1decf4e68
30,0,Rc00af12b14,C67f106a068
30,0,Rc12030b342,C4836c5105e
30,0,Rc4f8f401e3,C42c2448df7
30,0,R002e9a5a97,Cdc32ebc132
30,0,R9c4b077335,C965cdc02a3
30,0,R0d9b5e0417,Ca4b17589e0
30,0,R66f11a10fd,C073093411c
30,0,Rafed502fc2,C257d1e59a8
30,0,R4a940afedd,C7e54fefc25
30,0,Rab10cbd4ee,C979fa508a5
30,0,R09601ddf4a,C62a39414c3
30,0,R60fbc773d5,C711fcb2c82
30,0,Rff7afa5377,C88c1f77d28
30,0,R8eb216f818,C09aaa1e504
30,0,R30cd8438ba,C32fa0aa2c8
30,0,R580d82fcee,Ce689e8f23d
30,0,R4999a85528,C876c42e5e0
31,0,Rf6af2e3895,Ca4b3bbb22f
31,0,R2c2ffc9bb7,C8f669f28cc
31,0,Rbca9f858d5,C29754140e6
31,0,Rf54cbe1b8a,Cacbedbe173
31,0,Rb4f6b5fb12,C13292ed0f3
31,0,R6a2d23eac2,Ce5accbc7f5
31,0,R50d45e08a4,Ceb52f9f4b4
31,0,Rd00220b0c7,Cf094fb3107
31,0,Rff25727bbc,Ccfbef41cb8
31,0,R2414d344dc,C36a384ee7a
31,0,Ra3e42713fd,Cab1b6e8124
31,0,Rd77a10b6a3,Cbdaa2bebdc
31,0,R516fab22b5,C183c0c768d
31,0,R696a2704c9,C84e065c18c
31,0,R839e1eb76e,C91636a17dd
31,0,R6164c74e66,C7b2d81aa8a
31,0,R06ddc1c139,Cc705ddb695
31,0,R1517d27037,C9eb0d57cd9
31,0,Rdca51334ad,Ca6a6613e27
31,0,Rf3a108123b,Cbc4f602a2c
31,0,Re8085841e6,C2761ebd876
31,0,R25b994f7e5,Cb852678e3d
31,0,Rc5779c27cb,C39808ba51e
31,0,Raed2e77f66,C06ba581bc9
31,0,R8bcba3e5ad,C729a920950
31,0,R38b23caac4,C9db6119ad5
31,0,Rc13e1df55b,Cf51ddedd47
31,0,R5906a9080d,Cc04a872a2b
31,0,R47232f24f8,C99317d9b8c
31,0,R599c49923f,C52eeb35b1f
31,0,R1957abf0ae,C7b0fd03511
31,0,R09d20fe0fb,C89ea7142cb
31,0,R39a1261dd4,Cdb9a2bdc18
31,0,Rb10ec6f5ad,C95631bfa9c
31,0,R6f385b8236,C0d083de07d
31,0,R13a09c6aa6,C61db03076b
31,0,R86fa189be1,C6e9e591603
31,0,R84d115fb41,C133fd54496
31,0,Rd8e74d8077,C4ddde876c0
31,0,Rc723147a4c,C11c3619db0
31,0,R5412b72720,C26a6462b4d
31,0,Rc3a5f60f07,Caddd9e9b72
31,0,R7f2fb74b06,Cac564b83c4
31,0,R04b9b9a527,C532e354687
31,0,Radc387d19a,C635d8848b1
31,0,R56acea1e0d,C7ad6e95f9a
31,0,Rbed2f695c6,Ced8a0c1ae9
31,0,R7e672d831e,C82a68fbf06
31,0,R8219617e4c,C297a96c8a1
31,0,R5016c37f19,C3313270ce8
31,0,Ra3096b2c31,C3aa5bbcda2
31,0,R1785928b8b,C9fa4d8e4ee
31,0,Rc79fcae0e6,C0b34c79d7b
31,0,R1f1e8b20dc,Cca5a4f9e51
31,0,Rd69476389e,C236e911a4c
31,0,R3ced5861d7,C1baceec0ff
31,0,Rf52572afc4,C97fd02aff9
31,0,R79d0fa699a,C9f96e3b4a7
31,0,R91df0cde85,Cb860f7b852
31,0,R7490d489be,Cb4405f4ad1
31,0,R65e2595b63,Cd668a816ac
31,0,R8eeb2f319e,C315dd2a29f
31,0,Rc356d2001b,C836a18d9de
31,0,Rd9e2fddc79,C20a2ae1b2c
31,0,R96edee91e6,Cc6af96d0b5
31,0,R18d304dee3,C652f3530dc
31,0,R9c88ffc4fa,C98b6dd21b7
31,0,R1473a7243d,C6f91e92007
31,0,R580d82fcee,Ce689e8f23d
31,0,R623006933d,C742a9d7a13
31,0,Rb89defcc11,C4e53b97491
31,0,R6b11a2df1e,Cc1b13e5cb1
31,0,Ra545cb0752,Ceb33a732c0
31,0,R5ea337f39e,Cef115833d7
31,0,R387a78395f,C7880cb1330
31,0,Rac15ca50c8,Cd99dcce03c
31,0,R0bc5475e3f,Cf69c6cd824
31,0,R3be457ac0a,C2c00116a64
31,0,R8e036591aa,Cc3279575fd
31,0,R68b3c2fbe2,C315545a597
31,0,Rd2596d7942,C8ec9555a5d
31,0,R7da7da3504,C77bb9bb0f8
31,0,R844ce92283,C64e9f068cd
31,0,R65adb60193,C2f99a4ae3c
31,0,R25d7b3a731,Cc29c5fdd71
31,0,Rf53a355a96,C7f37a15877
31,0,R6c40091886,Cb88ce1259a
31,0,Raff1368d5b,Cb77c2f8d6b
31,0,R4fe59ea562,C6ed96d9247
31,0,R4123a62532,C08e57e33dc
31,0,R0faf6ffc61,Cb7f62f6f0e
31,0,R52f131404f,C45e34bfe55
31,0,R262da439bf,C7c4bdfb0dd
31,0,R02fc0cb1e6,C8db96ab981
31,0,Rf48750f5b4,C8d9a614dc1
31,0,R16004cf7ba,C9c8e4ca6cd
31,0,Rcb656a6f43,Ceae7e77ce6
31,0,Rbc69b73b92,Ca7e3ecc9b5
31,0,R4f4025920c,C6b9aa65c97
31,0,Re8cb2e6e7d,Ccec61c9dee
31,0,Rab5107dfe8,C0191a3ff66
31,0,R4045e6af7d,C47ebd2a461
31,0,R044d9c45db,C47514cf3ec
31,0,Rf7c81c3871,Cf6ec5c293c
31,0,R13849e3a3f,C068c469344
31,0,R6fe4c6bebc,Cd7f56a219c
31,0,R8289f81f2e,C07f5874479
31,0,R83d50288a6,C0178dc0980
31,0,Rfe149c5d4f,Cdc89994f58
31,0,R1ef3f585a6,C2de36c413d
31,0,R07fe08cbf9,C03c02a1917
31,0,Rb5f991d57f,Cc9402d1eb1
31,0,Ra502d46cd3,Cc2eb1ae6d4
31,0,R385a0ced0a,C9b72207ae8
31,0,R9c7b0ee921,Cd8532b2c91
31,0,Racf227c9c1,C088bc6e5d9
31,0,R019736a8f7,C71dddc0767
31,0,R1b6d0d3062,C3325fae8ff
31,0,Rdedfa9eb94,Cfbce812e1b
31,0,R84beed1b12,Cea104deb7c
31,0,R97993e4abc,Cbeb35e6b5a
31,0,R0f9375dfcc,C4defa04e57
31,0,R0b1e886898,Cc591415d02
31,0,R0ae952774c,Cf862146154
31,0,R978122ab88,C17066402f9
31,0,R20d779b8cc,C4a87758028
31,0,R13bf1d17d2,C1d4227419f
31,0,Red5549b4a1,C030a021820
31,0,R034ce008fd,Ced906dc04a
31,0,R4687b4ef82,C23813ec652
31,0,R093fb121e4,C293ed479dc
31,0,R4a302be32c,C8113af4d60
31,0,R4b9ce72023,Cfd026d54ec
31,0,R55d52ed9a6,C0063cd61bb
31,0,Rddf6657707,C8c0ce70d54
31,0,R1950ff05d4,C5388c633ef
31,0,R2af3655d61,Ca97a369f43
31,0,Rf25e06d572,C6270a7d4da
31,0,R40e4eaaa7a,Cf4018cccbe
31,0,Re3fd2edf65,Cc89e518eb2
31,0,R672e941e11,Ccb1d820cc5
31,0,R33003fca0d,C7d9b846a6e
31,0,R9cda7ba2fe,C127eb95a86
31,0,R494255ca31,C3bf39fbecd
31,0,R4fb64c89d1,C1b210bd733
31,0,Rcf553c3c34,C3596f6f6e5
31,0,Rb1023d9068,C5e14580f2a
31,0,R1221b58c5b,Ccab26afd44
31,0,Rdf8f91e987,Cd1c08364b5
31,0,R3c62ddc7b6,C9fe4321d26
31,0,Rf9646fba15,Cde2652b019
31,0,R4634a79c33,Cc1a68dfc13
31,0,Rd9f7aad08c,Ce5496d25a1
31,0,R7da61da281,C9efa050fa6
31,0,R0f8fbbb355,Cbda33654b2
31,0,R585eed0192,Ce1e4e86fcb
31,0,R9d018e269b,C44cf46a2ef
31,0,R2e4be3dfa6,C74394aa4b5
31,0,R994e734eb6,C0cf6f0cd79
31,0,R964bad6baa,Cffd149ea31
31,0,R9323375136,C78c3fa9ab5
31,0,R8f3395c20b,C3ade054daf
31,0,R0bfd2e527c,C0848452a1c
31,0,R37783abd4c,C86fef221d8
31,0,Ref706718a6,Caa1404b26c
31,0,Ra606b4f2f4,Ce141a0bd94
31,0,Rabce8cf0eb,Cd9fb4e68d7
31,0,Rbfc699c83d,Ccb299529dc
31,0,Rc050a56d94,Cb764a2a6a9
31,0,Rf46730ee62,C41f9a22c1c
31,0,Rb545d279e3,C655945dba2
31,0,R1dc0a6490e,Caadcf13976
31,0,Rdff65583df,C5e3db96652
31,0,Rbbdc127549,C0fde6a3e80
31,0,Rae82b0f136,Ce0c9e8a481
32,0,Rcc923e4d7b,Cacbf2616fb
32,0,R6d4dd68d8f,C6ab68bc6d0
32,0,Rf6af2e3895,Ca4b3bbb22f
32,0,Rbfd9e81ade,Ceea85898ef
32,0,R2d2c24f42a,C561edf73c9
32,0,R50d45e08a4,Ceb52f9f4b4
32,0,Rf38ab65030,Ce5e96b1cb9
32,0,Rd54d229526,Cb55ede89e1
32,0,R2961142538,Ca9442d9f4e
32,0,R0b313a8ce8,C9af1e9c3b0
32,0,Rb4f6b5fb12,C13292ed0f3
32,0,R7c065d8ca9,Cb97ce77120
32,0,Rc42fd01b74,Cd9dc50f660
32,0,R35d7389b9d,Ce8c7e7548d
32,0,R9dc822d8d8,C15931d375d
32,0,R6161a0c57a,C9913f6a8cd
32,0,Radece755fe,Cda5157de68
32,0,Rf0279e43f6,Cc056982d80
32,0,R8091067449,C9087ff1d83
32,0,R30cd8438ba,C32fa0aa2c8
32,0,Re7bc953bf7,Cdbeffbfa39
32,0,R8bcba3e5ad,C729a920950
32,0,Re097e8f157,Ccb10dea09d
32,0,Ra9f18483b8,C25999281f1
32,0,R2e71ade642,C7b979f794d
32,0,Rb9168a8bad,Cb764a2a6a9
32,0,Rdfb8dda500,Cd60b775249
32,0,Rdf9e3190aa,C7e257475a9
32,0,R6b6625f774,C285d90996c
32,0,R8d151c94ac,C3c69b5437e
32,0,Re8085841e6,C2761ebd876
32,0,Re969f606be,C7faf98326c
32,0,Rd2596d7942,C8ec9555a5d
32,0,R7066fa0b17,Cac7934bf62
32,0,Rbc304953e5,Ca0fc58fa32
32,0,Rb65adb1e83,C2d0e594e51
32,0,R6a6bc58c55,Cf1677b4ba5
32,0,Rab5107dfe8,C0191a3ff66
32,0,Ra32e1c4cf3,Cb4e58c146d
32,0,R58936d6e3f,C584dce2c20
32,0,R1e9504bde1,C414214cae2
32,0,Rfcb3ae6a19,C172d73804d
32,0,R7cf93d9a26,C5344164143
32,0,R8ba40a0580,C30a9832999
32,0,R366f775f14,C3aca66b014
32,0,R87b31eb5fb,C5578291839
32,0,R74d41c8ff4,Cf537752e8d
32,0,R81a802f449,C6c88fdca6a
32,0,R5016c37f19,C3313270ce8
32,0,R6385d97e50,Ceb0bf79974
32,0,Rfb8a82155a,C21b662f714
32,0,Rcf8efb044a,C43886d6400
32,0,Rc7db0a573a,C559ef4d159
32,0,R25b994f7e5,Cb852678e3d
32,0,R5f8c1dd47f,C96363fedd1
32,0,R690486da54,C168dc59927
32,0,R4ea36eeb40,Ce50cdb14c5
32,0,R6d2d5c04ac,Ccbb7a0bcb9
32,0,R401bfd36a5,C07d97fe1cb
32,0,Radc387d19a,C635d8848b1
32,0,Re81e8ea3ac,C24094e6663
32,0,R6f6e37f19d,C38d35521c3
32,0,Ra3096b2c31,C3aa5bbcda2
32,0,R9ff21d0fa1,C7a442a5fbb
32,0,Rbc34be3dc5,C01596b92e0
32,0,R959e664088,C9c2cfeb594
32,0,Rdb6ab94ea5,C4a72880637
32,0,R435449670a,Ca03b06a038
32,0,R829dc3bf37,Cefd521d5f7
32,0,R3ced5861d7,C1baceec0ff
32,0,R8f2ead55b7,C74447b9ebc
32,0,R8047df4003,C9e66c4de43
32,0,R623006933d,C742a9d7a13
32,0,Rb10ec6f5ad,C95631bfa9c
32,0,Rdca51334ad,Ca6a6613e27
32,0,R97fed2474f,C221e76f10a
32,0,R2414d344dc,C36a384ee7a
32,0,Ra1d88ad464,C4cfcd09942
32,0,Rf193b3c577,C6d2b657f91
32,0,R4e11cb597b,Cfbcd6f16c1
32,0,Rac7d7ac625,Cbf470bb2ea
32,0,R4b21e0c621,C0f922fb1da
32,0,R01c991f0e6,Cdf349ee06a
32,0,R5b740725e4,C7bd9a7099d
32,0,R0efc706624,C84a2a8aaf7
32,0,R6f385b8236,C0d083de07d
32,0,R71967cbd37,Cb6530a4e00
32,0,R043ff35224,C998d63b744
32,0,Rae4685e3a1,C6dad108244
32,0,R6fb64f597d,Cbe47ec093f
32,0,R0de5f77c87,C5b4c96131e
32,0,R3fcece5f23,C3e346b96e2
32,0,Rc723147a4c,C11c3619db0
32,0,Re400b0b568,C8ae6e521ef
32,0,Rc1b5eebedd,Cac23b174e7
32,0,R4d6a0306d5,C1398b4e035
32,0,R57f22e4e5c,C36ee16617f
32,0,Rb7c87c05d1,Ce04d5a8843
32,0,Rf9caa0b2a3,C4b71b47145
32,0,R7f2fb74b06,Cac564b83c4
32,0,R39a1261dd4,Cdb9a2bdc18
32,0,Rca96d2d1f6,C1560c75aa7
32,0,R83605e68c5,Cd9060c072a
32,0,R09d20fe0fb,C89ea7142cb
32,0,Re119d2542c,C2744b3e5d3
32,0,Ree6ec19465,C489f9dea46
32,0,Rb7c6339254,Cfebe7e1c37
32,0,Rcd2cff0eb9,Cfe2762eaa5
32,0,R93f9d8922a,C40eb0f5026
32,0,R16004cf7ba,C9c8e4ca6cd
32,0,R359cf91b35,C7621a10ed2
32,0,R2bdb93f691,C0c41e1fc0e
32,0,R8944a64351,C3b3ca8dfca
32,0,R52906a3f94,Cd4f751c72f
32,0,R1ef3f585a6,C2de36c413d
32,0,Rb04e1dc798,C10bd1c525e
32,0,R343ef54bb9,Cbae20511ec
32,0,Rc5779c27cb,C39808ba51e
32,0,R387a78395f,C7880cb1330
32,0,R1b6d0d3062,C3325fae8ff
32,0,R5c0b14ffb7,C8104e03cf4
32,0,Rcf062f6ad7,C9ea5a45a16
32,0,Re0a6618b40,Ca80efbaa35
32,0,R71f7bc61aa,Ce12ba3f2d0
32,0,R56b3cbb71c,C44b6d84139
32,0,R1c59c069bf,C973a2d7204
32,0,R265333459b,Cccc8902a9d
32,0,R941396bf3b,Cff67457968
32,0,R9e4178fe65,C06c7789f6f
32,0,R2f8d35fc5e,C68a7352c98
32,0,Racf227c9c1,C088bc6e5d9
32,0,R2e5af729f0,C35f9d190f5
32,0,Rcd7c58b6ad,Cd9b9aa40fb
32,0,R580d82fcee,Ce689e8f23d
32,0,R588f55aceb,Cbdd31b8c14
32,0,R36fa86cde3,C0a7ac27912
32,0,R1b4482e8c2,C315a032b45
32,0,Re942b91eca,C2459e5bd78
32,0,R601ac75250,C95dcef5119
32,0,R7106be3872,Cff4bec2895
32,0,R5022fab673,C94bc635295
32,0,R288780c3da,C52dbd4fe93
32,0,R8af60ea6c3,C56bf72b9d0
32,0,Re3e2344b60,C55c7a6e385
32,0,R5d3293bfdd,C118a9de82c
32,0,Rdb38fa5e16,C022c8d3287
32,0,Rad36cd0af9,C0ad2bdb085
32,0,R9377770a88,C06376f0d71
32,0,R273d51979c,C9ac545a979
32,0,Rf475ee3798,C2322d6cc3c
32,0,R758d35dda9,Ca25422a7bf
32,0,Rea2abfb6df,C5b6722c88c
32,0,R6f97c7a577,C91a350e0cf
32,0,R18fb80d3ed,Cba42cc0dc8
32,0,Recb851765e,Ce4c959b000
32,0,R672c7fbc87,C0928afda1c
32,0,R9c338e6087,C7c66df7c96
32,0,R5e9715e59a,C9b910bde06
32,0,R886059e501,C67e8ed9262
32,0,R6fe4c6bebc,Cd7f56a219c
32,0,R875fa7f5ac,C17908f3d93
32,0,R6167a06a50,C7e8614a018
32,0,Ra31404ebdf,C1d810dd34e
32,0,Rbb97524b72,Cac00fe2980
32,0,R3be457ac0a,C2c00116a64
32,0,R844ce92283,C64e9f068cd
32,0,Rf5134784e5,Ce7e8333123
32,0,R8968710e6f,Ca74fd5ea70
32,0,Rd04e566279,C5f16bc40a0
32,0,R264d76027a,Caa56b60018
32,0,Rcaaee25bf3,Cdd542ac2ba
32,0,R0ad67f847e,Cebc761c22b
32,0,R13849e3a3f,C068c469344
32,0,R20b7095ec6,C27d02069ec
32,0,R603dada1c0,C46eb629cfe
32,0,R7afbaad899,C6a4e39e536
32,0,R20c04cce4d,Cf274c1db56
32,0,R3290c0fb66,C3afa684a05
32,0,R2b612b9126,Ca416e53515
32,0,Rb955fdc99d,Cb63b0d0241
32,0,R92e2493af5,C93cddb5c87
32,0,Re23817d032,Cec7cb1b382
32,0,R20fcc2d3e2,Cc547e90851
32,0,Re2f435788b,C5bf427b45f
32,0,Red5549b4a1,C556d762627
32,0,R2aaefe75ed,C440ed1fbdf
32,0,R1624773c24,C9de945bc09
32,0,R912a528ea8,C039471c53c
32,0,R9a44ee4ee8,C44ed498f29
32,0,Rb3d67b90e1,C35d415a100
32,0,Rb7088441e8,C37ede1942f
32,0,R6d8b4e6c07,C38b6b58485
32,0,Re9350503c7,C7e1f64913c
32,0,R6997b17b61,C295b17c6b3
32,0,Ra3ace94a34,C6fe3c3628a
32,0,R807149c2fe,Cd5e22ddb65
32,0,R9894fd3d0b,Cc034e7c11a
32,0,R61f729013c,Cf06995a7c9
32,0,Rf0e9b8ebf3,C978c22757c
32,0,R4fb64c89d1,C432c903c5f
32,0,Rb42848bcf2,C75c387cd39
32,0,Rb4a6046987,C69a93a19da
32,0,R57527525fd,C0d901a4646
32,0,Rd479650e84,C94f0001980
32,0,R0e16a05f73,C6a355c4d65
32,0,R092ada5fde,C49e11cc37d
32,0,R581c4f2b9f,C32b21ebfdd
32,0,R488bfbaee1,C7febf89b1d
32,0,R6311c09c89,C946def65b2
32,0,Rb540250a4d,C5f887238d8
32,0,Rc03b413b83,C1749f180da
32,0,R91060e4a44,C938e1245a0
32,0,Rf182046950,Cc7d5c36652
32,0,R9a464da7ab,C904d8b07ee
32,0,R757fd32c33,C70d372371f
32,0,R964bad6baa,Ca4887293df
32,0,Raee13cf0d8,Cb1bc0e3c0e
32,0,R4d49ea70f5,C514e643339
32,0,R921be77241,Cfcc82f6d89
32,0,R002e9a5a97,C141f32ccc7
32,0,R579de63b94,C97f0782488
32,0,R8790dd1e6b,C79462461e3
32,0,R16ee55091d,C0de992dfa2
32,0,R54995259f7,C1240c9a77f
32,0,R811817265f,Cc6ab9c7388
32,0,Rdd0999d4c0,C1c9bc4eb28
32,0,R97faa87435,Ccfbe76cda0
32,0,R0c077ef8d1,Ccda22ee769
32,0,R0f8fbbb355,C77c18aae6b
32,0,Rf31fa6a470,Cdc2ad2ec5a
32,0,Re9a3ef00dd,Cba0a767bc0
32,0,R4dcdbe33dc,C0e81ea7b6a
32,0,Rc86f46ebb7,C8b9ba4d227
32,0,Rd5cea760c0,C5c3f05b727
32,0,R10b77c8de5,C619d85c486
32,0,R2fe24da121,C82afc25403
32,0,R68e5d095c3,C03da2483bd
32,0,R8177eccfef,C075640da39
32,0,Rdff65583df,C5e3db96652
32,0,Rea236cad30,Cb6cf423586
32,0,R82fc026097,Cef5ab6f95f
32,0,R679aef640a,Ce677804d76
32,0,Rfad6b39212,Cd33ea30229
32,0,Rcf89b0e324,Cd2fddcdd95
32,0,Rf0f1bdc5bc,Cdf3a0bf68d
32,0,R8dd0fa01d4,C1f2d9e98b4
32,0,Rc1c9ca6693,C1eaee13975
32,0,R5e2d427bb6,C3fcf0bbfaf
32,0,Ra733a5ed49,Ca5d44f3abd
32,0,R2616b3568b,C52b102fe2b
32,0,Rb2547db454,C65c79259e8
32,0,R329d5114c5,C5683a245af
32,0,R253ace1bfc,C6e8dda21c1
32,0,R4a619238ea,C4998d65fd5
32,0,R598ba1b4b7,Cc6629ed67b
33,0,Rf453ef8c41,C3a4bd796be
33,0,Rcae4f73ee6,C9c038ca34e
33,0,Rdbed2be039,C6579a724ad
33,0,Rc284def745,Cf5ab45254d
33,0,R88f194c4b3,C97ed7a8ba1
33,0,R0d19870981,C80bb71efa1
33,0,R5dc964f782,C0543fd947e
33,0,R6903bf1ad8,C8161eb8dac
33,0,R052760c2e4,C8a31963c0d
33,0,Rbf98fd0344,C373657a0ab
33,0,Rc1d3e1045a,Ce5dc62ad1d
33,0,R66f11a10fd,C431b922242
33,0,Rb7524dcd7a,Cabf32f4345
33,0,Rb3a081082b,C1173114143
33,0,R4805399db8,Cb65f02f54b
33,0,Ra626a682f3,Ca4bcba308d
33,0,R669fb5cd53,Cbc9a08bf73
33,0,R22cc42e3ed,C9a9d1e98d5
33,0,Rba5d5bad04,C024f774062
33,0,R28af3d17a1,Cee5627db70
33,0,R0a77ec0c50,C60fa5c98a5
33,0,Rb1eb78151f,Cf1f94c3437
33,0,Rf3b5c5d0b1,C45b739f472
33,0,Rf8c2b7e289,C0f5b5afe55
33,0,R629198c23a,C6a06428f74
33,0,R77c46d1e26,Cd12e581c73
33,0,R6f3199a4de,C73078bf6e0
33,0,Rf9646fba15,Cc8df61bc65
33,0,Rc0d1d533f2,C0197e994e8
33,0,Rb4831ebaac,Cd2d32d298c
33,0,R245b978caa,C6882bdc17c
33,0,Re792279cce,Cb290e52367
33,0,R2a9cc13fbc,C52da1e4346
33,0,R218b2b7e46,C25fe915db3
33,0,R2d364572b2,C9c16c6e7ea
33,0,Re0ada8f602,Ca073589b1c
33,0,Ra9e5f30bce,C1ea0c850f2
33,0,R9a610c8d7d,C2b86446ac6
33,0,Rbd5c49a021,C89bf48b5b4
33,0,Rc1c9ca6693,Cd64228e383
33,0,R1105de7167,Ca466800808
33,0,Re39e99d8d9,C3dcc24f3c1
33,0,R0359337cbf,Cee82554036
33,0,R41676b8a34,Cd64228e383
33,0,Rb4f6b5fb12,C32446e2ad6
33,0,R50d45e08a4,Cd3f718e6c7
33,0,Ra9f18483b8,Ce5c6da15d0
33,0,R1764a991bb,C45fa595b44
33,0,R8a9dd4c569,C579c12fcd9
33,0,Rd00220b0c7,C380091b357
33,0,Rabab301ac4,C6820acc189
33,0,R5f8c1dd47f,C332be8489b
33,0,R01f65f8b8c,C89bf48b5b4
33,0,R2961142538,Cb6fdaf209c
33,0,Rbe83733bca,Ca466800808
33,0,Rd4b6125599,Cfed516f4cb
33,0,R0a6f988b3f,C0a6efa783e
33,0,R5400443994,Cd6b36560c5
33,0,R71ff601f2a,C54da008f16
33,0,Re09732a242,C3dcc24f3c1
33,0,Rf7de44cd7a,C63064cb5e2
33,0,R435449670a,C23cd630136
33,0,Re7bc953bf7,C9c44e5fd3a
33,0,Rd8e74d8077,C1847575c76
33,0,R9085421c96,Cbefbbd4f18
33,0,Rc5d21a3f52,Cf3c06e7513
33,0,Rd03b1ad6f2,C5eeb8381d9
33,0,Re8085841e6,C34343c3b84
33,0,R36de22c29e,Caf5fb10939
33,0,Rc2e825f6a1,C490f63b32e
33,0,R11dd88daf7,Cd3902b9702
33,0,R64e46aba26,C1906caefef
33,0,R40918330a5,C1d44bed39b
33,0,Ra8e67a4a46,C2cd42cbb60
33,0,R5402244fc3,Cb3dea7fd66
33,0,R25b994f7e5,Cf92998c491
33,0,Rc635a460de,Cc87fc73e1e
33,0,R6a6bc58c55,Cee82554036
33,0,R3fc8025181,C333b04ef73
33,0,R254c3f5281,C9e4764c833
33,0,R2b274a4ca6,C51f8994cb9
33,0,R59d85b8201,C807d2ef2cb
33,0,R90f1b44c22,C00f1b37f0c
33,0,Ra8cbde5785,Cbe012c819c
33,0,R5ce8d0ba85,Cd9ee404870
33,0,Rd8668ab367,C50cf6facf0
33,0,Rc13f2b919b,C1d47ccb33a
33,0,R6c0f4ccbd4,C4109624c25
33,0,R1faee07e63,Cbcfb2a3d7a
33,0,R28419d682e,C53e0b109bd
33,0,Rfb8a82155a,C3bb3e227f8
33,0,Ra838eb0f67,C8f6cec4624
33,0,R1517d27037,Cc92f080259
33,0,R0f7fa98388,C6ba1b2b52c
33,0,R46af5415c9,C334af17c03
33,0,R77775c9558,C7b8da7ed27
33,0,R3a6fdb5856,Ce3a9d649c2
33,0,Re61c23a3bb,Cb7d71546e2
33,0,Rae7f2aed97,Cbe3b47b0a5
33,0,R2eb461b6ff,Cb3ff11852d
33,0,R829dc3bf37,C785e9f5843
33,0,R75a81a6d30,C41c730c65f
33,0,R76be10c1fc,Cf800d4dbd5
33,0,R38b23caac4,C26cb26ddb7
33,0,R06ddc1c139,Cec81ac6c0f
33,0,R611a19183c,C68b63b56db
33,0,R6c95e03107,C3efc54092f
33,0,R1e4621b4b7,Ccec8c67cdc
33,0,R5906a9080d,C94fe26d343
33,0,R9b1ece44fb,Ce5ac2b4f76
33,0,R45ee18abd3,C6c14f43454
33,0,R623006933d,Cbc3d1f1065
33,0,Ra7472dd324,C052a9a3cda
33,0,R32066ccf4d,C289588f561
33,0,Rc8578e91b7,Cb5c2b18421
33,0,R04a2173ea9,C2cfb629677
33,0,R161b99ddf7,Ce70feafacc
33,0,R8144dc5745,Ceddfc8a985
33,0,R5d3293bfdd,C7b3810e13d
33,0,Re4155e6143,Ca91359681f
33,0,R9ff21d0fa1,C1887c5dfb4
33,0,R434f29ab0b,C86f01e594d
33,0,R9a7e29cbb3,C6daded8f6c
33,0,Ra86e5e0492,Cc6df75748e
33,0,Ra3096b2c31,Caea63ded8e
33,0,Rf7c81c3871,C62cb32b8b1
33,0,R9a1c199bf0,Ccf55dd1515
33,0,R9afb705321,C1323c28b66
33,0,R44eafebf5e,C13cab7ac1e
33,0,R331c3f6a98,Cd8bacff87a
33,0,R1b6d0d3062,Ca9506391df
33,0,Rf380163195,C1221eec5ea
33,0,R6f385b8236,C61187a6c51
33,0,R753303534f,C04007f207f
33,0,Re0a6618b40,C350e60f040
33,0,Rdd6b93a2dc,C94e23d2571
33,0,Rdadd5c9033,Cf0632d4401
33,0,Raddf29b1b4,C28c3a2fd87
33,0,R273d51979c,Cc9fe8ae7ae
33,0,R1785928b8b,C6dea8c2425
33,0,R455f51c3fd,C1080bd4487
33,0,R2f3aa3b141,C275b871c83
33,0,R85492f5136,C5d7cef81ed
33,0,Re9ee4d17fa,C9009f3354d
33,0,Rb628ecdbc8,C3a622fb063
33,0,R672c7fbc87,Cffc38fd25c
33,0,Raba8804764,Cf44ec9e7ba
33,0,R4b10c3c168,Cbfa03ead7a
33,0,R6f6e37f19d,Ce596771f9f
33,0,R6b11a2df1e,Ca2e0ce259e
33,0,Rcc10d88087,Cfaf4c9273a
33,0,R1226102911,C484d685ab6
33,0,Rc563ac9509,Cc871c78977
33,0,Rdf64812a9f,Cc53c238b9f
33,0,Re46abeaa4f,C40f7cbb76e
33,0,R993f2f2a99,C26f2a2a01c
33,0,R205f252d0b,C8583a54167
33,0,R044d9c45db,Cd00f67e7bf
33,0,Re70ff6cfb7,Ce320cd0a4f
33,0,Rb5a37c72fd,C315e0b49be
33,0,R23669f90b9,C57744aa5c7
33,0,R8a581144c0,Cc8c5eff488
33,0,R2001af2cb3,Ced25a407ed
33,0,Rb8be4f0d26,Cd323498f70
33,0,R1cd6ed96e7,Cd8853e9430
33,0,Rebbb681180,Cdd6f6f5a20
33,0,R2c1ebbff1a,C3d5c33aea2
33,0,R6b1c1af053,C086cd74f49
33,0,Rf5134784e5,C7e72fa39de
33,0,R705e58eb19,Cc0c0da00b4
33,0,Re0622645d7,Cf2fb65ac85
33,0,R12d09081d3,C1cd3583c7d
33,0,R9377770a88,C234838aba8
33,0,R7f28d2ebfc,C734ceb962c
33,0,Rd763b0c812,C40b4c57b61
33,0,R387a78395f,Cc7ab405151
33,0,R73d6410580,Cbfe3045a10
33,0,R7ba93446f2,C61199a04a4
33,0,Re633fdbf97,C52ff817b62
33,0,R09d20fe0fb,C4467b67ebf
33,0,R8944a64351,Ce9d471ae84
33,0,R62306cedc6,Cc3f9b22907
33,0,R77ce8d0b56,Ce971dbe331
33,0,Rc3f4307bb1,C8c87bce66c
33,0,Ra5509f9a71,C5aa41744fa
33,0,R7f83bbb557,C1aec0ea405
33,0,R593c3d0673,C1557597bd7
33,0,R4b9ce72023,C494c44e3ee
33,0,Ra4a79e6902,Cbadf56a30d
33,0,Ra9eb437325,C5d397d594d
33,0,R38ff6b446e,C33e1863bda
33,0,Ra8ea0da3ce,Cfe7e6abb49
33,0,Re08668e6c3,C8161eb8dac
33,0,R329bbf888d,C1b117f86ee
33,0,R546db86fd2,C5beee90062
34,0,Rcc923e4d7b,C89823fe09b
34,0,Rd1b7d2ad7b,C14270b66be
34,0,Re44ee527d1,Ca6361d9f53
34,0,Rc0e480f6ca,Cbe3fda6db6
34,0,R424673f922,C02c4285aed
34,0,R27badc50cd,Ca4fabcf0f5
34,0,R2356a9027e,C022190c16f
34,0,Rf0d8d87cc1,C574b674a1c
34,0,Rd54d229526,C5997532e8e
34,0,R42436f7fee,C9224fb7ee1
34,0,Rf7de44cd7a,C63064cb5e2
34,0,Rb4f6b5fb12,C32446e2ad6
34,0,R8968446e5d,Cfa47786bcc
34,0,Ra9f18483b8,Ce5c6da15d0
34,0,R89a0622261,C0734cc23a4
34,0,R0f7fa98388,C6ba1b2b52c
34,0,Rd99090e253,Cc0a9f19a6b
34,0,R9644b9af51,C2f2bbe57ed
34,0,Rb2fba14f51,Cfef1fc4a97
34,0,R0de5f77c87,C738a1a940f
34,0,R2e3614950b,Ccae09c5088
34,0,R78a35d2698,Ce7eccfbb87
34,0,Rbad4db0101,C9f897efe88
34,0,R5f8c1dd47f,C332be8489b
34,0,R9ff21d0fa1,C1887c5dfb4
34,0,Re8085841e6,C34343c3b84
34,0,Re81e8ea3ac,Ccadb440ddf
34,0,R6a6bc58c55,Cee82554036
34,0,R2981d46d01,Ccb7c59afb4
34,0,R5fe3096228,C2c32c2bffa
34,0,R6cbbdb89db,C843b44b2e0
34,0,R25b994f7e5,Cf92998c491
34,0,Rd8e74d8077,C1847575c76
34,0,R7e42c97911,Cedc6fff1c9
34,0,Re61c23a3bb,Cb7d71546e2
34,0,Rc319e9a5c8,C4fc60a7052
34,0,Rb7bab838ba,C98ee7a952a
34,0,R1c4c4871dc,Cbda89f7f58
34,0,Rf380163195,C1221eec5ea
34,0,R3aecc96f8a,Cb01d208b0d
34,0,Rdd6b93a2dc,C94e23d2571
34,0,Rbff1cb3503,C08de9bc6d7
34,0,Rc13f2b919b,C1d47ccb33a
34,0,R804a62ddcd,Cb01cfd4b89
34,0,R76be10c1fc,Cf800d4dbd5
34,0,R6a68e34799,Cde8655120e
34,0,R77cf9f359f,Ca86a0364d6
34,0,R3e37dd0a88,C088d6b58f0
34,0,R77ead01e8d,Ce1bd095673
34,0,R387ebc334f,C776968287e
34,0,R5d3293bfdd,C7b3810e13d
34,0,Rd2596d7942,C8245b07114
34,0,R7384132b4c,Cb89a08b731
34,0,R1b6d0d3062,Ca9506391df
34,0,Rbbb0540a71,C9f4c799068
34,0,R04a2173ea9,C2cfb629677
34,0,Rd6742d403c,Cfdee80fc6c
34,0,R9a1c199bf0,Ccf55dd1515
34,0,R44ee6e0621,Cb15aa01157
34,0,R9afb705321,C1323c28b66
34,0,R5906a9080d,C94fe26d343
34,0,Ra838eb0f67,C8f6cec4624
34,0,R77ce8d0b56,Ce971dbe331
34,0,R8a581144c0,Cc8c5eff488
34,0,R86fa189be1,Cff911e0b0c
34,0,R359cf91b35,C37edc80634
34,0,R2001af2cb3,Ced25a407ed
34,0,R2c1ebbff1a,C3d5c33aea2
34,0,Reff842576a,Cde7ffd75c0
34,0,R1785928b8b,C6dea8c2425
34,0,R434f29ab0b,C86f01e594d
34,0,Rab428355ac,C8a586457db
34,0,Rdd70f428c3,C4fabce2d5c
34,0,Rf7c81c3871,C62cb32b8b1
34,0,Re0a6618b40,C350e60f040
34,0,R13849e3a3f,C7b62e41278
34,0,Rea09a8b37d,C71900066c6
34,0,Rff9eae72ba,Cfc64ea2796
34,0,Rcc10d88087,Cfaf4c9273a
34,0,Radb8eb3365,Cc5540a1c0c
34,0,R8f9129d8f5,Cc5156d0a06
34,0,Rd54eb3ddd3,C7b45d0d483
34,0,R97993e4abc,C5c0860541e
34,0,R672c7fbc87,Cffc38fd25c
34,0,Rc563ac9509,Cc871c78977
34,0,R8b03fa0238,C57fa7125cf
34,0,Rb5a37c72fd,C315e0b49be
34,0,R85415ad029,C7a60f7156f
34,0,Read752ab1e,Cb546e2f55e
34,0,R1d5e690b63,Cd74cfe2b76
34,0,Re0622645d7,Cf2fb65ac85
34,0,Raddf29b1b4,C28c3a2fd87
34,0,R0e59479321,C9d9542def6
34,0,R993f2f2a99,C26f2a2a01c
34,0,Re5c18a936d,C7ac685581e
34,0,R7ba93446f2,C61199a04a4
34,0,R4045e6af7d,C74b8fea5e0
34,0,Re89ba40601,C5dd5190def
34,0,R9377770a88,C234838aba8
34,0,R1226102911,C484d685ab6
34,0,R8631e4727f,C4ad71c0f06
34,0,Rc3a5f60f07,C97f16489e3
34,0,Rd763b0c812,C40b4c57b61
34,0,R6933748c76,Cf3930c9ef3
34,0,R387a78395f,Cc7ab405151
34,0,Rb7cfedeff7,C4da80ce68b
34,0,R1f084b3c60,C49ef0127a8
34,0,Rc1b5eebedd,C7849fe1e39
34,0,R7bdcd3bb76,Cf80675f8f2
34,0,R8d364212cb,C71f88fdb71
34,0,Rde70e400a8,C4a3f961050
34,0,Rc78b0fd298,C356129142d
34,0,R3b6af61ca3,Cb90efcbd89
34,0,Rd5503bf7d3,C7addd16dae
34,0,R18e350c5fc,Cee2f43a2de
34,0,Rf31fa6a470,Cc8ab6852bd
34,0,Raee13cf0d8,Ccbec624ea2
34,0,Rd606fc23d0,C23873b9928
34,0,R54995259f7,C2b1756ab15
34,0,R1e61e22825,Ce6125d1c7d
34,0,R14a19958bf,C6761620fd1
34,0,R1950ff05d4,C8c274e1495
34,0,Rd8b3e6dae0,Cdedf5de035
34,0,R95f0daacaf,C561efe2e1d
34,0,R8ee330fdc0,C416e4c562e
34,0,Rb8ce11fcb1,Cee0fc1d349
34,0,R8543a66c88,Cf87f1c704f
34,0,R811817265f,C21f65f48d9
34,0,R30f4b56e67,Ca59ce2c8a0
34,0,R554e589723,C893eae6a34
34,0,Re3fd2edf65,Ccfdf6f11c7
34,0,Radd19b0c5e,C51ebeec463
34,0,R652bcb46e3,Cf35f4d6301
34,0,Re84904dd33,C466bccde62
34,0,R90e42285fa,C7f9fc86cf4
34,0,Rddf6657707,Cc6c22be8bc
34,0,R7246778240,C3e70efbbdc
34,0,R2f18791084,C7e26dd49d1
34,0,Rc933840fc6,C731be4561c
34,0,Rbc4857c51b,C03faff079e
34,0,Rc6e6217d8e,C01995ac520
34,0,Rff2a3b5226,C6a4a22c6f0
34,0,Re5ecd734ff,Cb9fc796c2e
34,0,R60bdf6f870,C7b32e9f2d9
34,0,Ra7a60aef6f,C630adc5526
34,0,Rd45c9a0431,C709ca8d0ba
34,0,R8e0fee2847,C54b2857f3b
34,0,R45791541b9,C3550d2d12b
34,0,Rf6fc9e0864,C8c9d849772
34,0,Re49e65fc7d,C936f748e21
34,0,Rac41652e60,Cf0aab75877
34,0,Rd5039945d3,C2333d4028b
34,0,Rcd64e53542,C0cce9caa86
34,0,R0bfd2e527c,Cfc0dde3f8b
34,0,R1a8956006e,C340dcf036b
34,0,R4cd055fbf0,Cf1a0ddbb64
34,0,Re2f435788b,C814846ed6e
34,0,R9e64db9190,Ca5b42ee870
34,0,R902de784ce,C70d47f271d
34,0,Re3f0199b32,Ca68bdb1915
34,0,R84ca97d005,C4a0fdb2e6a
34,0,Rd3604cc376,C384d80e991
34,0,Rf294786445,Cc173a33e2b
34,0,R77576a27bf,Cd47a57633a
34,0,R7d15dbc488,Ca0d6cbed7c
34,0,Rd00220b0c7,C380091b357
34,0,R06ddc1c139,Cec81ac6c0f
34,0,Rb90e49bfb8,C0da43da206
34,0,R5b63af8663,C384d80e991
34,0,R2569a959a9,Cf75549e4fc
34,0,Rb59ab43306,C70d47f271d
34,0,R8d151c94ac,C4a0fdb2e6a
34,0,Re9a06e6321,Ccc2430b66c
34,0,Reb5971d3c9,Ca5b42ee870
34,0,R3cca755e4a,C4b9f3b9cb3
34,0,Rdb4fdb2a87,Cc173a33e2b
34,0,R5be13742d0,Ca68bdb1915
34,0,R7626f99401,C46313c55de
34,0,Rf0279e43f6,Cdc6af2e306
34,0,Rce79f61b34,C0b9aed07fe
34,0,Rfa9b4a0cf2,C6d3b4f468f
34,0,Rc01d4fc39f,Cf5330943bb
34,0,R41676b8a34,Cd64228e383
34,0,Rc68de98a75,C3befa7841d
34,0,Rf1d8c0db16,Ca0372dc1af
34,0,Rd956fb9e13,Cc1e4f73cd9
34,0,R3c4be5e3a0,C738cc709e8
34,0,Ra1104ae3cb,Cf2c2ba1f94
34,0,R8ceae1156b,C0af17b5e13
34,0,R49edc6ca50,Ccccbaef391
34,0,Rc5e7890f3f,C7f8e058ef5
34,0,R75a81a6d30,C41c730c65f
34,0,R8f804c9aa0,C85af95a5a9
34,0,Rea179b5855,C703c7e4645
34,0,R5416e57634,Cd47a57633a
34,0,Rd087a02915,C39ef081ad5
34,0,Rbc34be3dc5,Ce4ed1aec1a
34,0,R9c1fd8b7ce,Cbb5801a795
34,0,R03ef95e49c,C36f54a0205
34,0,Rad6a4264c4,C270d23523a
34,0,R7c4aade7fb,Cd835bca18e
34,0,R61c211f14d,C411ff209fb
34,0,R50d45e08a4,Cd3f718e6c7
34,0,Ra9fcea10be,Ccbbb782bfe
34,0,R1009bdef0d,C2063d18e5e
34,0,R156b9d3f31,Cacc93f543e
34,0,R28419d682e,C53e0b109bd
34,0,Rd7843676c3,Ca8141f8bdb
34,0,R6be9d8ae8e,C10bb40645c
34,0,R6fb64f597d,Ca0efe8ec07
34,0,R3a9d9003e1,C42e0846f62
34,0,R27a7729302,C1c97f68ca1
34,0,Rce716f446a,Ccee6261b5a
34,0,R1ff3cbd264,C8711a4c09e
34,0,R1250de816e,Cbf5a0c16e9
34,0,Rabab301ac4,C6820acc189
34,0,R5ee63601c3,C99401eb50f
34,0,Raa276ca008,C9c4d5ee065
34,0,Re3872bb89b,C2eb298212b
34,0,R94ba54a960,Cc4527199f0
34,0,Rbcf4571598,Ce84646918e
34,0,Rf2b18ffb93,C866d549cbf
34,0,R9347730707,C66ee122265
34,0,Rc303c515b7,Cba9827162f
34,0,Rfea0d66561,C3bd7f33ae7
34,0,R8bcba3e5ad,C749b5b478d
34,0,R87436ba1b8,C7b627eade8
34,0,R7bedc90ac9,C3dbd487715
34,0,R2305bca064,Cf0e9166884
34,0,R8ebb3c8cdf,C42f55a569b
34,0,R2961142538,Cb6fdaf209c
34,0,R04413717a7,Cd2d37e4b51
34,0,Rc13e1df55b,Ca999305461
34,0,R964e393ab1,C0cc64c2521
34,0,Rfb8a82155a,C3bb3e227f8
34,0,R4690f36188,Cead35d3320
34,0,R75a030b5e1,C6b2dc0ed61
34,0,R47232f24f8,C24b8ea3f07
34,0,R8b257ef7a7,C4180f79b3e
34,0,Rb2040e58e1,Cfd1ceb9f1e
34,0,R5ce8d0ba85,Cd9ee404870
34,0,Reae6bc9237,Cba6c978874
34,0,R80e21f239e,Cb1860f25ad
34,0,R173df135af,C5b911e6a34
34,0,Rf29d2125a9,C63b1f2c61a
34,0,R7f98820c41,Cab7c09c757
34,0,Rcdba545cc3,C040e1bdba2
34,0,R9d17277317,C5838eb2516
34,0,R27aaccfe49,C001e5ff42d
34,0,R348a171456,C393317ca27
34,0,Rf8ec220325,C90d3ce37c6
34,0,R886059e501,C7d0c644fb6
34,0,R32141efceb,Ca794ea1ea5
34,0,R117cf2d5d1,C3468f04403
34,0,Rb2017acbf7,C5e2875eca1
34,0,Re6492115c1,Cb65085deee
34,0,Rf70f6d28be,C709e10162c
34,0,R9dccadf93e,C45629c4215
34,0,R97b48446f3,C7feb06835c
34,0,R658e9564dc,C3920bb7abf
34,0,R2741ed8165,C2193e4537d
34,0,R9360ab7dea,Cda0912594b
34,0,R497c62c01b,C83aa587dda
34,0,R502262a95c,C04d3b6f9ec
34,0,R9b515584f1,C0216bca2d1
34,0,R466cf9cabe,C3df6ae5b78
34,0,R450582df83,C0919c543ae
34,0,R85492f5136,C5d7cef81ed
34,0,Re46abeaa4f,C40f7cbb76e
34,0,Rdca51334ad,Cbe3f69e9df
34,0,Rb10fa5ef5e,C9a6635ad42
34,0,Rf9caa0b2a3,C1bfddacf0e
34,0,R043ff35224,Ceaaeae21c6
34,0,Reac081642e,Cbb6945cebb
34,0,Rb0d7ea913b,Cac15ba7ea9
34,0,R6aa2839a83,C4e64ce3279
34,0,R14d7b208a4,C27a3ac62ec
34,0,R5aa47e930c,Cd5fab24137
34,0,R1957abf0ae,C5e4a6ea30d
34,0,Rc821213463,Cbb42fe4025
34,0,R34bda00ffc,Ce7d5197ecd
34,0,Rcf062f6ad7,C5f347e3e88
34,0,R26f4dbfb2f,C6d358d26d2
34,0,R971720fa87,C037af272bd
34,0,R0ea3036801,Cd3a2e1cb4b
34,0,R98d76a26be,C3e1c9a841b
34,0,Ra3096b2c31,Caea63ded8e
34,0,R2357017280,C2bf247a79f
34,0,R86a91e1860,C0bb2cce65c
34,0,R758d35dda9,Cdffd5b1626
34,0,Ra65c546663,Cd2509e1529
34,0,R6928dfcfd5,Cfdb10aae7f
34,0,Rcc902a68b2,C89f3fc36bc
34,0,R1ef3f585a6,C303076086e
34,0,R659f7d3c64,Caef02eae1c
34,0,R705e58eb19,Cc0c0da00b4
34,0,R7fecad935a,C2db5d33805
34,0,R64ab15d233,Ccf914d03bf
34,0,R04b9b9a527,Ca98c2fd7c1
34,0,Ree4b1e45e0,Ca12b791b14
34,0,R954609d1c3,C80af5aad1a
34,0,R4b10c3c168,Cbfa03ead7a
34,0,R96a3252b05,Cf074335c83
34,0,R5c4158f5eb,C3b406230b3
34,0,R3e0368607c,C72a0596a0f
34,0,Rbd88f2d5ad,Cf19a048961
34,0,R00cb4ae801,Cfc6dca62fb
34,0,Re6461e6498,C804ceee239
34,0,R623006933d,Cbc3d1f1065
34,0,R1df5678f84,C36a2588d76
34,0,R8920609d17,Cb7cf678b64
34,0,Rf8650bb3ab,C22eb6cf30f
34,0,R63e6d76831,C93572e5965
34,0,R8219617e4c,C69dcedec6b
34,0,Ref590ffe6f,Cf2cdbe5c0f
34,0,R20d779b8cc,Cf92e5f783a
34,0,R352bdb655f,Cf3737913dc
34,0,Rcfdb206ae7,C9ca06c4ff1
34,0,R4d36624381,C0ac75a44e3
34,0,Rf5134784e5,C7e72fa39de
34,0,R499698065a,C60fe7334ad
34,0,R3ced5861d7,C2bb0a51204
34,0,R8b641878c7,C8ebee12392
34,0,R5fcedd9c4d,C9dbf8bd21f
34,0,R3f741f0197,C0ef03a5ca5
34,0,R8c86d955d7,C71c1cfd34f
34,0,R1bfbf7459b,C749ee9c6f0
34,0,Rb8be4f0d26,Cd323498f70
34,0,Re633fdbf97,C52ff817b62
34,0,R893b795b5a,Cf201825efa
34,0,R1cd6ed96e7,Cd8853e9430
34,0,R116eec9a57,C80dfd9befc
34,0,R12b5b2a2a1,Cc94ee8a75e
34,0,R6b11a2df1e,Ca2e0ce259e
34,0,R4380bda003,Ce28caacd4e
34,0,R2676cc22e7,C91eef56a2b
34,0,Rcd26a862d7,Cc4123e614b
34,0,R4999a85528,C7cfcf5e685
34,0,R4123a62532,C0cb9341734
34,0,R1bb0931231,Caaeddf39c6
34,0,R0730765161,C3530e0d8c0
34,0,Rb1e43b41ef,Cbddb99688e
34,0,R488bfbaee1,Cb7e4640608
34,0,R3e5469c7e9,C6c6f8d88a3
34,0,Rd80404729f,Ca061eafd8f
34,0,R0413baeb7a,C8ed4ce1f08
34,0,Rf3c89d9395,Cff631a7bf8
34,0,R5b59472bed,C1e34d364ec
34,0,Raf8febfc50,C7aa6625ff0
34,0,Rcdae2a9ac5,Cabec8e40ff
34,0,R7bc9f7a24f,C984e862115
34,0,Rac137a7392,Cd0c843c22e
34,0,R00d4579e5a,Cd259935f01
34,0,Re06d372b4b,C5af30a5005
35,0,R156b9d3f31,Cacc93f543e
35,0,R7bedc90ac9,C3dbd487715
35,0,R50253ab58b,C039dd536f2
35,0,R9b178e18e7,C6d57b4cce1
35,0,Ra9f18483b8,Ce5c6da15d0
35,0,Rb9168a8bad,Cc3d1798bfb
35,0,R9a3882d502,C322868b708
35,0,R8d151c94ac,C4a0fdb2e6a
35,0,Rc563ac9509,Cc871c78977
35,0,Rb4f6b5fb12,C32446e2ad6
35,0,R3a9d9003e1,C42e0846f62
35,0,R3e37dd0a88,C088d6b58f0
35,0,R8863e81bb2,Cf6d562c3b2
35,0,R06ddc1c139,Cec81ac6c0f
35,0,R9c1fd8b7ce,Cbb5801a795
35,0,R9337f41d57,C5af30a5005
35,0,R2236f6b01b,C2bff1502cb
35,0,Rf7de44cd7a,C63064cb5e2
35,0,R2569a959a9,Cf75549e4fc
35,0,R057d3e6bcf,Cda8b06a655
35,0,R35857846a9,C81d5c642ba
35,0,R4399e47f1d,Ce6b2d70c30
35,0,R906d99f60a,C89719162c3
35,0,Rf62ddc4a5a,Ccc430863bc
35,0,R6a6bc58c55,Cee82554036
35,0,R86fa189be1,Cff911e0b0c
35,0,Rc319e9a5c8,C4fc60a7052
35,0,Re8a6f2bbec,C85449ba710
35,0,Re8085841e6,C34343c3b84
35,0,R7230453185,C43ee33aa65
35,0,Rdd6b93a2dc,C94e23d2571
35,0,R8bcba3e5ad,C749b5b478d
35,0,R480d1b559b,C79a1c0b847
35,0,R0cd9f2fbbd,Cd28c1b3f43
35,0,R75a030b5e1,C6b2dc0ed61
35,0,R47c687fa4e,C621f26e2b7
35,0,R7d68cd0ebb,Cf6198c8f46
35,0,R9d5c2f8668,C56071fe9ea
35,0,R47bcdb6cd0,Cba1668dee9
35,0,R94ba54a960,Cc4527199f0
35,0,Re0a6618b40,C350e60f040
35,0,R5c208425e5,Cdea9e2cbb1
35,0,Ra86e5e0492,Cc6df75748e
35,0,Ra838eb0f67,C8f6cec4624
35,0,R1ff3cbd264,C8711a4c09e
35,0,R81fd5f149c,C8c6d75435f
35,0,R117cf2d5d1,C3468f04403
35,0,R47232f24f8,C24b8ea3f07
35,0,R9dc822d8d8,Cb8a26e4bc3
35,0,R87436ba1b8,C7b627eade8
35,0,R2305bca064,Cf0e9166884
35,0,R9360ab7dea,Cda0912594b
35,0,Rd54d229526,C5997532e8e
35,0,Raf01301c1c,Cc764659b20
35,0,Rfce3f3ba76,Cb5d316db33
35,0,Re3872bb89b,C2eb298212b
35,0,Rc821213463,Cbb42fe4025
35,0,R9a1c199bf0,Ccf55dd1515
35,0,R9ff21d0fa1,C1887c5dfb4
35,0,R9afb705321,C1323c28b66
35,0,R14d7b208a4,C27a3ac62ec
35,0,R96499bc381,C9cb862643e
35,0,R348a171456,C393317ca27
35,0,Rf2b18ffb93,C866d549cbf
35,0,R84d115fb41,C3f3be2f8a0
35,0,Rcdba545cc3,C040e1bdba2
35,0,R971720fa87,C037af272bd
35,0,R7226612213,C0c0ce6af5f
35,0,R5906a9080d,C94fe26d343
35,0,R387ebc334f,C776968287e
35,0,Rd1e555e5bf,C0c9387cc27
35,0,Rf380163195,C1221eec5ea
35,0,R26f4dbfb2f,C6d358d26d2
35,0,Rae4685e3a1,C6535ff9e96
35,0,R13743ab4c4,Cb0f4afa9b5
35,0,R25b994f7e5,Cf92998c491
35,0,R1b6d0d3062,Ca9506391df
35,0,R3647d35470,Cbcb3d6c153
35,0,R7ec4e62821,Cfea1c10958
35,0,R7fecad935a,C2db5d33805
35,0,R6928dfcfd5,Cfdb10aae7f
35,0,Rcd26a862d7,Cc4123e614b
35,0,Rd461caae1e,C7d56469a13
35,0,R9b515584f1,C0216bca2d1
35,0,Rf9caa0b2a3,C1bfddacf0e
35,0,Ra17d5e3806,Cdd274d88bf
35,0,R450582df83,C0919c543ae
35,0,R1d5e690b63,Cd74cfe2b76
35,0,Red56af38ca,C44c2536f4f
35,0,R623006933d,Cbc3d1f1065
35,0,R886059e501,C7d0c644fb6
35,0,Ra545cb0752,Cad6d455063
35,0,R8f3d456bcf,C88e339324e
35,0,R8c95f5a543,C9b40118c7b
35,0,R32141efceb,Ca794ea1ea5
35,0,R6e87255aa4,C98b9877c27
35,0,R1ef3f585a6,C303076086e
35,0,Rdca51334ad,Cbe3f69e9df
35,0,R63e6d76831,C93572e5965
35,0,R86a91e1860,C0bb2cce65c
35,0,Re0622645d7,Cf2fb65ac85
35,0,R7bbca4f965,C0f6c2e7b0b
35,0,R4be54c4076,Cfae99ddd04
35,0,R33aec020bb,C4ff58e221a
35,0,R672c7fbc87,Cffc38fd25c
35,0,R1226102911,C484d685ab6
35,0,Reb7b80476d,Cf5be38dc05
35,0,R8b257ef7a7,C4180f79b3e
35,0,R5d2d37d709,Cd245d99bf3
35,0,R04a2173ea9,C2cfb629677
35,0,R0e59479321,C9d9542def6
35,0,Rd9e2fddc79,C8faf96f22a
35,0,Ra52297be75,Ce297d3f283
35,0,R8b641878c7,C8ebee12392
35,0,R97993e4abc,C5c0860541e
35,0,R6eeea6c16b,Ce2106e3021
35,0,R5b2144371a,C0b5efe0125
35,0,R374b48fe1a,C6e82749c5e
35,0,Rf5134784e5,C7e72fa39de
35,0,R758d35dda9,Cdffd5b1626
35,0,R4800b4c833,Cda43677b66
35,0,R6b11a2df1e,Ca2e0ce259e
35,0,Re119d2542c,Ca7fb685d61
35,0,Rac311aa333,Cc26591a0e4
35,0,R3265757b26,C89e83a75ec
35,0,R0ae952774c,C45ebc94236
35,0,Re1baed8c41,Cfc82614219
35,0,R4045e6af7d,C74b8fea5e0
35,0,R98d76a26be,C3e1c9a841b
35,0,Rb8be4f0d26,Cd323498f70
35,0,R36fa86cde3,C7f8f3f6f70
35,0,Rd32e664a83,C9080b12605
35,0,R862535669b,C95f840a874
35,0,R4d36624381,C0ac75a44e3
35,0,R9f376f3749,Ca8ae5668f4
35,0,R8c86d955d7,C71c1cfd34f
35,0,R58846c7a88,C4cb12853e1
35,0,R1bb0931231,Caaeddf39c6
35,0,Rae665f5e9a,C85ecf47300
35,0,R02e2c4c094,C974f07121c
35,0,R7384132b4c,Cb89a08b731
35,0,R88f194c4b3,C560392bddf
35,0,Rbab6e0e3fc,Cb7c0cfb529
35,0,R9a610c8d7d,C373c5ef7ef
35,0,R872baaf60f,C2d653b1208
35,0,R13c51d024c,C0e42eee652
35,0,Rca16ebbfba,Cd37daf11bd
35,0,R9eed55751f,Ce784a94234
35,0,R55e164d09a,C521b929a94
35,0,Ref3de2b292,C4a2aac02ad
35,0,R8a7c49c562,C1782e9d730
35,0,Ra110cbdaca,C2bad32e78d
35,0,Rd0850b3c98,Cf1adc24829
35,0,R1e56e3ed68,Cf60f56716d
35,0,R567949e0f4,Cfa110afe7d
35,0,Rb3a081082b,C68be751ac0
35,0,R95988364bf,Cb250f4c60e
35,0,Rd678e43dcc,C7f37d7193c
35,0,R7ee1e7231b,Ccae514083e
35,0,R1651fd2201,Cda24d69d8b
35,0,R97aeffc5cb,Cdf43fe003d
35,0,Rc12030b342,C73944d1b05
35,0,Rc0cbf5fa98,C15ed4cd117
35,0,R2479cc2bc9,Cd2976d5174
35,0,Ra06caadfa7,Cbd112a41c4
35,0,Rb340fc997e,C192db57cf6
35,0,R579de63b94,Ce01cec84c5
35,0,Rcd5967ce92,C25af43f9a3
35,0,Red5549b4a1,Ccf5eda5fef
35,0,R7bceae0e1b,Ce41b6bef01
35,0,R5de8589b98,Cbbfac9ad06
35,0,R181af83b0e,C8649274a9a
35,0,Rec7d275bf4,C9b4c01bd7f
35,0,R348b7b11e5,C89ab953725
35,0,R221f5d8de4,Cfc11a6a4b4
35,0,Rc5237999fa,Caf31d24bda
35,0,R631fad6dfe,Ccc253cdfb3
35,0,R060a753f78,Cc4e718e59e
35,0,R1ed0decfce,Cb9e221710a
35,0,Rf921b98c25,C9a5bac5807
35,0,R95e670e1ed,C29bae93681
35,0,R5d10d2d7c2,C624fe1cf15
35,0,R90a1b8b251,C327e1375c1
35,0,R3d81c4c531,Cf083448b91
35,0,R6c88d98357,C639960e293
35,0,Rae7909d0c7,C6c2676aaeb
35,0,Rc18dcab027,Cc76a1f259c
35,0,R0e51173cd8,C041206addd
35,0,R2086cbbc44,C0a1133c456
35,0,Ra04ffc8e27,Ca020d55fd6
35,0,R740a826b0c,C9a6635ad42
35,0,Rf3db06d634,C8245b07114
35,0,R2667c8eedd,C5efe710fee
35,0,R6dc12649d1,Cc94ee8a75e
36,1,Rba6ffc3894,C3e2a334ff6
36,1,R6fb64f597d,Ca0efe8ec07
36,1,Rb83ee31a76,C8000985cd2
36,1,R42436f7fee,C9224fb7ee1
36,1,R6a92180b89,C076ef7bcd8
36,1,R252e6e7b95,C70b2db99fd
36,1,R8bcba3e5ad,C749b5b478d
36,1,R839e1eb76e,C4a03a156e2
36,1,Re481b5a794,C71d1d867a2
36,1,Rd2596d7942,C8245b07114
36,1,R3a9d9003e1,C42e0846f62
36,1,Rb2fba14f51,Cfef1fc4a97
36,1,R9360ab7dea,Cda0912594b
36,1,Rac327d8e79,Cbaa114c286
36,1,Re575929338,C91ae8cf18f
36,1,R5bbb16846f,C457bded1c7
36,1,Rcafd13a0f6,C7c1e219e39
36,1,Rcc2c7974bb,Ca03e73143a
36,1,R472c10068d,C79356a33bb
36,1,R835977315b,Cbbc229f181
36,1,Rb7c87c05d1,C2bc1376a0e
36,1,R5775c124d4,C83d12e6f09
36,1,Rcbae8bdf7a,C2b502ae355
36,1,R27c2cf99b7,C8cce3964c7
36,1,R22d70bee02,C335542476c
36,1,R3ced5861d7,C2bb0a51204
36,1,R1e2874a134,Cc3948f7bbf
36,1,Rac46464c97,Ca4303326ce
36,1,R374a874b4e,C73ff2f0c41
36,1,Ra50ebeae76,C1e29a17f58
36,1,Rafb301af14,C175c22257d
36,1,R56acea1e0d,C01dd0b4b6a
36,1,R9d25211250,C4d8cc185c9
36,1,Rc56e47cee6,C7f266a273d
36,1,R973b576c4e,Cd4e0a6ec0d
36,1,R1e9504bde1,C82a3639520
36,1,Rf6eef06f84,Ca2ba76e827
36,1,Rab0c94c4fa,C3fb71bfc03
36,1,R2bdb93f691,C476466573f
36,1,R385a0ced0a,Cce3c80d584
36,1,R92dd936250,C5b34251db4
36,1,Rf9caa0b2a3,C1bfddacf0e
36,1,Rd763b0c812,C40b4c57b61
36,1,R16bd06ce04,Cbafd89020c
36,1,R78adf8cf02,C5312e0103a
36,1,R86fa189be1,Cff911e0b0c
36,1,R2e0ebc20b8,Ccd82cc7597
36,1,Rcd2cff0eb9,Ccdd114c2ab
36,1,R954609d1c3,C80af5aad1a
36,1,R4999a85528,C7cfcf5e685
36,1,R7e672d831e,C67c7b0814d
36,1,R1ef3f585a6,C303076086e
36,1,R04a2173ea9,C2cfb629677
36,1,R1b2020fcc4,Cd554d0e9ed
36,1,R0d6247ba4d,C34e8bae74f
36,1,R75a030b5e1,C6b2dc0ed61
36,1,R3e0368607c,C72a0596a0f
36,1,R117cf2d5d1,C3468f04403
36,1,R886059e501,C7d0c644fb6
36,1,Re0a6618b40,C350e60f040
36,1,R262da439bf,C08c0cabf64
36,1,Rad5470d885,Cc2d7f452bc
36,1,R273d51979c,Cc9fe8ae7ae
36,1,R6fe4c6bebc,Cc83bf1252c
36,1,R8f8ba0bc74,C968a7f0643
36,1,R1f2270fe6c,C7207ec4844
36,1,Ra5787e3ec5,Cf82e8a7b7b
36,1,R33cfb51112,Cb7dadcb7f0
36,1,R4045e6af7d,C74b8fea5e0
36,1,R633fc129eb,C19bd8f1059
36,1,Ree6ec19465,C0706c68ee9
36,1,R636b0fd424,Cf9ddbd35b1
36,1,R04d50701f9,C47e2e9d61d
36,1,R510b4bd330,Cb2cc203a2d
36,1,R42a003128f,C809b41aba0
36,1,Raee13cf0d8,C6f9acfd2b5
36,1,R811817265f,Ca0cc1e3c07
36,1,R11e2ba471c,Ca3ea6abd3f
36,1,R68cf949e4d,Cda68e2fa39
36,1,Ra1e9531320,C16b190a73c
36,1,Rbb5ed888a9,C992c922655
36,1,R004f7aea32,Cefd7ab36c0
36,1,R2d96106564,C3b2018750a
36,1,R1dfe393912,Ca8e39db762
36,1,R95f0daacaf,C561efe2e1d
36,1,R4cd055fbf0,C966a594b1d
36,1,Rff2a3b5226,Cedb744910d
36,1,Rec9b5ad7e1,Cef078a163f
36,1,R18e350c5fc,Cc24ff4d582
36,1,R3962a206fe,C58a54cc401
36,1,R3955b62586,C597feaedf6
36,1,Re9f3a2b960,Cba2142158f
36,1,R7246778240,C3e70efbbdc
36,1,R554e589723,C893eae6a34
36,1,Rf533bda535,Cdd914644a2
36,1,R4b9063b3bb,C1a3eff2826
36,1,Rd73c10c7ef,C55b9e3222b
36,1,R607d83503c,C0cd3b5efba
36,1,Re5ecd734ff,Ca1f9399309
36,1,Raf76623885,Cb10e20d2e8
36,1,R94750307a4,C308e20ed5a
36,1,R49940ef904,C4e1493be29
36,1,Rf8ab7715dc,C102e28dc1f
36,1,R64191a3add,Cbbd1810ab8
36,1,R8740d0b62c,C48db909241
36,1,Rfe97220311,C91313edd34
36,1,Rc9a20dddcc,C608ca581a6
36,1,R49fd8dea91,C9dc8e972a6
36,1,Rf816e6d4c9,Ccca964c009
36,1,Reee35ae182,Cc035a7adaf
36,1,Rf5123f9e39,C438040fdfa
36,1,R323e93428f,C03bd727324
36,1,R450d5ad9d5,C39fdbefc3d
36,1,R9a2962bd1c,C441f524483
36,1,Rfe7995d9d1,C82b30f629f
36,1,Rda8d619220,Cc1da3030af
36,1,Rfd06aec653,Cd2572ce521
36,1,Rb22c03b765,Ca97ca2ebe2
36,1,R908b0ca1ef,C5d057d22b4
36,1,Rb09b5b2561,Ca82d658690
36,1,R2643a129ed,C328594ac63
36,1,Re24f864d5a,Cedf632fbbe
36,1,R109a6f0ae2,C01229c8d35
36,1,R7a08811b28,C67ae0ba392
36,1,R9188401576,C1b65ec8171
36,1,R26656afde4,C9045ca4128
36,1,R1a061d5cfa,C530f8033d3
36,1,R36d0137052,Ca30714c126
36,1,R826841efca,Cc6c61673dc
36,1,R84ca97d005,C4a0fdb2e6a
36,1,Rb10c6a91ac,Ca62d8909da
36,1,Ref4ef25d95,C58634a84e5
36,1,R9f92259b3b,Cb355bc9d17
37,1,Rc24a5571da,C3f876502d6
37,1,R19d6420af6,C47e410a7a8
37,1,Rbba08006eb,Cb1789f496e
37,1,Ra93f9ece1f,Cf15c4ce560
37,1,Rd43c97d4ab,C4def66a974
37,1,R61cb474a43,C75942782cf
37,1,Rc13e67c666,C65e59f3093
37,1,R95988364bf,C9a832fc279
37,1,R1083b5b539,C5f8692f93f
37,1,R4a0802a501,C1369b8e789
37,1,R96088f1af9,Cab2eb34344
37,1,Rb0ed14fb8e,C3db542537f
37,1,R4b31e03514,C2ef879ce52
37,1,R4687b4ef82,C38acae8c6d
37,1,Rdd293c4055,Cbc837e2c7b
37,1,R13bf1d17d2,Cac589cf49e
37,1,Re01578125b,C68a5790efe
37,1,Re3fd2edf65,C1362d42530
37,1,R6279a29c23,Cfdcbb1be81
37,1,Rfc29755f07,C4e54de8e2b
37,1,Rc20cb8dfb0,C24657d27c8
37,1,R9d2d467698,C2376dfa9bf
37,1,R348b7b11e5,C26ac405dbf
37,1,R715937c29d,Cca5359c322
37,1,Rba8fd181e8,C8380cb3c25
37,1,Ra626a682f3,C768e222517
37,1,R6c88d98357,Cffe8a150c9
37,1,R4a16381425,Ce0cd05db02
37,1,Rf921b98c25,C6026677942
37,1,Re783da8c85,C91f7cee37b
37,1,R0a9ffa80a0,C63364ab7c0
37,1,Rc2a03e00bd,Cc0d57bfaf1
37,1,R61411f73b5,C462136b407
37,1,Rf7107fa758,C231ac17aec
37,1,Rec7d275bf4,Cb7a47bfade
37,1,R567949e0f4,Cfd1a249153
37,1,R97ff9d970f,C8298b21a55
37,1,Ra110cbdaca,C90c33cdd21
37,1,Ra06caadfa7,C87e2a4178d
37,1,Refc4965065,C962408d69a
37,1,Rdd5074aad1,C225b329f2a
37,1,R579de63b94,C68a49cd0aa
37,1,R7ee1e7231b,C44791dc74a
37,1,R603198ca59,C6c522ba288
37,1,R95e670e1ed,C4435fbd7e8
37,1,Rfe2e3252e7,C3c980ac71b
37,1,R469302e10e,Cb62d30df1c
37,1,R6e2cc6a00a,C25e38775cb
37,1,R9f3222c821,C64355efa3d
37,1,R25b994f7e5,Cbb4d46dbba
37,1,R4e97e9b47e,Cdc33b9cb9f
37,1,R5548fa304e,Cc2a7cb25e1
37,1,Rd77a10b6a3,Cdb4ec5e4e6
37,1,Rb6413ee38c,Ccecf83a33b
37,1,Refd185c576,Cb5a0d5f126
37,1,R20ca7a3d0a,Cf20a1d0684
37,1,R84cba68cae,Cada4d9f923
37,1,R535310487e,C9e2d19cd5f
37,1,R5df73c8ba1,Ca9e90d6a95
37,1,Rf39e1cfc13,Ca35b297a1d
37,1,Rf006617d4d,Cfd61b73c92
37,1,R969ecc7d8e,C0c6074c873
37,1,Rcdf079fa7b,C6152779d92
37,1,R81e575592b,C50c6fd8302
37,1,Ra838eb0f67,Cfd6f2e1b35
37,1,R8bcba3e5ad,C14066a2e2e
37,1,Rdcb8dbd7ff,Ca5f9f9ce47
37,1,R90a20a61b6,C3dbba1c0b5
37,1,Rdca51334ad,C16d078a478
37,1,Rfa2661d7cc,C44a121820f
37,1,Re859fdd2d7,Cb8e5f9538f
37,1,R623006933d,Cce91d20ccd
37,1,R6164c74e66,C4e9e749955
37,1,Ra32e1c4cf3,Caecc2cbed0
37,1,R959e664088,Cd21f67d467
37,1,R4b376c46da,C049ea3181b
37,1,Rbb3893270d,C5f45cfd91d
37,1,R64bea7054c,Cf62b369799
37,1,R8bd07890ce,C3068416e17
37,1,Re3ce8efab7,Cc1e63a2382
37,1,R58936d6e3f,C86f5c06cbf
37,1,Rbb009e76b0,Ce90cb62fb2
37,1,Ra1d1c82330,Cbf470420b7
37,1,R0efc706624,C187f067662
37,1,R36f81b5408,C74487c5f4d
37,1,R0e094e25eb,Ce3a84da2c3
37,1,Rdd55c5755d,C498b007bcc
37,1,R031d65487a,Cf4f16c5a9b
37,1,R9f661a74f6,C39a4eb323d
37,1,R9fc4014b9b,Cef1f1b6988
37,1,Rff82bdcd17,C032839643a
37,1,R8c86d955d7,C7879280369
37,1,Rdff9573bb3,C8ac9c54cab
37,1,Ra545cb0752,C336a941a0b
37,1,R7fcbc398b2,C0014b09e4b
37,1,Re3cf5e6458,Cab59aaa2f4
37,1,Re6d06f27f3,C445bb9580a
37,1,Raddf29b1b4,C20739ebf8c
37,1,R1b6d0d3062,Ceed449432c
37,1,R5ece5d3394,C77dbf41168
37,1,Rab428355ac,Caace40872c
37,1,R472c10068d,Ced011b60de
37,1,Rc23c8549af,Cef74a280c7
37,1,Rc723147a4c,Cb80ea24722
37,1,R33aec020bb,C810a97000c
37,1,R161b99ddf7,Cb77cddc1ba
37,1,R04a2173ea9,Ccb1953ba98
37,1,R75a030b5e1,C6d9fa9cd32
37,1,R1ef3f585a6,C0c1e0b50b6
37,1,R14001db411,C4c5f987b13
37,1,R8b257ef7a7,Cbc6edc41af
37,1,R74973f6119,Cd9e394632d
37,1,R2bdb93f691,C8347b94500
37,1,R11b14eb040,C28f08a3a1f
37,1,Rd3e5cce00a,C7a113d819f
37,1,R3ced5861d7,C988e7d673c
37,1,R264d76027a,C0bb718cdcd
37,1,Ra20eee0bf6,C2bd39d8aff
37,1,Rb25fcc776b,C1df4237637
37,1,R84beed1b12,C28551cb348
37,1,Rdf9e3190aa,C51682d9c34
37,1,R74b2f18977,C8d5c8263f0
37,1,R0ae952774c,C42521af7d0
37,1,R08f78a714d,C53b8ad28c7
37,1,R20d7d9778d,C27602d765a
37,1,Re0622645d7,Cc1d902d1df
37,1,R7ea6bd8609,Ce524c53fbc
38,1,Rc7989aacae,Ccf30371fff
38,1,Re5b5890ed4,Ca67ab4574d
38,1,Rb4f6b5fb12,C8796c4ca2f
38,1,Radece755fe,C35536cf867
38,1,Ree5092a8ce,C1dfe8d3e18
38,1,R9a3882d502,Ca16038628e
38,1,R75a6912332,C6fc86b5de5
38,1,R2ff532d564,C3fc965f9f0
38,1,Rdaa9ba9c76,C466a9f7fa2
38,1,R37f6ba379c,C9ef6eaf27f
38,1,R5d2d37d709,Cbff46ae341
38,1,R1f699e5d67,Cd9f5d78b5d
38,1,R08e2075e39,Cf34aa40051
38,1,R8968446e5d,Ccffd558771
38,1,R1e49a17aff,Cfaea601057
38,1,R25b994f7e5,Cbb4d46dbba
38,1,R58113ea58c,Cb07086b6af
38,1,Rc13f2b919b,Ce7f35925ee
38,1,Re8085841e6,Cbe991749ae
38,1,R34d751f998,C12ef36dff7
38,1,Rcadf513fee,C7c1b95a830
38,1,R6e2cc6a00a,C25e38775cb
38,1,R75a81a6d30,C97049bbfe7
38,1,Ra65c546663,Cb2c2eac155
38,1,Rcd26a862d7,Ca82ef1f0e6
38,1,R969ecc7d8e,C0c6074c873
38,1,R7bedc90ac9,Cebbc79a713
38,1,Re4e91050ae,Cd8e23b21b5
38,1,R0a797fece8,Ce7f9cedc86
38,1,R23752bb4aa,Cf62f7d4233
38,1,R91cdecf4f4,C296d17cf5a
38,1,Rd9f222ccb6,Cabe7fa2b0c
38,1,Rf992e1257f,C8977be49c3
38,1,Rb10fa5ef5e,Cbfcdffb60b
38,1,R3187d1485b,C4544899472
38,1,R8bcba3e5ad,C14066a2e2e
38,1,Rab428355ac,Caace40872c
38,1,R9337f41d57,Cd4a91c551c
38,1,R2e81a0a555,C1be6cf18f7
38,1,R245248307d,Cbf8a553573
38,1,Re8a6f2bbec,C0a47d9044d
38,1,Rcdf079fa7b,C6152779d92
38,1,R959e664088,Cd21f67d467
38,1,Rd54d229526,Ca888328667
38,1,Ra32e1c4cf3,Caecc2cbed0
38,1,Rb10ec6f5ad,C1670de91da
38,1,Rb7bab838ba,C59d2c778e3
38,1,Rea7bb64000,C36b4c753e9
38,1,Rdca51334ad,C16d078a478
38,1,Ra97d738fc7,C9226b874b4
38,1,R36f81b5408,C74487c5f4d
38,1,Rd4eb26cf8d,C1bef7d6460
38,1,R8f5fbb24b2,Cda2c833d6d
38,1,Rbb3893270d,C5f45cfd91d
38,1,R387a78395f,Cc0d5709358
38,1,R7947f217a3,C13ea676118
38,1,R8219617e4c,Ce113df5c3f
38,1,R9f661a74f6,C39a4eb323d
38,1,Rca3496b9c8,C950afaee6c
38,1,Ra838eb0f67,Cfd6f2e1b35
38,1,R0ba27d6348,C886d4fba61
38,1,R96a3252b05,C316d3f17c5
38,1,R623006933d,Cce91d20ccd
38,1,R84396dd78f,Ca98a38c868
38,1,R1fc7aeeb1c,C704e40a008
38,1,Ra4671823b2,Ce75c98d58b
38,1,R0efc706624,C187f067662
38,1,R915ade3eb6,C92bd419f7f
38,1,R0e094e25eb,Ce3a84da2c3
38,1,Rbb009e76b0,Ce90cb62fb2
38,1,R13743ab4c4,C9f913cc08e
38,1,R389d3d14dc,C313f5d74d0
38,1,R92dd936250,C69ef52021c
38,1,R04a2173ea9,Ccb1953ba98
38,1,Rfb1661b34f,C85b9937fb9
38,1,Re6b43c5867,Cd360b805fe
38,1,R8c86d955d7,C7879280369
38,1,Rcf062f6ad7,C825f3731dd
38,1,R58936d6e3f,C86f5c06cbf
38,1,R7fcbc398b2,C0014b09e4b
38,1,R3fcece5f23,Cfb862f25b0
38,1,R8144dc5745,C6e7274fadb
38,1,R4329489f32,C9b09f1fc94
38,1,Rff82bdcd17,C032839643a
38,1,R24b0c7feb7,Cf0bce5c619
38,1,R6167a06a50,Cc44fc0c779
38,1,Rf91c03bbea,C9e6dd7cc2c
38,1,Re0a6618b40,C70ad6d7d05
38,1,Rc23c8549af,Cef74a280c7
38,1,R273d51979c,Cf48c7c652b
38,1,R5906a9080d,C8a5b3838b6
38,1,R61647a7a71,Cce5617e139
38,1,R1b6d0d3062,Ceed449432c
38,1,R4d8af4ec89,Ced41e900a7
38,1,R42a003128f,C054fd9f399
38,1,Rdf9e3190aa,C51682d9c34
38,1,R0deb59d80a,C6652afc521
38,1,Rf8e65eee65,C38ec14b5d2
38,1,R29a52a804a,Cce3d926beb
38,1,R09d20fe0fb,C1b52b02b79
38,1,R0ae952774c,C42521af7d0
38,1,Re942b91eca,C6229cbf7dd
38,1,Rb7f0d2cba6,C9a5910a8cc
38,1,R59c4c5da57,Ccf90b501f9
38,1,Rdffc1ea487,C080a040758
38,1,R973b576c4e,C5bc300302b
38,1,R1ef3f585a6,C0c1e0b50b6
38,1,R1bfbf7459b,Ce7e4d960b2
38,1,Rf5134784e5,Cf39a609ee3
38,1,R8c8fff857c,Cdc498d60cc
38,1,Rd3e5cce00a,C7a113d819f
38,1,R8dbe644886,Ce055cea960
38,1,R667243e949,Ce3addbfd0c
38,1,R20b91afd06,C9251aa4f81
38,1,Re46abeaa4f,C6fb51b2351
38,1,Rb25fcc776b,C1df4237637
38,1,R7f28d2ebfc,Cf2691aca21
38,1,Ra1287b65f1,C41516411ae
38,1,R74973f6119,Cd9e394632d
38,1,R2600dc5e8e,C039482423d
38,1,R94ef9e6df2,Cb83b023fe4
38,1,R83a3730936,C5a32a1612b
38,1,Raddf29b1b4,C20739ebf8c
38,1,R264d76027a,C0bb718cdcd
38,1,R7ee497be50,Cf75b919e85
38,1,Re37e512238,C3b2ee1a17d
38,1,Re704ab66da,C9e614fc1ab
38,1,R9509abdb63,Ca69b72047e
38,1,Ra5787e3ec5,C37c2e3dd20
38,1,R4556e3ae54,Ca86b84c904
38,1,Rec7c0f6b97,C9852d50a59
38,1,Rcd7c58b6ad,C38d739e0ec
38,1,Re730e34aa8,Cd8a07047ac
38,1,R53cf920924,Cf7785cd806
38,1,Rce0a6102ce,C3435b132a2
38,1,R47a91f275c,C24ce4216b3
38,1,R99742e4e29,C41253ed102
38,1,Rec9b5ad7e1,Ce94d465339
38,1,Rc5237999fa,C4bea763832
38,1,Rbb5ed888a9,Ce4f1863785
38,1,R54995259f7,C569a4acdbf
38,1,Rf38742eea8,C3eeb2af369
38,1,R004f7aea32,C574507abf6
38,1,R68cf949e4d,C2d8b5c9812
38,1,Rf727d5be07,C6f81d00eed
38,1,Rcc8ea3a0ac,C9b1dd02c83
38,1,Rec30ce512b,Ce573f8c508
38,1,R4cd055fbf0,Caff9a4a962
38,1,Rf533bda535,C8223aa6503
38,1,Ra81d31c036,C2bca8762ef
38,1,R51f8d7dde0,Cdb964fae4f
38,1,R323e93428f,Cdfa26dc5f9
38,1,R4fb64c89d1,C3de844cdf8
38,1,R9e2263949f,C6ef6365fac
38,1,Rf816e6d4c9,Cad14a4efbc
38,1,Re5ecd734ff,Ca4fcfc6bd2
38,1,R586753009e,C4f0dd6ae9d
38,1,R4b9063b3bb,C39f90224d0
38,1,R2420f034b4,Cec50165a11
38,1,R11e2ba471c,C6609016391
38,1,R3696ed7a28,C18480d1ae0
38,1,R1ca653c9a8,C14fcab31ea
38,1,Rb7d79de821,C16e36681ee
38,1,R3962a206fe,C253eeac199
38,1,R9a2962bd1c,C89382f445f
38,1,R488bfbaee1,C63b89a2f51
38,1,R1cc7a8e173,Ca902424ed6
38,1,R7d4745987d,C46e964ceb8
38,1,Rb2e0fed720,C1089ad2a19
38,1,Rab5d036f06,C1d8f4b8211
38,1,R7da61da281,Cca5e2a7c1f
38,1,Rce0d6bf130,C88f9b6f1e5
38,1,R2d2ff5863d,Cc651f3dd8f
38,1,Raf76623885,C544e606ca8
38,1,R964bad6baa,Cacff841644
38,1,R3d81c4c531,Cb28198f79a
38,1,R790434e6ed,C783bd2b188
38,1,Rc50c86872b,C2c8365e580
38,1,R253ace1bfc,Ce127c170fb
38,1,R5e7144e67e,Cac0f8a784f
38,1,R729af36a37,C7277b601dc
38,1,Rf58ee4b526,C255c7582be
39,1,R06ae4a0c91,C278ee6da09
39,1,R51a8288d51,Ce38fae2327
39,1,Ra3f0d01c91,C3c3be6c0f3
39,1,R49072cd5a1,C3aea0df25b
39,1,Rb4f6b5fb12,Cd500d2ec32
39,1,R8eed16a17c,C7a61fa0f83
39,1,R6150aca106,C2a853f251b
39,1,R8bd07890ce,C4941edc31f
39,1,R7838a22da3,C2a4a7f87bd
39,1,Rc1c955fe78,C4b278cc2aa
39,1,R6a6bc58c55,C2c2652bc60
39,1,R6560a13be0,C2ef199f85d
39,1,R2e5bf4cdac,C795fd79c4f
39,1,R42ea1ab051,Cd0011c6be5
39,1,Rca46e00892,C1518eca370
39,1,R37f6ba379c,Cc43d8bb032
39,1,R44150e2ecd,Cf51cd018b2
39,1,R8bcba3e5ad,Ca9ec0239d5
39,1,Ra1317fca2d,Cfb77d3fdcb
39,1,R1c8b3a3e08,C5336d37f61
39,1,R399517b9a8,Cfbc8a861fa
39,1,Rd150275f9b,C584fec33b6
39,1,R20ca7a3d0a,C6a42ae343a
39,1,Ra65c546663,Ca6e9e95e73
39,1,Rf5b6ecd6b0,Cd629307e05
39,1,Rcf5b58676d,C871d2ccc4d
39,1,Refd185c576,C47ed33271c
39,1,R43edd22bab,C497299aaf9
39,1,R9ff21d0fa1,C04a71d7eb3
39,1,R9e3d94aba1,C04652fc6e5
39,1,Rfb8a82155a,Ce9868c00ab
39,1,R62f7c579e6,Ca2ed153ee3
39,1,R4b79120b38,C99ad3551dd
39,1,R1b69c2c430,C221deb4032
39,1,R19b6f9ca95,C6704b0c6eb
39,1,Rcadf513fee,C3feab0f839
39,1,Rb747206401,C63f1a16d1f
39,1,Rfb4da864af,C45578a02d2
39,1,R5bbb16846f,Cb2ae69f1d1
39,1,R42071cf341,C951a83b18e
39,1,R445911eddb,C96418eea4d
39,1,Rb9c9eac8db,Cdd5a9dab4e
39,1,Rd18b93d71f,C1e3ad80f32
39,1,R39f4d4ae66,C9f4290a331
39,1,Rf641384098,Ce166779a34
39,1,R0fe4dec38a,C6d833f7d3a
39,1,Rca96d2d1f6,C8181ec7abd
39,1,Reef4ed4609,Cbdb7da6334
39,1,R50dcee35e4,C402af977c3
39,1,R2cbe591092,C096215a98c
39,1,Rf09adbd278,Cb73ec4fa38
39,1,R12ac8997dc,C99602a0c48
39,1,R53a26702c9,C5db03f0146
39,1,Rfec65179be,C7bb37c9bce
39,1,R7f50c5afaf,C32457682b5
39,1,Re44fa5cfbe,C52fd9ac7b3
39,1,R3187d1485b,Cdab9c57755
39,1,R7947f217a3,C7f6b4c54a3
39,1,R64bea7054c,C1c6128f1b4
39,1,Rd00220b0c7,C2e2f4c8ab7
39,1,R4d91f940e5,Ca3eba85011
39,1,Rcf062f6ad7,C486eae2824
39,1,Rdb6ab94ea5,C6d5909e180
39,1,R4800b4c833,C59b05d77aa
39,1,R6e2cc6a00a,C85701b3114
39,1,R52a709b0d8,C963d00f69c
39,1,R969ecc7d8e,Cbbd90414b2
39,1,R10b282d444,Cfb9940f3de
39,1,R03f3eacb34,C523c86a4c5
39,1,Re4289bea92,Cb1635cb2ac
39,1,R26f4dbfb2f,C39ba798c93
39,1,Rb7c87c05d1,C41081b6902
39,1,R7b0155f2ba,C76a5c9a29a
39,1,R1ef3f585a6,C3cd074cce2
39,1,Ra838eb0f67,C02b00014b5
39,1,Rd91c9bb984,C0baa38e24d
39,1,Rdfb8dda500,C099fc29e8a
39,1,R2257917919,C4f0c80232a
39,1,R980dd2db61,C6bb231206c
39,1,Rce716f446a,Cf9fb7c04f4
39,1,R3ad4b67bc5,Cd3f088d3c4
39,1,Rcdca28777f,C999ec5469a
39,1,R9a2d95a6ec,Cba69dd689d
39,1,R343ef54bb9,Cd6168668b0
39,1,R60e778ee0b,Cba3d68fc11
39,1,R0efc706624,C0bba0e648f
39,1,R097594e6ce,Cbcc4ec662b
39,1,R96eb969513,C12e97d82f5
39,1,Rc8fdf582fc,C204ae8190f
39,1,R7f28d2ebfc,Cf26ba297d6
39,1,R7c797860a8,C647214fcb5
39,1,Ra52126140d,Ca6fa4fef9d
39,1,R3e0368607c,Ce97ebb1da6
39,1,R8eeb2f319e,Cf01546b100
39,1,R54a9287dec,Ce506fd2c80
39,1,R8d151c94ac,C1d7114b811
39,1,R25a60fb6d3,C9bcfecdb78
39,1,R35d7389b9d,Ca1c118a6b2
39,1,Rc3fa6a54c5,C8ce35c3f11
39,1,R5548615a50,Cae02d4e76f
39,1,R3ced5861d7,C25413c3d06
39,1,R5906a9080d,C2ff3f60a17
39,1,Rc4e5b8446d,Ccd12d1c95a
39,1,Rf8658bf0b2,C9e57281ce8
39,1,R447ebd88d0,Cee87ba7b5f
39,1,R51806b09c0,Cb677d24fb8
39,1,Ra52297be75,C5cf4d7f918
39,1,Rc1f1565431,C09c64a2fd5
39,1,R103443c6f8,C27816471d8
39,1,R273d51979c,Ccef372b016
39,1,R597f09ce87,Cf3ce940c50
39,1,R5b740725e4,Cebf79518c6
39,1,R3e37dd0a88,C4b1aa0669d
39,1,R5e31403d13,C33a9d8f33b
39,1,Rbb416f6454,C9e3462b363
39,1,R9a94f725fa,C3f4495e0c7
39,1,Rb76607bd15,C6d8f80552a
39,1,R2f0f7953f3,C64a6c0ec6c
39,1,R8b641878c7,C9bfe0ff755
39,1,R6bc71eae90,Cd1b3e4e87c
39,1,Rcc990bcce9,C09ccf6981f
39,1,R525966da34,C3c765b6f4e
39,1,R1e724911e8,Ca931176a51
39,1,R4406f5efda,C19a567c7d9
39,1,R202033795a,C06e1a10f7c
39,1,R107d9ceed0,C6890777efe
39,1,R9337f41d57,C87f7a34ed9
39,1,R25386e683a,Cee4230a2b2
39,1,Raa7bcbd95d,Cccca5b0aae
39,1,R262da439bf,Cda1672296a
39,1,R4ead1c18cd,C7ad32316b5
39,1,Ref9707b126,C1f5f78bfa1
39,1,R9dde896440,C44a02a0f3d
39,1,R9d92c42e56,C2691232e02
39,1,R74b2f18977,C2a11cc62c2
39,1,R09d20fe0fb,C19899ea972
39,1,Rdf513cdb5c,C97419b6e71
39,1,R0deb59d80a,C4318b36103
39,1,Rfadc5bbb52,Cb0b1b19db7
39,1,R08f78a714d,C7a5a06dead
39,1,Rd3f4ea849c,Ccf02110e8f
39,1,R3be457ac0a,C4a8e39856f
39,1,Rd3e5cce00a,Cf1b2a4540b
39,1,Ra3a6715b38,Cf58585bca2
39,1,R585164b61c,C6e9816f442
39,1,R96b257b2a8,Ce40f9db5c1
39,1,R92dd936250,C8b54ded2f7
39,1,R8631e4727f,C720079cc3a
39,1,Re400b0b568,C942d9dea44
39,1,R20b91afd06,C639151685f
39,1,R04b9b9a527,C5360a69121
39,1,R457917eac2,C4f308b7824
39,1,Rca3496b9c8,Cfeb33229d1
39,1,Rd116568444,C31a2d8b88b
39,1,R1c59c069bf,Cfcff4562f5
39,1,Re8cb2e6e7d,Cd5d9c489d6
39,1,R70c8910c88,C56b6a581c2
39,1,R264d76027a,C23d76fc98c
39,1,R04a2173ea9,C1c8a464842
39,1,R387a78395f,Cf0682b9d98
39,1,Rc563ac9509,C496df78108
39,1,R80234a0f2d,C6e553c9fc4
39,1,Rf2e56f6508,C947ffbb1ca
39,1,Rfd64f62036,C5439c9bd9a
39,1,R33756b542d,C8406776e3a
39,1,Ra5c85e9b65,Cdf62717d9a
39,1,R9ff426efb4,C7fda5c4d3f
39,1,R0ae952774c,C6d3b5d11e9
39,1,Rfde5910618,C2224288c89
39,1,R00f60996ec,C5d553d9ae3
39,1,R7fcbc398b2,C8f268c8a2f
39,1,R407f61b100,C7f81e5d600
39,1,Rb9876a14d2,C6ba7724aaf
39,1,R0a3b0057f8,Ce465a28a67
39,1,R0e59479321,C03493dc92a
39,1,R4123a62532,C6749f2671f
39,1,R577e2fd5ca,C63c71fde86
39,1,Ra20eee0bf6,C6699a6956e
39,1,Rc9fa47213b,Cc485a5f526
39,1,Rd7f43ce65c,C6d6abd1374
39,1,Rd67eaca9c1,C8808b31be5
39,1,Recd48822fb,Cb9add107fb
39,1,Rcadb64c6d4,C078ee20aa7
39,1,R218000cb54,Cdd1ea9388d
39,1,R97aeffc5cb,C7f40b696d1
39,1,R54a9cab90f,C326e7b3a79
39,1,Rf182046950,C6ef3cbc739
39,1,Rbf98fd0344,C86ed4a83a6
39,1,Rcb32cf6547,Cf286db35ac
39,1,R4a1ccef2b5,C904e0c923b
39,1,R15ac7769a2,Cc10d82a0b7
39,1,Refad68d8c3,C32d956efff
39,1,Rcd4af6a648,C2144702d00
39,1,Rd5aea2f133,C7bdf928456
39,1,Rec6a91e4b9,C3afb234a17
39,1,Rebdaeafa03,C7cabe9c1ff
39,1,R22502974b7,Cd02fe055cd
39,1,Ra4d7bc4760,C35bb1ea18a
39,1,Rc0cbf5fa98,C8813ef84f9
39,1,Rc5237999fa,C0cc54cecd9
39,1,Rb340fc997e,C0a1bd6bd36
39,1,R47dc2439ba,Cd594152d13
39,1,Re8e22579f5,C351520fee3
39,1,R4f4fa39151,C40f4080ec9
39,1,R2153f5750b,C93316c3581
39,1,R470d2a6e4e,Cf73932f4ca
39,1,Rbe0e8d5b76,C8df717f06a
39,1,R733ac36ce8,C06005f9618
39,1,R7a470b8e4a,C32ae19500b
39,1,R8fd7bbd960,C0cc35f3621
39,1,R3412f80b94,C0bfbdf854d
39,1,R6269467f72,Cee335da96c
39,1,R301eb4dd22,C5e22026e04
39,1,R73abc962cd,C77ad34197e
40,1,R3405d04b5a,Cded35af4e6
40,1,Rcadf513fee,C3feab0f839
40,1,R7947f217a3,C7f6b4c54a3
40,1,Rb49d44348f,C0b8a4b5b1b
40,1,R37f6ba379c,Cc43d8bb032
40,1,R39da15ed9d,Ce8f71f8267
40,1,R4078d8c52f,C1ea7bb3080
40,1,Ra3a6715b38,Cf58585bca2
40,1,R8eed16a17c,C7a61fa0f83
40,1,R6164c74e66,C7fa19f64df
40,1,R91a762c332,Cb0df6bfca7
40,1,R08bb1e4a8c,C4c17002d69
40,1,R3dc46878fa,C67abd1646f
40,1,R252e6e7b95,Cec2f0d9f71
40,1,Rc3fa6a54c5,C8ce35c3f11
40,1,Rce716f446a,Cf9fb7c04f4
40,1,Rd8e74d8077,Ca9c8a049b5
40,1,Ra09d2a88db,C2117ac30ce
40,1,Re3c46efe14,Cb8305229fc
40,1,R0f510d7b12,C318160b558
40,1,R04a2173ea9,C1c8a464842
40,1,R91d67e113a,Cc6b76055ac
40,1,R40730e0850,Cbf1f7a7069
40,1,Rca96d2d1f6,C8181ec7abd
40,1,R26f4dbfb2f,C39ba798c93
40,1,R86fa189be1,C5d49a7b959
40,1,R1ef3f585a6,C3cd074cce2
40,1,R08fac31b68,C36ab4559f8
40,1,R0ed74dde3f,C960b387b88
40,1,Ra838eb0f67,C02b00014b5
40,1,R5906a9080d,C2ff3f60a17
40,1,R91df0cde85,Cc268d84222
40,1,Ra50ebeae76,C6f7785c017
40,1,Rcf062f6ad7,C486eae2824
40,1,R343ef54bb9,Cd6168668b0
40,1,R9a1c199bf0,Ca61b498b5f
40,1,Ra3ad86d067,C4681cc0d42
40,1,Rb0d7ea913b,Cf236b621c7
40,1,R5b740725e4,Cebf79518c6
40,1,R69c24740c5,C5e2b3af2cd
40,1,R5c207c632b,C3cdd55d910
40,1,R9337f41d57,C87f7a34ed9
40,1,R8b641878c7,C9bfe0ff755
40,1,R16bd06ce04,C9ee1a75a5f
40,1,R385a0ced0a,C4103989a69
40,1,R67e8b039c6,C3de0f00eff
40,1,Rb39539b548,C08eb3a8446
40,1,R4406f5efda,C19a567c7d9
40,1,R314c742854,C1927a93d08
40,1,R6bc71eae90,Cd1b3e4e87c
40,1,R0efc706624,C0bba0e648f
40,1,Ra4671823b2,Cf4b4708ccf
40,1,Rb4d122d95e,Cb3eae89350
40,1,Rfadc5bbb52,Cb0b1b19db7
40,1,Rbb416f6454,C9e3462b363
40,1,R4800b4c833,C59b05d77aa
40,1,R4d6a0306d5,C5f7b6a91b2
40,1,Rc78b0fd298,Cfb40bea6f6
40,1,Rd3e5cce00a,Cf1b2a4540b
40,1,Rc563ac9509,C496df78108
40,1,R6c84326625,Cf49d046a12
40,1,R2600dc5e8e,C3debc69c82
40,1,Rd0b27b5eea,C02af4b2f91
40,1,R0deb59d80a,C4318b36103
40,1,R3ff8fe2a75,C44280e506d
40,1,R7c53c16242,C85b9713c5d
40,1,R9e2263949f,Cd2143a85a2
40,1,R202bb930d6,Cf846d6d538
40,1,R1b028d088a,C2665006b66
40,1,R9162262362,Ccbcef65ffd
40,1,Rab6501d2ab,C50a23c7b60
40,1,Re108de9a73,C1eca964392
40,1,Rdd293c4055,Cbc837e2c7b
40,1,Rbf97d3a29b,C85cc5ef588
40,1,Re9dcc57584,C51ad74902a
40,1,R978167408a,Ccd228b620a
40,1,R39a4b41b81,C90078415d7
40,1,Rdfc2211121,C850521aa08
40,1,Rfc2f8b7268,C004f582523
40,1,R4b52d9be6a,Cf7f95e3638
40,1,R86d9927121,Cb390b9f626
40,1,R3fef3623d8,Cb917f8b7ab
40,1,Re01578125b,C68a5790efe
40,1,R3987367627,Cf0b30a5aec
40,1,R2280b50034,Cd57b9cff1f
40,1,Rd74d0a3d51,C50d17a953a
40,1,Ra6d47c2305,C43f526f5cb
40,1,R37aaa95e49,C74f69206bb
40,1,R16dbd7b63a,C722de4f691
40,1,R6babfac3b6,Ce5909344d9
40,1,R686af2e1e3,C297d85412f
40,1,R004f7aea32,Cdcefe55812
40,1,Red7b56404c,C59f65ad713
40,1,Re5edff2d2b,Ce7cf8837f8
40,1,R1ca653c9a8,Ccfde19736c
40,1,R2ea889cec8,C39631fce7a
40,1,R5902f0f943,Cd17fce577f
40,1,Rddf6657707,C57dad53880
40,1,R035b514f3f,C1ab1ee212d
40,1,Rb2f788acd7,C2d7e38d580
40,1,R9019e5da57,C5668a298f1
40,1,Rb3c6f98665,Ca5c45a911f
40,1,R15e096567c,Cebbe7f47cb
40,1,Rc386dd4ea2,C0cb2543bce
40,1,Rcecf046dd5,C1e58931faa
40,1,R63a1121c61,C384f6116f2
40,1,Rffee80f3e0,C7397dc04b4
40,1,Rcb34a6f57b,C787c439b53
40,1,R180fc456fd,C947e043828
40,1,Rf07d73ee5c,C6a7d5bf39c
40,1,R3482230eec,C63bc62da8d
40,1,Ra2d6d71bcf,C962bc9557a
40,1,Rdaa569a08b,C2f7fe47003
40,1,R2cd67bc78f,Cd9a2488acb
40,1,Rcd7628b5b1,C952efe2086
40,1,R8dda0b5e20,Cbc903e79a5
40,1,Red50698bb8,C4cc2f045f6
40,1,R2aef030aa3,C3f85d08ddc
40,1,R34d037a232,C904491487d
40,1,Reb0e7a079c,C4be2731379
40,1,R7ee6f7d465,C00dd85253b
40,1,R96993649b6,C218709f07f
40,1,R6650cf4c54,Cf2eef9252b
40,1,R3d5a2898ae,Ccca124c09e
40,1,Rfe0086af34,Ccadf10c9db
40,1,R138f1a77e8,Cc2a46501fa
40,1,R1a4be0d833,Cc01416d349
40,1,R4cd055fbf0,C79e5005673
40,1,R363f0aa3c9,C243b0e6f44
40,1,R0e0fe755a0,Caff01e708b
40,1,R70b98d9bad,Ca2f73b8fe0
40,1,R9a2962bd1c,C38a02badd2
40,1,Rdd93e4127b,C91364e502c
40,1,Rec7d275bf4,Cb7a47bfade
40,1,R4630019053,C72d47c9ffb
40,1,R5a8ebfa685,C5294439aea
40,1,R26e978db93,C8b8b642214
40,1,R195c23b38b,C155b3f99eb
40,1,R2d6871cbc6,C767b610249
40,1,Rd606fc23d0,C30fa0787e7
40,1,R4de6c9de8a,C16f7d19211
40,1,R755819757e,Cbcf664b891
40,1,R2420f034b4,C0f4614e066
40,1,Rfd06aec653,Cf1b1382368
40,1,Rc32fbfd150,C57061d4087
40,1,R8c1f4fcbfe,C13374a58ec
40,1,Re9a3ef00dd,C1d417d2c8a
40,1,R26656afde4,C772ffa28ea
40,1,Rdd0999d4c0,C396c67a671
40,1,R1be20c3c1c,C1c63497788
40,1,R36d7ef5fff,C5e6c338e45
40,1,Ra496beb77b,C6370298a29
40,1,R42eff491e7,C4fae2a3e35
40,1,R04e059741f,Cd9c726dbed
40,1,Rc5c6934bc2,Cfcc719c8c9
40,1,R0dd9b5895d,Cb6cdf5ecd3
40,1,R553f918195,C18ceaea340
41,1,R4ee457d17a,C959f695e49
41,1,R0377b95a21,Ce0c951ad4e
41,1,R43ba1ecac7,C941110c437
41,1,Rf31865e00b,Cc42b991b4b
41,1,Rb9de0a0211,Cdca8cee98a
41,1,Rc5237999fa,Cd8341c0f10
41,1,Rc0cbf5fa98,Cd9f1a53f0a
41,1,Rf182046950,C4875989ad4
41,1,R55c2c4d036,C4b620437ec
41,1,Rd16ffadd7f,Ca2be03bb3e
41,1,R4af2a80351,C38c6876dda
41,1,R4c4fc65974,C6bf2b9e64a
41,1,Rd22deaf237,Ce4145cb557
41,1,R7b8eeda0fc,C39ab8066c5
41,1,Re960b9090e,C6755dbba11
41,1,R31bf47f8ef,Cbafc1e0f07
41,1,R00caef9d6f,Cffb090df9a
41,1,R4fb11d7929,C4f600e45c4
41,1,R9ae9d34398,C97c4c12963
41,1,R3c79e18443,Cc016ccc1d1
41,1,R62ce4b94ec,C6c522044e4
41,1,R41f78d653c,C929d5b0775
41,1,R2bd62a3907,Cd32bcfc32e
41,1,R6fad45a8f9,Cb09ba4d012
41,1,R642125c071,C7c6f45fc04
41,1,Rbbaa9ec145,Cd57bdc62e4
41,1,R585f996e20,C5199ff6691
41,1,R964bad6baa,Cafdc5f4a49
41,1,Rdfee0133bc,Cc2cc2df430
41,1,Ra7ae7972aa,C241c310c9e
41,1,Re3a8abad71,C53f782daf2
41,1,Rdaa0f2925a,Cb027d95416
41,1,R97aeffc5cb,C853fcf85bd
41,1,R2b195b9406,Cdd633592f3
41,1,Rd975309fed,C0e43b31116
41,1,Rcca70cb3ad,Cf869f073c3
41,1,R1221b58c5b,C29a4382609
41,1,Rf3e43cce1a,Ceeef5cbb0c
41,1,R30ec97ef3d,C8e786b1cfc
41,1,Rd4e30cf675,Cb299f10bac
41,1,Rd31fd47299,Cbeb862b745
41,1,Rdaa14a60c4,C2d55d3a709
41,1,R0879935e75,C63b449e18a
41,1,R22f6f6f2b9,Cd4b3dda788
41,1,R5ada734412,Cea2aada3e3
41,1,R733ac36ce8,C901ba1895c
41,1,Rb7bc863262,Ccca02633d9
41,1,Re10f079ad6,Cf1f8953bbf
41,1,R80a3fc8450,C9523b7ce2f
41,1,R4d68612920,C000273c6fd
41,1,R1826be98c4,Ce9b864d887
41,1,Rdc8d6f0043,C67fe928dfd
41,1,Rbe9def09a7,C91cb22270b
41,1,R4a619238ea,C2dd67c06a5
41,1,R7decf316a4,Ccdcf702646
41,1,Rb3f875efc1,C1b62ad6072
41,1,Rfe6057ff01,C8429097bef
41,1,Rb4f6b5fb12,C714d3dd451
41,1,R67e8b039c6,Ca00f023f10
41,1,R70003a3467,Cbe583e1858
41,1,R9ff21d0fa1,C777845cf20
41,1,R12d646764d,C2dd67c06a5
41,1,R2630fabae4,C406a798e30
41,1,R8bcba3e5ad,Cd39de7103a
41,1,R43b1a0d491,C91cb22270b
41,1,Ref17745a92,Ca1e49e5d0c
41,1,R455f51c3fd,C2743052ca5
41,1,R1b0725cb8e,Ceab07e8496
41,1,Rfcb3ae6a19,Cce45bbb41a
41,1,R1b09149390,C833a3adb46
41,1,R01233d95a4,Cbc6a5d3adb
41,1,Rd99090e253,C9ff0f482bb
41,1,R6140279b34,C7fd2214ec6
41,1,Rb9376be728,C8484d0da2e
41,1,R54adc31c0d,Ccdcf702646
41,1,Re8e88ce759,Cba409ad5da
41,1,Rff25727bbc,Cc05e9730ce
41,1,R4b6614e149,C1b62ad6072
41,1,R7b0155f2ba,C09fb8cf979
41,1,Rd17a5f82f3,C17eeed43fe
41,1,Rc42fd01b74,Ce6170d6cbb
41,1,Ra65c546663,C2b161960dc
41,1,R07fe08cbf9,C8bf53313ae
41,1,R57bdbeade7,C8a21062ba8
41,1,Rc53d0efd85,Ca328c10e87
41,1,R6150aca106,Ce620ce760c
41,1,R36832da20e,C795df057d2
41,1,Rcee22f895f,Cbfec21600c
41,1,Re7bc953bf7,Ce42de92a1e
41,1,R965b1c5870,C8d49423dee
41,1,Rc49f8e8a29,Cca5876ff1a
41,1,R5e12cefbca,Cccfa866144
41,1,R0d1055663f,Cb26c0c5eda
41,1,R359cf91b35,Ceb605573cc
41,1,R3eb1fa5103,Cbc7366ca62
41,1,R544c9fe7f3,Cec662b8f78
41,1,R659daa0109,Cd17e913c7b
41,1,R959e664088,C1f85d35952
41,1,R7fecad935a,C7c478ac1f7
41,1,R5303aac2af,C7f179dea3a
41,1,Rfdb798b794,Ca62849772c
41,1,R02d6447197,C831e3b39db
41,1,R4ead1c18cd,Cffa5694b40
41,1,Rfbf5c12d40,Cba86dfd191
41,1,R04a2173ea9,Cb64ea926c5
41,1,R3187d1485b,C576cb0ec0d
41,1,Rb4375431d9,Cbf29bcd709
41,1,Rd056c2bf27,C156b5e6161
41,1,R9eeec34c13,C370e30e080
41,1,R2f3aa3b141,Cf79c7b8389
41,1,Ra838eb0f67,C1eb6864f24
41,1,Rd00220b0c7,C315fe3d20d
41,1,R270394f077,C3e7edb0ff1
41,1,Rc91381a9cb,C4d4f7355e1
41,1,Rcc5cb46007,C06e3c710e7
41,1,R6164c74e66,C82854ebb6f
41,1,R330ae12729,Ce314429779
41,1,R85f560ec2b,Cdbe07b0588
41,1,Rdca51334ad,Ca3a63b2edd
41,1,R73f6341487,Cb2ebb554b7
41,1,Ra231af2627,C1f3b999193
41,1,Reefb3980c5,C7eb7593136
41,1,Ra3a6715b38,Ccfd13a8d11
41,1,R457d4b1a48,C923944ad9a
41,1,R36353d49a4,Ce8067fb793
41,1,R94f3f51380,C82a0ccf3fc
41,1,Rc3fa6a54c5,C70ab897664
41,1,R922dce23b8,Cdbc749c851
41,1,R472c10068d,C3667384676
41,1,Rb12c89b951,C9f719389e0
41,1,Ra28f92ca6b,C71901df8db
41,1,Rb1e9e44bbb,Ce91b22348b
41,1,R788e89c851,C5eaa56b830
41,1,R4c482a5ad3,C8aa452a0a0
41,1,R1785928b8b,C1af0ba7df5
41,1,Ra590503cb9,Cc53a6b2136
41,1,R0789dafe0e,C21a8299c81
41,1,R032b232da0,C3b175b199c
41,1,Re90e7beb78,C7cbb98450a
41,1,Re575929338,C384e36f7bd
41,1,R29323b47d1,C705f6878af
41,1,Rb9876a14d2,Cf2da34866c
41,1,R0d33bb780f,Ca7e3835791
41,1,Re3e2344b60,C8b2201a6c2
41,1,Ra09d2a88db,Cee3fcd7c03
41,1,Rdb6ab94ea5,C19479a45d0
41,1,R6db0e75ed0,C980e4c0ccc
41,1,Rfb1661b34f,Cd7958626f9
41,1,R928dc06421,Cb074d52bf6
41,1,R55d6f68e8c,Cf5d2f42f2c
41,1,R08a68ead2e,Cf2759775a2
41,1,Rd7843676c3,C7a33a0397d
41,1,R33febff6f0,C145ff83b41
41,1,R7d3738266f,Ca465f491f4
41,1,R4ed12a9020,C2a36699fa7
41,1,Ra7195d8dfb,C83c6060bc5
41,1,R723981a6b5,C223ae77935
41,1,R8d151c94ac,C3b613a8fc3
41,1,R516fab22b5,C9d246fbbd1
41,1,Rf053113689,C8ac3abae72
41,1,R67817f43c3,Ca17fad2171
41,1,R0ed74dde3f,Caeba191715
41,1,R862535669b,C31ebce34c8
41,1,R6b11a2df1e,C2fb5ce9c06
41,1,Rc723147a4c,C16b046afe9
41,1,Rbb416f6454,C8bc4aaf508
41,1,R971720fa87,Cab7c469b6f
41,1,R325dc1ae16,Ce57a6513a0
41,1,R59419af843,Cc5e2c97157
41,1,Rbd0fe1762f,Cbb4294f190
41,1,Rdf974bf027,C221abb637e
41,1,Rb2cf6958c9,Cb63cc9f87b
41,1,R0f510d7b12,C36a3e96c54
41,1,R273d51979c,C364d3e82ee
41,1,Rcb05ec4094,Cc63c9a2338
41,1,R0faf6ffc61,C26c8260014
41,1,Rbb3893270d,Cc70abc8570
41,1,R8e4bcbfc50,C715d78dfd4
41,1,R7947f217a3,Cf75e1bfe1e
41,1,R659f7d3c64,Cece71da4ac
41,1,Rc1f1565431,C52784a35a8
41,1,R3ee291093d,Cafb3f2d017
41,1,Rd153d47065,C76044734aa
41,1,R23cf48d18b,C6586e59c71
41,1,R0456fe7ffb,C9be355baa5
41,1,R265333459b,C1e822b81f7
41,1,R24b0c7feb7,C6069424e62
41,1,R5501f42b8d,Cec653c6cfc
41,1,R3bc3125147,C9cb09b5a98
41,1,R02fc0cb1e6,C36f98456d4
41,1,R447ebd88d0,Ceceb5aead0
41,1,Rf9caa0b2a3,Cdddf3f00ef
41,1,R0b6f4cde3c,Cacfecbe502
41,1,R3be457ac0a,C07604aa77e
41,1,R0ec26fe759,C6d7fb43bb9
41,1,Rcfd95aa234,C2f9abf3ee9
41,1,R6bc71eae90,C8a66990c43
41,1,Rcdca28777f,C696861e9a6
41,1,R923252c9aa,Cc05bfc42f7
41,1,Rc34d90404f,C93f3cc77fc
41,1,R3fff07a8d0,Cfc3fed9c6f
41,1,R92df3f5860,Cfdc39130d7
41,1,R75a6912332,C2b03a7053d
41,1,R1ef3f585a6,C7b3c507e7a
41,1,Rd4be3cd14f,C592083dd21
41,1,R681d760533,Caf4b7d6eec
41,1,Rb67534f1e4,C92982ee663
41,1,R387a78395f,Cdf7336d435
41,1,R20b91afd06,Ce725218c04
41,1,R14d7b208a4,C4e486f15af
41,1,Rba705f56cc,Ced157c9b8f
41,1,R9c8d8417ee,C40ed3fa0c4
41,1,R8a2c7a9d0b,Cea4b59702d
41,1,R0deb59d80a,C942d2a2f00
41,1,Rfbd8dd3087,Ce3a88b38a9
41,1,Rd547fd2893,C490921cbc6
41,1,R8eeb2f319e,Ced7340019e
41,1,R98e9e8ffca,C39b4c62d28
41,1,Re87969cff3,Ce799c0be24
41,1,Rde70e400a8,C15ee56f015
41,1,R019736a8f7,Ce98d8d7342
41,1,Rc4e5b8446d,C8f0af9afff
41,1,R289dcb8284,Cae9c6be227
41,1,R0651123db7,Cb2270a3cf0
41,1,Rd15e458115,Ca0e26f5338
41,1,R81c5f130aa,C96b9180b45
41,1,Rece93f078d,C8a5d93146c
41,1,R99a042262a,C25acc301ef
41,1,R25386e683a,C755b542ece
41,1,R8b641878c7,C26ffcb3c0f
41,1,R450582df83,Cdb5fe9c1ac
41,1,R00cb4ae801,C007b661bbe
41,1,R4406f5efda,C3fdad4b207
41,1,Rd3e5cce00a,C20e9582afe
41,1,R906d99f60a,C9cfd7e0f41
41,1,R76b8a22130,C686d5d3d1b
41,1,R4bdf77a644,C4609a64de8
41,1,R9a686060dc,Cb5a033262f
41,1,Rc60fc18411,C6c129d6294
41,1,R980dd2db61,C71a86b83d6
41,1,Rf380163195,Cfa1bfff7a3
41,1,Rcf062f6ad7,Cd5d57c2092
41,1,Raa066908ed,Cecde3c99ed
41,1,Rac6d371af1,C24fab6ad70
41,1,Rb39539b548,Cb01e66e1bb
41,1,Rf8658bf0b2,C9fae52ffb5
41,1,R74973f6119,C84b1f6566b
41,1,R006b6e239b,C94114136b9
41,1,R8631e4727f,Cf8eae71ae9
41,1,R6024e918ce,C7037f382ed
41,1,R4be54c4076,Cf354470e65
41,1,R83fdad3dde,Ced324ae6c3
41,1,Rfadc5bbb52,C5b01a5db84
41,1,R4800b4c833,C0e8b640b86
41,1,R407f61b100,Cf0e4cfa129
41,1,R31dea43e4c,C4251145d37
41,1,R650c3f19d2,Cc489a32e23
41,1,R6b426bfb17,C8d426541bb
41,1,Rdbb7bb35ef,C0f2a347419
41,1,R9ff426efb4,C9bad53d5b9
41,1,R42f30684b7,C7068fc95c9
41,1,Rca3496b9c8,C6517c0b401
41,1,Rd116568444,C4fe9b723bd
41,1,Rfb9af4af71,Ce16977eaa8
41,1,Rb91382fbcc,Cd710a357dd
41,1,R5791cb2c59,Cc8ff68ef76
41,1,Rfde5910618,C6cdf43a740
41,1,R01b0f9db4a,Cb2accf529a
41,1,Rac06f1200b,C413d5cb260
41,1,Rb95af1e61b,Cb20bd450cf
41,1,Rd0c71f093b,C025f0a1365
41,1,Rb744d970d7,Cb36b2d7d47
41,1,R9f376f3749,C0ebef93527
41,1,Re8cb2e6e7d,C1f8bd8af46
41,1,R3c07a13a2f,Ccf9ec3ad87
41,1,R46be9a6383,C39016c00b2
41,1,Rd10d8367ea,Ce547004876
41,1,R8d38db4564,C079f617ec2
41,1,R09a36ededd,C8dd75a5498
41,1,R16a31c87da,C94468df3d1
41,1,R05ca0077c1,Ca9140772c2
41,1,R2e3e1f1bad,C6706233ea0
41,1,Rb99ac07a33,Cdf66552833
41,1,Rd8a3901ce9,C3c1069c36d
41,1,Rde6fda4863,C045daf84a2
41,1,Rd6528d20d7,C233e5ffa9e
41,1,Re154e22b25,Ca56f5ff5d4
41,1,Rb1e1619e8d,Caaaf1a3440
41,1,Rf7c4465295,Ca4e19510ec
41,1,R35b28e63ac,C7614ec260b
41,1,R7b2287df71,C676560b92a
41,1,R682a910ea6,C00da178fc6
41,1,R2b30dfe9cc,C9ff120df5f
41,1,R096ae58ca0,Ce6174bbf07
41,1,R5215483bbc,C0fbed55ea4
41,1,Rf9755f6b9b,C27e311959b
41,1,R078ce6d7c8,C5a56baad8e
41,1,R3c62ddc7b6,Ca859d1433b
41,1,R9e09c8efd7,Cbb555f7068
41,1,R1db728e775,Cfd135d03b1
41,1,R641405b10d,Cc177d28775
41,1,R71c1729de6,C16df774fec
41,1,R36d2028ac3,C6dfa58b28d
41,1,R348b7b11e5,C369c78dcd3
41,1,R5d4ae69987,C45293a204a
41,1,Re8fd5cb1fd,Cd6b06c3bd3
41,1,R1478bfe5c6,Ce2c55b4c19
41,1,R788818b4b8,Cd5ed6fc337
41,1,R96830e0b79,Cf0491c3430
41,1,Ra939ed7ebb,C3d7d650589
41,1,Ra06caadfa7,Ca61b7aeea4
42,1,Rfe6057ff01,C8429097bef
42,1,Rb4f6b5fb12,C714d3dd451
42,1,Re481b5a794,Cda013cfb17
42,1,Re0f450470c,C73b806f5d8
42,1,R8bcba3e5ad,Cd39de7103a
42,1,Ra9f18483b8,C64655c1ebb
42,1,R0d33bb780f,Ca7e3835791
42,1,R7fecad935a,C7c478ac1f7
42,1,Rc01d4fc39f,C63205771e1
42,1,R3dc46878fa,Cb2170080f6
42,1,R24a04107ec,C13a71bf333
42,1,Rb2fba14f51,Ce5595215a3
42,1,R6a01cf5f1c,C23916de756
42,1,R8b641878c7,C26ffcb3c0f
42,1,Ra7195d8dfb,C83c6060bc5
42,1,Rbae87ec710,Ca1ad1cd974
42,1,R1785928b8b,C1af0ba7df5
42,1,Rc723147a4c,C16b046afe9
42,1,R9360ab7dea,C0f786e3900
42,1,R959e664088,C1f85d35952
42,1,R67e8b039c6,Ca00f023f10
42,1,Ra231af2627,C1f3b999193
42,1,R54fbfedfa1,C26c48e2a90
42,1,Rfbb3c904f3,Cee49f90683
42,1,Rac7c1dfa96,C2c67a7e8fb
42,1,Rdc8ffad489,C6560649780
42,1,R6b11a2df1e,C2fb5ce9c06
42,1,Rdb6ab94ea5,C19479a45d0
42,1,R123f57d42a,C0659599814
42,1,R8d151c94ac,C3b613a8fc3
42,1,R117cf2d5d1,C182e559804
42,1,Rcee22f895f,Cbfec21600c
42,1,Rc17aafece7,C1db6253b66
42,1,Rd18b93d71f,C3904b81148
42,1,Rcadf513fee,Cbe98187be3
42,1,R0faf6ffc61,C26c8260014
42,1,Re90e7beb78,C7cbb98450a
42,1,R3ee291093d,Cafb3f2d017
42,1,R971720fa87,Cab7c469b6f
42,1,R045878eea9,C18d5ff0740
42,1,Ra838eb0f67,C1eb6864f24
42,1,Rbbb0540a71,Cb888c3af08
42,1,R6164c74e66,C82854ebb6f
42,1,R904bd82804,C78e1a20f5c
42,1,R4406f5efda,C3fdad4b207
42,1,Ra65c546663,C2b161960dc
42,1,Rbd0fe1762f,Cbb4294f190
42,1,Rb10ec6f5ad,Ca5b6a4c15d
42,1,Rfc2327f784,C5b2a776277
42,1,Ra3bb90405d,Cda006216a4
42,1,Red56af38ca,C7e4cf873ed
42,1,R5c11e6625e,Ccdb35babb5
42,1,R3187d1485b,C576cb0ec0d
42,1,R265333459b,C1e822b81f7
42,1,R472c10068d,C3667384676
42,1,R26f4dbfb2f,C25e3983b9c
42,1,R273d51979c,C364d3e82ee
42,1,R516fab22b5,C9d246fbbd1
42,1,R0ec26fe759,C6d7fb43bb9
42,1,R5906a9080d,Cf5aab4ec76
42,1,Rb89defcc11,Cf117770e59
42,1,R73f6341487,Cb2ebb554b7
42,1,R14d7b208a4,C4e486f15af
42,1,Ra09d2a88db,Cee3fcd7c03
42,1,R27e75c3d15,C6ddbf7e24f
42,1,R3f8ac128e8,C461bc9e1f9
42,1,R3be457ac0a,C07604aa77e
42,1,Rbb416f6454,C8bc4aaf508
42,1,Ra1e4b44817,C1d1f4a303f
42,1,Rc3fa6a54c5,C70ab897664
42,1,R325dc1ae16,Ce57a6513a0
42,1,R4af62a87b8,C67ec3e5f65
42,1,R3bc3125147,C9cb09b5a98
42,1,R8e036591aa,C385c1069a4
42,1,R161b99ddf7,C382755b105
42,1,Rdca51334ad,Ca3a63b2edd
42,1,R74973f6119,C84b1f6566b
42,1,R7aa1c35730,C65307c5ece
42,1,R359cf91b35,Ceb605573cc
42,1,R78adf8cf02,Ca21bf856b8
42,1,Rf9caa0b2a3,Cdddf3f00ef
42,1,R0456fe7ffb,C9be355baa5
42,1,Re575929338,C384e36f7bd
42,1,Rb9876a14d2,Cf2da34866c
42,1,R77c354bd3e,C6e8ad512f0
42,1,R7f9cf5a56e,Cc75d26d6c6
42,1,R1ef3f585a6,C7b3c507e7a
42,1,Rde70e400a8,C15ee56f015
42,1,R0789dafe0e,C21a8299c81
42,1,R0deb59d80a,C942d2a2f00
42,1,Rf0179b9d15,Cdcd0125af1
42,1,R75a6912332,C2b03a7053d
42,1,R9a94f725fa,Cdbc6aa254e
42,1,R895f526f56,C18b7ebe887
42,1,R0e59479321,Cde86ba6d7f
42,1,R63cd8c820c,C471aa0b3d3
42,1,Rfe5a4df500,C45307ebce4
42,1,Rba671b9505,Cec2843bc1f
42,1,Rd3e5cce00a,C20e9582afe
42,1,R99a042262a,C25acc301ef
42,1,Rfadc5bbb52,C5b01a5db84
42,1,R2741ed8165,Cc9acdcfba6
42,1,R55d6f68e8c,Cf5d2f42f2c
42,1,Rf53a355a96,C48ff3041cc
42,1,Rfbd4e87134,C495abfb0d2
42,1,R9ff426efb4,C9bad53d5b9
42,1,Raddf29b1b4,C82a2c5ec03
42,1,R0651123db7,Cb2270a3cf0
42,1,Raa066908ed,Cecde3c99ed
42,1,R0f9375dfcc,Cc061f324df
42,1,R897582facf,Cbbc0949aaf
42,1,R6928dfcfd5,C977d32dbec
42,1,R6b426bfb17,C8d426541bb
42,1,Re119d2542c,Ccf43afa997
42,1,R387a78395f,Cdf7336d435
42,1,R019736a8f7,Ce98d8d7342
42,1,R9a686060dc,Cb5a033262f
42,1,R6bc71eae90,C8a66990c43
42,1,Rf8658bf0b2,C9fae52ffb5
42,1,Rf8717aea18,C7e31cec77b
42,1,Rac15ca50c8,C46575dcfd1
42,1,R2f165c92f1,Ceed1133da2
42,1,R87723f2333,Cd9b81df424
42,1,R42f30684b7,C7068fc95c9
42,1,Rd04e566279,C2d83ec1b2c
42,1,Rf5e6ad5231,Cb69ccc4421
42,1,R95c88e4c08,C598ba6fecb
42,1,Rb9b9a3cafb,C2e620f0782
42,1,R7ba93446f2,Cfa21698125
42,1,R4123a62532,Cabb60147dd
42,1,Rdb38fa5e16,C35c96e22f3
42,1,Rb5a37c72fd,C5df369d8c6
42,1,R077ca2cb59,C8c5bea6132
42,1,R9546193075,C6c2ea5c586
42,1,R80e42b1349,Ce31f06dcd1
42,1,Rbeb66dea89,C412f6c5b14
42,1,R6b54817949,Cd6de38ec0e
42,1,R35e02548b1,Cb0857ca1f9
42,1,R6a0c9b5f77,Ca67185c05a
42,1,R9e663bf3f5,C822cf2770e
42,1,R0660813c64,C9ab7ca4515
42,1,R7d4c760178,Cd60123ecd5
42,1,Rf80be034f1,Cac1b36f974
42,1,Rf98e57d6a0,Ce890b41f9d
42,1,Rddf6657707,C4d107c455c
42,1,Recd60680f6,C01202ae231
42,1,R13bf1d17d2,Cb6a8d0b5de
42,1,R75c726e4f5,Cbf130f84c5
42,1,R1083b5b539,Ce8672832ca
42,1,R9b62f43067,C6df4403a15
42,1,Rfd5445a829,C1f66593c1f
42,1,Rd43c97d4ab,C2c8beada90
42,1,R9817cabd4a,C60e9539f6b
42,1,Rdf8096a52c,Ccb4d8425ba
42,1,Rc3dda1bcc8,Cb798e51966
42,1,R2276881a3b,C4ecf7a555f
42,1,Ra37e20c082,Cc092c50fa4
42,1,R8dda0b5e20,C3413623453
42,1,R9162262362,Ca32e92df98
42,1,R0ec39e9ce6,C6a0b6f2690
42,1,R6bf56fe5e4,Cfd671d10e8
42,1,Re9afda1fc7,Ce705e92863
42,1,R8f0fd8fee0,C83a5681d5b
42,1,R4e1de958f1,C39b06e2575
42,1,R5b43eb295d,C01dce3f788
42,1,R755819757e,Cd1b75f9d8f
42,1,R6650cf4c54,C3bdb7a4ff0
42,1,R4707b51be5,C60aa06b92c
42,1,R138f1a77e8,C1f4d735db9
42,1,R11638443c0,C1d4d864b05
42,1,R4425b4b90d,C16c3bf3480
42,1,Rc873f65f81,C737820db93
42,1,R9019e5da57,C5d6e6bddf5
42,1,R54f7718672,C2afd771af4
42,1,R82bd9148d1,Cb61a633af4
42,1,Rba2205142c,C45df12ecf0
42,1,R41e83cc1c0,C8500d10c9e
42,1,Rc9a20dddcc,C9fca338b8a
42,1,R6773e3990e,C8cfcf3361c
42,1,R5a8ebfa685,Cc2b73d261a
42,1,Rfd06aec653,Cabe46294c1
42,1,R90908ee5a6,Cac1ce47b24
42,1,R811817265f,C2cfa26ac29
42,1,R0409ddd942,C4f47204c9e
42,1,Ree692227a3,C831623977c
42,1,R76a7a0a1a4,C6d15bc7ffc
42,1,Rd740b87e01,C2cb643889a
42,1,Rd9c9fb968e,C173d8fa8ed
42,1,R18ff45d579,Cadf45a164e
42,1,R11a6dae7f8,C87ae456389
42,1,R42eff491e7,C31be5554e7
42,1,R7b355f2269,Ccc2306c110
42,1,R523c003e6d,C3ae8276806
42,1,R8061f10466,Cf33d828424
42,1,Rf965f41144,Cd9b11d716d
42,1,Re4b58095ca,C0ee247096f
42,1,Rebf5608638,Cc2bc34fcaf
42,1,R30160243e7,Cee926ca1aa
42,1,R73244459ef,C8fc49c14f0
42,1,Rde0618eb70,C6517f73426
43,1,R7fa9946040,C24b3c5c74d
43,1,R6150aca106,Ce620ce760c
43,1,R9c1fd8b7ce,C9ecfd80851
43,1,Rc6564a736f,C712ae32635
43,1,Rb7bab838ba,C1892bac2db
43,1,R13a09c6aa6,Cf517ef5deb
43,1,R76c6e070fd,C7134bb3504
43,1,R19ae1ecfbb,C191a7dbdeb
43,1,R458e086fe8,C41e9fd9e34
43,1,Rdb04b19fd4,Cffa265a820
43,1,R37f6ba379c,Cee926ca1aa
43,1,Re969f606be,C6dabca25d1
43,1,R69c2e4be01,Cb4e7ae58dc
43,1,Rcadf513fee,Cbe98187be3
43,1,R67e8b039c6,Ca00f023f10
43,1,Ra3f0d01c91,C3c5d8d30f9
43,1,Rd5da28a2ff,Caa1b77ce4a
43,1,R32692f5e99,C25d331ac21
43,1,Rb4f6b5fb12,C714d3dd451
43,1,R309849d9e3,C9ffe4d3819
43,1,Re0c6008c5a,C8bbed404af
43,1,Rcb90532151,C6517f73426
43,1,R9e6f281ea1,C17f687b185
43,1,Raca48a309f,C381c4d71a0
43,1,Rca4239e010,C074ffcbb6d
43,1,R61eb1ab61f,Cb519bd67a4
43,1,R2e5bf4cdac,C212482dd36
43,1,R75a6912332,C2b03a7053d
43,1,Re1fc642412,C677d3fdf77
43,1,R1ef3f585a6,C7b3c507e7a
43,1,Ra1e4b44817,C1d1f4a303f
43,1,Rb39539b548,Cb01e66e1bb
43,1,Reb53c664da,C7b85d116da
43,1,Rb2fba14f51,Ce5595215a3
43,1,Rfc2327f784,C5b2a776277
43,1,R623006933d,Cda63e4a582
43,1,R9337f41d57,C683d7ced33
43,1,R045878eea9,C18d5ff0740
43,1,Rbad4db0101,C9a1cd13617
43,1,R1ae554190a,C6d79696da1
43,1,R91cdecf4f4,C24ca20bf0b
43,1,R3cca755e4a,Cc789e30efa
43,1,R5f2d10ab65,C232a97cb2d
43,1,R3e37dd0a88,Ce2aac622e5
43,1,Redb578c162,Cbda52b293d
43,1,Rb13470d00b,C012242c1f3
43,1,Rbd0fe1762f,Cbb4294f190
43,1,R325dc1ae16,Ce57a6513a0
43,1,R5ea337f39e,Ce1fad25ec6
43,1,Re575929338,C384e36f7bd
43,1,Rd1908d4221,Cd0d245d75f
43,1,Rbd88f2d5ad,Cec7d64a001
43,1,Re2b0fdf804,C19e8224fe9
43,1,R7dfa543bc5,Cb13cb44415
43,1,Rf7c81c3871,C10c2b8852f
43,1,R07fe08cbf9,C8bf53313ae
43,1,R04a2173ea9,Cb64ea926c5
43,1,R42f30684b7,C7068fc95c9
43,1,R6b11a2df1e,C2fb5ce9c06
43,1,R904bd82804,C78e1a20f5c
43,1,Rdca51334ad,Ca3a63b2edd
43,1,Rca3496b9c8,C6517c0b401
43,1,Rb9876a14d2,Cf2da34866c
43,1,Rbb3893270d,Cc70abc8570
43,1,R28419d682e,C3ec212d7c7
43,1,Re17026426c,Cab540880fb
43,1,R6f97c7a577,C46972408dc
43,1,R1c4c4871dc,Ce727df74b0
43,1,Rf9caa0b2a3,Cdddf3f00ef
43,1,R4a20b5d67e,C459512eb81
43,1,R6b51fbe746,C269312b162
43,1,R8920609d17,C40cebcbd21
43,1,Rbd3d04eb03,C0d6832c665
43,1,R1785928b8b,C1af0ba7df5
43,1,R3c04686a68,C05bc9eb235
43,1,Rdef9aa8a9f,C0e4729ccf1
43,1,R4406f5efda,C3fdad4b207
43,1,Rab7255f243,C3888576f5e
43,1,R99a042262a,C25acc301ef
43,1,R827fcedf4f,C30edca2db2
43,1,R0f510d7b12,C36a3e96c54
43,1,R8bcba3e5ad,Cd39de7103a
43,1,R6bc71eae90,C8a66990c43
43,1,R20ea05dfd2,C1c57ded6e0
43,1,R84d115fb41,C6a7617a603
43,1,Ra20eee0bf6,Cb0c1363b9b
43,1,R0deb59d80a,C942d2a2f00
43,1,Rce716f446a,C6491d374bd
43,1,Rd547fd2893,C490921cbc6
43,1,Ra71b68c94d,C125c516772
43,1,R5b740725e4,C82e5b207b1
43,1,Rd148a8edcb,C85b6d23282
43,1,R407f61b100,Cf0e4cfa129
43,1,R9a64e5bf71,Ce9db15097f
43,1,R4be54c4076,Cf354470e65
43,1,Rb7cfedeff7,C87ff0023b7
43,1,R87723f2333,Cd9b81df424
43,1,R77aa4fa182,C3e2297c2a0
43,1,R44e5cecaa5,Cdc2c5cd6e6
43,1,R64769c8c60,Cbaec64a402
43,1,Rf53a355a96,C48ff3041cc
43,1,R2676cc22e7,C85ec0b22d6
43,1,R374a874b4e,Cf9d5f518fb
43,1,R0789dafe0e,C21a8299c81
43,1,Rb713dabc67,C2458605966
43,1,R9dc822d8d8,Cccfa562278
43,1,R77c354bd3e,C6e8ad512f0
43,1,R91ccbfa035,C275c2e9fc6
43,1,R4abfe93bbe,Ca13684be29
43,1,Rf593a30828,C04b24e2e13
43,1,R387a78395f,Cdf7336d435
43,1,R40730e0850,C061788d27d
43,1,Raa066908ed,Cecde3c99ed
43,1,R8b641878c7,C26ffcb3c0f
43,1,Re587362720,C1d8854c7a9
43,1,R447ebd88d0,Ceceb5aead0
43,1,Rff82bdcd17,C401172f522
43,1,R6a68e34799,Cfa4d25e84a
43,1,R0c05762e9c,Cff56fc9257
43,1,R0ec26fe759,C6d7fb43bb9
43,1,R450582df83,Cdb5fe9c1ac
43,1,R6928dfcfd5,C977d32dbec
43,1,Rd0b27b5eea,C1a94c9918f
43,1,R0f32d9c175,C6dec5a8966
43,1,Ra8b18f6fc6,Cae1501ac28
43,1,R3be457ac0a,C07604aa77e
43,1,R4123a62532,Cabb60147dd
43,1,R21698998a6,Cbb1ee8ffec
43,1,Rf5ed965f2a,C54c3bb7d62
43,1,R7159ea954e,Cd7840ec666
43,1,R0de3cc71c6,C94548a5f80
43,1,Rc78b0fd298,Cd95e3f9503
43,1,Rf06f657636,Cf8bc09a020
43,1,R55d6f68e8c,Cf5d2f42f2c
43,1,Rb8806b2294,Cfc5edf0fcd
43,1,Rdaade3f1f7,Cf1f3ef0a58
43,1,R01b0f9db4a,Cb2accf529a
43,1,Rfadc5bbb52,C5b01a5db84
43,1,Rd3e5cce00a,C20e9582afe
43,1,Rec7c0f6b97,C5927026d0e
43,1,R86840f427d,C3ec1b8f80d
43,1,Rbe02ea3289,C4eeb733e04
43,1,R76b8a22130,C686d5d3d1b
43,1,R27e75c3d15,C6ddbf7e24f
43,1,R7e7667389f,C22f3271fbb
43,1,Re783da8c85,C2519f3ae7b
43,1,Rab6796b044,C86ee8cb165
43,1,R861837c1cd,C77a931cca0
43,1,R5dc046bd46,C339d281d2b
43,1,R112e123c6b,C5b3c24b50f
43,1,R3bd8aa9c8b,Ccdda384ce0
43,1,Re42cefe0ad,C8acea08b60
43,1,R8d814949d9,C304a125fb0
43,1,Rbf97d3a29b,C9953fc6ad4
43,1,Rd234b130f8,C99fb12601e
43,1,Re0c576ce99,Cee24763869
43,1,Rc2a03e00bd,Ca6bf31cd9f
43,1,Rd8b3e6dae0,C42cd814fef
43,1,R70f62afd10,Ccb96f6e643
43,1,R4c5a4630d7,Cf42c6b6bfd
43,1,R228e909317,Cae0d73817e
43,1,Re3c2755cb1,C711f781c2e
43,1,R78c67c0eb6,Cf1129b3e7a
43,1,R788818b4b8,Cb00f01204a
43,1,R04e40d7af5,C98a5654f7c
43,1,R3a49f92c61,Cd8465a0627
43,1,R97ff9d970f,Ccddb6194e8
43,1,R227d5aaf13,Cdadcb8b926
43,1,Re4a9da1b09,C7f7b4ce0a8
43,1,R5902f0f943,C25773b1436
43,1,Rf9646fba15,Cde2652b019
43,1,R8983da938e,C843d8ff81c
43,1,Rdd293c4055,C45919a7254
43,1,Rb540250a4d,C88a31466c9
43,1,R9e09c8efd7,Cbd24d30b08
43,1,R6eece7cab7,Cbcb0762466
43,1,R26b6d29c53,C295f40ca40
43,1,R60a8f8d524,C943abd0c00
43,1,Rcd7628b5b1,C36172b7f45
43,1,R64a8a7402e,Ce377b4bcfd
43,1,R4a0802a501,Cb302ab356a
43,1,Re37f3188c4,C37db0cec72
43,1,Rd93bcd2736,Cd82c6d9c2e
43,1,R0dcb2ef4c8,Cb121f0fc31
43,1,R308c605f07,Cdab0420b3e
43,1,Rb780816011,C4442f2299a
43,1,R9abd7e747d,C1a4234eff3
43,1,Rb2d6b15aa9,C032c7be3c0
43,1,Reb0e7a079c,Cd9d8e1a042
43,1,R22502974b7,Cfab80a9f9a
43,1,Ra2cf0ab800,C014b391574
43,1,R91060e4a44,Cf7a679ab57
43,1,Ra7fbbdc54b,C89479d6841
43,1,R7f52dc2581,Ce1a534c8c0
43,1,R4b52d9be6a,Cf822e5e9f4
43,1,R2924618df0,C8d03c30722
43,1,R61cb474a43,Ccce8f7e853
43,1,Rce740c5992,C75f6263578
43,1,R0637e7f8b8,C97118d640e
43,1,Re62f275444,C412e6f5118
43,1,R179a0c7f88,C4aab16d776
43,1,Re140d141d4,Cd50e2cfac4
43,1,R66f2df54e0,C2ff2edcb71
43,1,Rf44f4611a5,C7332102b22
43,1,R3bb59f85ec,Cfafcdbd56b
43,1,R2ac76b2f3e,C07f795ffdc
43,1,R0b11d9c12f,C42ef773e66
43,1,Re2a974bcba,C8e6e8d91d0
43,1,R81778386c7,Cd53277c18c
43,1,Re10f079ad6,Cd3fdaa62cb
43,1,R1ca653c9a8,C077e0aca46
43,1,R0429696de7,C997e21626c
43,1,R1be20c3c1c,C42d07823b5
43,1,R869e046e5d,C6e6817f1b7
43,1,Rb8044cfd2e,Cc257f4fdc7
43,1,R4805399db8,C0f11ec1dc5
43,1,Re01578125b,Cee9ac1039f
43,1,R15173b9126,C6c9def8a49
43,1,Rb00db256ca,Cc2956830b2
43,1,Re996bc8b0a,C7eac7d809f
43,1,R96326c4cea,C742840e486
43,1,R0310f703dd,Cb91f038414
43,1,Rcc9e8f42e2,C0b4b8a1a49
43,1,Rc9f9d290b4,Cc8ca7f70aa
43,1,Ra06caadfa7,Cc5025e90a6
43,1,R05e7c21d8f,C6a271e1071
43,1,R746ae7fe32,C4edfcb556a
43,1,Ra2eee75cd9,C35f940d354
43,1,R15543af48b,C16b046afe9
44,0,Rb98822c757,C0d04195015
44,0,R8e8906df14,C8fafd307d3
44,0,R9dfa715385,C8af2ca8466
44,0,Rc0cbf5fa98,C48ebead905
44,0,Rc5237999fa,C1deefd1b3f
44,0,R90bf1724c6,C2819a0ff45
44,0,Rd4a4ddfa03,Ca4780ffc36
44,0,R33afb8abc9,C2627add1be
44,0,Ra66f619701,C3b0d904046
44,0,R6650cf4c54,Cf2eef9252b
44,0,Rc4b17c4231,C42f82d11bf
44,0,Ra403a85d77,C973353932f
44,0,R9d76c87cb8,C4a6d54ccbe
44,0,R531fcc6df3,Cee69a86665
44,0,Ree2ff56a43,Cfab32b0281
44,0,R2d95e568b9,C296879a563
44,0,R69677aba2c,C32ba1f13f8
44,0,R1718046ab9,C6417bea678
44,0,R8e58a579ea,C26a7ec8305
44,0,Rda7bd85331,C9046c217b6
44,0,Rf28ddb6edc,C5743104c20
44,0,R44bdb5dfcf,C988b79e6f5
44,0,Reac07a33ee,Cbc3f38abb6
44,0,R1f93393ec9,C1d81651cdb
44,0,R964bad6baa,C70e4b1ad58
44,0,R9e2263949f,Cd2143a85a2
44,0,R470c243bbf,C9f71853a9a
44,0,R6ff4804048,Cb12bf4124c
44,0,R0409ddd942,C79d3501c93
44,0,Rcd9bcd5aff,C40ad79473a
44,0,R585f996e20,C4d9db0da5e
44,0,R0339da57f2,C8d8290a078
44,0,R4cd055fbf0,C79e5005673
44,0,R26e978db93,C8b8b642214
44,0,Rf0594a75b4,C4220a56593
44,0,Ra60d5d8358,Cb336d1639d
44,0,R4fb11d7929,C7f9165ddda
44,0,R755819757e,Cbcf664b891
44,0,R4b0a8a6c29,C6d1ebbee36
44,0,R276913628d,Cfbed4acef1
44,0,R54646f88c8,C7f90141fa0
44,0,R464d8b5d60,C9100f27af1
44,0,Rc04976c3cc,C52a8d2e310
44,0,R68cf949e4d,Ca052f0df3d
44,0,R067491a42a,Ca80016936c
44,0,Rb82333d691,Ce83b6a005b
44,0,Rc72699b7a1,C4348904023
44,0,Rec9b5ad7e1,C229b699cf4
44,0,Rff6814e30c,Cc75d528f47
44,0,Rc8908457b9,C0aed164d4d
44,0,Rf5eecebbcb,Ccc8fbebff5
44,0,R668278da1d,C6065bf8a23
44,0,Rab58fa3835,C150ca3b90e
44,0,Rc4ea60aa06,C7e31c2c94a
44,0,R6bf56fe5e4,C441c148177
44,0,R7891c52938,C5605d565c4
44,0,Rb340fc997e,C133a6d18d2
44,0,Rba2205142c,Cf663d8a404
44,0,R1db22fe810,C46c8b94744
44,0,R8f0fd8fee0,C751823d329
44,0,Rd9c9fb968e,C80a276fda0
44,0,R6815615934,Ca442e1d9ba
44,0,Rb8343df234,C78485b6384
44,0,R80a3fc8450,C515ff16cb7
44,0,R43d76e0034,C6b53a7e0ea
44,0,R8169f69ae5,C478a1840ce
44,0,Rf4ba00910a,C02358ac761
44,0,R8bcba3e5ad,Cbf436c208e
44,0,Rb4db0dba0c,Cda52d03b54
44,0,R5cba3a48e0,C231000741f
44,0,R0e975e766c,C66a61caa4d
44,0,Rf40b5cd19a,C8e0926cc10
44,0,R6164c74e66,C478a1840ce
44,0,Rfa5a0a8381,C98e0ca1d18
44,0,R78f611c1de,C58f3b9859b
44,0,Rb4f6b5fb12,C6a019749e0
44,0,R2db0769eba,Cdf55cef170
44,0,R8d151c94ac,C180c7dfc03
44,0,Rf3c6c405ce,C324e7ccfbb
44,0,Rc723147a4c,C7b046e415d
44,0,Re8c0fdd0fa,C895d432bf0
44,0,R6cd6135663,Cbcf8b4a306
44,0,Ra7195d8dfb,Ce9d46fed37
44,0,Rd99090e253,C0ee1c8a296
44,0,Rd12b26596d,C090afa580d
44,0,R70636505e3,Cf0fcc42652
44,0,R2414d344dc,C1fea690f94
44,0,R7b0155f2ba,Cecc288c311
44,0,Ra28f92ca6b,C00e344a226
44,0,Rbae87ec710,C504e24aedf
44,0,Re119d2542c,Ce4916ab80f
44,0,Rf4ff7be6aa,Ca6e0ff7fa5
44,0,R079a99ea3b,Cbe28114c03
44,0,R8d55e27446,C97ed8449be
44,0,Rce716f446a,C09d7ddf8a3
44,0,Raa796e543f,C43c32e5b68
44,0,R3ae777ff85,C4e56f43415
44,0,R359cf91b35,C726963631d
44,0,R6a92180b89,C88e6254779
44,0,Rdb6ab94ea5,Cc90d74c11e
44,0,R8bd07890ce,C37006d915e
44,0,Rdb3e86f67c,Cf7d22f5541
44,0,Rfbe5d919ea,C4cade98e1f
44,0,Rd91c9bb984,C1e69b74798
44,0,R59419af843,C548bbcd28d
44,0,Rb9aeef6f31,C9d33883532
44,0,R4675ffeebb,C759919fc33
44,0,R000e96bbd7,Cf9a900d984
44,0,R35d7389b9d,Cce94036c8b
44,0,Rfb9af4af71,C32948cd392
44,0,R87436ba1b8,C9fced80874
44,0,R5400443994,Cffbdc6d889
44,0,R0581a70d86,Cbcd5efb19e
44,0,Rb9876a14d2,C5eaee1d7a5
44,0,R28419d682e,C0f277ebecb
44,0,Rc4c511adaa,Ca9f13951d7
44,0,R1e2874a134,C6abe6caa08
44,0,R8604d34bba,C090823f5c5
44,0,Rfde5910618,C65cd930c40
44,0,R980dd2db61,Cd59dfbe242
44,0,R0f510d7b12,C0efbc7d0fe
44,0,Ra66ca811c6,C3efb0072a6
44,0,R07fd6300aa,C1af0e62c12
44,0,R6aa2839a83,C3a5b8c4748
44,0,R4ead1c18cd,C5d915e064f
44,0,R7b8a571655,C925ced9762
44,0,R1f681e36af,C5bf8b59bd1
44,0,R8b641878c7,C2bd28c6110
44,0,R263c8d6eeb,Cfa2caaf9d8
44,0,R481624b1d8,C311b33bdd2
44,0,R8f2ead55b7,Cbb3fd3333f
44,0,R4aef905030,Cee5eed4091
44,0,R64f41b2fde,C97d591418c
44,0,Rd116568444,C9f88f09f91
44,0,R325dc1ae16,C4dd36c49c7
44,0,R2f6d14f126,C66f9845a35
44,0,Re6d06f27f3,C2e8806015c
44,0,R886059e501,Ca1f0de45d4
44,0,R2741ed8165,Caa568a7c97
44,0,Rbb3893270d,Ce70410c3cb
44,0,Rb10ec6f5ad,Ca57daa668c
44,0,R273d51979c,Cf389bc276d
44,0,R1035caffab,C7412ba3c2d
44,0,R57aff3a1c0,Ce0d51fd00b
44,0,R75a6912332,Cdfed526f09
44,0,R466cf9cabe,C1464eb1f0d
44,0,R161b99ddf7,C95d9aa4cd7
44,0,R006b6e239b,Cc155cf9949
44,0,R85ba6a21c1,C07e6c48d92
44,0,R8c633ca253,Ce182edb21f
44,0,Rde2e374fe4,Ca910a5180a
44,0,R450582df83,C88122faa3d
44,0,R87c84738ef,C898995d308
44,0,R1ef3f585a6,C9695a37003
44,0,R094c65e4df,Cfbe9b1fa9d
44,0,R045878eea9,C494e7c92fb
44,0,R3ced5861d7,C099dcf288e
44,0,Re34311fbb9,C1490a6d927
44,0,Ra623ab9f23,C477eea8577
44,0,Ra502d46cd3,C8f4281a676
44,0,R1cd6ed96e7,Cd2e428b045
44,0,R5873304b15,C7113911f3b
44,0,R3e0368607c,C951409dbde
44,0,Reb6b4b82f5,C83175f4992
44,0,R827fcedf4f,Cc3a8bd7e50
44,0,R8eeb2f319e,C3c8b44fd40
44,0,Rbd88f2d5ad,Cd41601fa14
44,0,R8920609d17,C72e931d392
44,0,R019736a8f7,C3298b51fb0
44,0,Re23e1a8188,Ca61818b1de
44,0,R63cd8c820c,C630fc4f4c0
44,0,R9dc822d8d8,C149ccd18e3
44,0,Re42bf78a66,C9bc4a64499
44,0,R407f61b100,C86ffa83b50
44,0,Rf5187bb21d,C19cc20d2e3
44,0,R088330d24f,C0071b233e4
44,0,R02fc0cb1e6,C89d4f356dc
44,0,R3be457ac0a,C7798814fc9
44,0,R32141efceb,C92d333a63f
44,0,R04df7122b2,Cefa21dcf98
44,0,R758d35dda9,Cb14d60365e
44,0,Rd706b5fcc6,C6f582e6524
44,0,R0ec26fe759,Cd7689ed1f7
44,0,R82884e67e1,C7a68f00c94
44,0,R3bf4e4a587,Cd65eb38d3b
44,0,R8ce188c0a5,C9e89ffe04b
44,0,Rfc2327f784,Cf1d6a521f7
44,0,R6d2a8c7b1f,C4154a3ee84
44,0,Rc1f1565431,C7e2ba4fe3b
44,0,R123136247b,Cdea066319a
44,0,R42f30684b7,Cd62843300f
44,0,R788e89c851,C25e5371115
44,0,R27291c2605,C5c800a13fd
44,0,R89fecc345e,Cc09952a2ca
44,0,R5ce4c7ad90,Cd58c62447f
44,0,Rdb4ee82149,C0c8b7745e8
44,0,R31bf47f8ef,C315df1f47e
44,0,R660aabc5c5,Cf48f943035
44,0,R151e3f2d8d,Ccd2fb090ac
44,0,Rfade26341f,C152e2a98bc
44,0,R8c8306d7d2,C1073e6db11
44,0,R6e0df018b8,C31a39b13a3
44,0,R90e42285fa,C2722754369
44,0,Rf182046950,Ccce54f2c9e
44,0,R85c4f98f13,C33f4406171
44,0,R55c2c4d036,C95d0d1962e
44,0,Ra2fb6654d2,Cbfc22d4537
44,0,Rdfee0133bc,C10da576699
44,0,Rc2cdf248fc,Ce5111f66e3
44,0,R5ada734412,Cc0792c7eaa
44,0,R29ba902afb,C2308737dd3
44,0,R1d0586f22e,Ccad3986947
44,0,R03578b89ba,Ceed3dc912c
44,0,R56f488ff46,C93065bef55
44,0,R97aeffc5cb,Cc5434769e1
44,0,R722a7a01f2,C22e4192852
44,0,R5c07c2da09,Cc5d07c50f7
44,0,Rcca1b505f8,C88e9d257ea
44,0,R762ef8051d,C321a29bd0e
44,0,Rd740b87e01,C1c7c55bdfa
44,0,Re9a3ef00dd,C1d417d2c8a
44,0,Ra752a531ae,C082ed9a756
45,0,Rbfd9e81ade,C8fc0f50e13
45,0,Rb4f6b5fb12,C6a019749e0
45,0,R664f44b1ee,C5d8ab82556
45,0,R33863d9514,C4a817e3d3e
45,0,Rd99090e253,C0ee1c8a296
45,0,R4490ec53b7,C27f555eee8
45,0,Rac93a5c78c,C6a7cb1c3ab
45,0,Rdca51334ad,C3e5182ef7b
45,0,Rb239f5f5d3,C8d36d3144e
45,0,Rdab46ad123,C626dd589da
45,0,Rc7b92d7e03,C5821f501bf
45,0,Rfa2661d7cc,C5a9ba540ee
45,0,Ra5dd8d1448,C210f113940
45,0,R25b994f7e5,C7c07d46dec
45,0,R8255a367a8,C3312e52381
45,0,R1e2874a134,C6abe6caa08
45,0,Rd8668ab367,C5251d21359
45,0,Rf4ba00910a,C02358ac761
45,0,R5400443994,Cffbdc6d889
45,0,R62f7c579e6,Ca3a75a2889
45,0,R8bcba3e5ad,Cbf436c208e
45,0,R13743ab4c4,C0b648bb0aa
45,0,R41ec16ac7b,C96a54fb710
45,0,Rbae87ec710,C504e24aedf
45,0,Rf8b2b529bb,Cf0691f0a7b
45,0,Rcbe218b7a0,C4cb6d696ea
45,0,R43edd22bab,C417ca02d27
45,0,R051a5789e8,Cf4d58763ad
45,0,R81e575592b,C4b628fece3
45,0,Re71490b2ce,Cc73e0feb0f
45,0,R75876e652a,C015037bd78
45,0,R7b0155f2ba,Cecc288c311
45,0,R85f560ec2b,C6fbf5009f2
45,0,Rdb3e86f67c,Cf7d22f5541
45,0,R6150aca106,C3ed8f274a5
45,0,R412a776f24,C7001c28a0d
45,0,R5016c37f19,C6700e82c80
45,0,R35d7389b9d,Cce94036c8b
45,0,R1918587177,C23d4568270
45,0,R89ba766390,C9a32fed03d
45,0,R95b85b59a8,C7374097a4f
45,0,R7ba8f82431,C7695e37b8b
45,0,R2414d344dc,C1fea690f94
45,0,Re8085841e6,C29b3e8ffb7
45,0,Rdcc9b55c41,C0771d51a37
45,0,R08fac31b68,C1db43fb5ea
45,0,R445911eddb,C94fee38212
45,0,Rced3e48389,C7c8297957a
45,0,Rc723147a4c,C7b046e415d
45,0,Rfe694c32c9,C9896bf6e5c
45,0,Re1903b633c,C3230a64d22
45,0,R7be36ce8d7,C80957393f0
45,0,Rb4bde92901,Cecea382601
45,0,R70f021aa1d,C49d71e2c80
45,0,Rdb4fdb2a87,C00545eb536
45,0,R575d227c50,C9a85355576
45,0,Re119d2542c,Ce4916ab80f
45,0,R0ec26fe759,Cd7689ed1f7
45,0,R91df0cde85,C423682deea
45,0,R8ff5c8460e,C129b4c3f46
45,0,R78f611c1de,C58f3b9859b
45,0,R76c6e070fd,Cad6fa35c21
45,0,R2038e019c4,C8320e97091
45,0,Rf1d8c0db16,C66efa6397d
45,0,R3ee291093d,C068d04ce40
45,0,Rd7843676c3,Cbb29ff80ba
45,0,R2cbe7d27c8,C0f5ab6b8d7
45,0,R8f2ead55b7,Cbb3fd3333f
45,0,Rf01f94427a,C2ce587c8a7
45,0,R30df39f022,C694454aac1
45,0,Rbb3893270d,Ce70410c3cb
45,0,R6a3b59850e,C2333074df5
45,0,R4d54481920,C8837d570be
45,0,R8d151c94ac,C180c7dfc03
45,0,R5d6478ffd2,C2f2411ddcf
45,0,R48fd176ee3,C4bc05b8f62
45,0,Ra6d1950cce,C37fdfb2c56
45,0,Re7bc953bf7,C38c3df1beb
45,0,R37541143ac,C390c8cedff
45,0,R32c26d41f7,Ca4675346cb
45,0,R6b11a2df1e,C1a80b7696e
45,0,Rff4fb2a585,Ce80fad2573
45,0,R2741ed8165,Caa568a7c97
45,0,Rd8e74d8077,C1db0e9f547
45,0,R28419d682e,C0f277ebecb
45,0,R42b76b95db,Ceeed88da43
45,0,R546dc455ea,C8bd6ae8fac
45,0,Rb10ec6f5ad,Ca57daa668c
45,0,Rd706b5fcc6,C6f582e6524
45,0,R8144dc5745,C195ed313a9
45,0,Re4d672c6e6,C416a60e9c9
45,0,R9ec0bf870b,C9d13023ca4
45,0,R407f61b100,C86ffa83b50
45,0,Rfcb3ae6a19,C1a968c7fde
45,0,Rda83a55555,C755bfa79cd
45,0,R1877f7aea1,C1601764dfd
45,0,R03ef95e49c,Cf590193ba2
45,0,R4d3dcdd594,Cf9ee9fb5df
45,0,R51f770d619,C6217338614
45,0,R2257917919,C429bdad23f
45,0,Ra1e4b44817,Cbddee2da54
45,0,R472c10068d,Ca5335abcc9
45,0,R7befdf357b,Cbb54de81d5
45,0,R4c3b1edc98,C107eff7b0b
45,0,Re6d06f27f3,C2e8806015c
45,0,Rc49f8e8a29,Ccbca005e32
45,0,Rd54d229526,C9cbd7fd087
45,0,R3be457ac0a,C7798814fc9
45,0,Rde9b9f8d32,Ca96e12d8f2
45,0,R1785928b8b,C428e97fa88
45,0,R73c5d0f39b,C8cf5eb401d
45,0,R940ad569cf,C01f42a4875
45,0,R2cbe591092,Cf5ef024a8d
45,0,R466cf9cabe,C1464eb1f0d
45,0,Rcf062f6ad7,C4766755ef9
45,0,R47232f24f8,C10f2308121
45,0,R9f38f8e83c,C88ee02b79b
45,0,R184870c2f6,Cfad28866a0
45,0,R6f97c7a577,C93f2be472d
45,0,Rea09a8b37d,Ce325be7dc1
45,0,Rbd0fe1762f,C59109a74c1
45,0,R33febff6f0,Cea6467796f
45,0,R4aef905030,Cee5eed4091
45,0,R9209a05295,C507bb4e1fd
45,0,R6d2a8c7b1f,C4154a3ee84
45,0,R57bd2bd2e2,Cdb4f0783db
45,0,R071df67102,C84658cfcbd
45,0,Rfde5910618,C65cd930c40
45,0,R450582df83,C88122faa3d
45,0,R7c797860a8,C7aa49c061d
45,0,R1ffbf14000,C757b758fe9
45,0,R019736a8f7,C3298b51fb0
45,0,R53c99c6795,Cfcb4465d93
45,0,R6f6e37f19d,C4a394e3b93
45,0,R2305bca064,C394447d5ff
45,0,R4406f5efda,C2df4a33a9a
45,0,R458e086fe8,C84a3ed05fa
45,0,R03853488af,Cca1427061e
45,0,R9a1c199bf0,C9c48661c13
45,0,Rfc0e7bb1d7,Cd050746092
45,0,R904bd82804,C2bbe59384c
45,0,Rb89defcc11,C6c5c57b902
45,0,R1ef3f585a6,C9695a37003
45,0,R298056e6ed,C98c50a61ca
45,0,R07fe08cbf9,Cae13e16e27
45,0,Rfc2327f784,Cf1d6a521f7
45,0,R57aff3a1c0,Ce0d51fd00b
45,0,R5771ada062,Cf4fc4bc79f
45,0,R02fc0cb1e6,C89d4f356dc
45,0,R5d2d37d709,C897898b174
45,0,R7319545b92,Cdee3c0c3f4
45,0,R27e75c3d15,C90f73f5c67
45,0,Rfe5a4df500,C378f289dda
45,0,Rdf36445a16,C37e7d84d74
45,0,R897582facf,C35e470db4d
45,0,R8934444309,Cadd4dac73a
45,0,Rb9876a14d2,C5eaee1d7a5
45,0,R2c1ebbff1a,Cf2e2b668ff
45,0,R0a3b0057f8,Cff14ac5d19
45,0,R85ba6a21c1,C07e6c48d92
45,0,R006b6e239b,Cc155cf9949
45,0,R273d51979c,Cf389bc276d
45,0,R4d87714f6b,C3eba1b57e0
45,0,R3265757b26,C30c33f4a0a
45,0,Rf5187bb21d,C19cc20d2e3
45,0,Rb713dabc67,Cfb13502936
45,0,R827fcedf4f,Cc3a8bd7e50
45,0,Rcdd8b26589,C8d2e24c2ce
45,0,R07fd6300aa,C1af0e62c12
45,0,Re8cb2e6e7d,C35ce8dfb1e
45,0,R42f30684b7,Cd62843300f
45,0,Rf3f99aa719,C7581c7a780
45,0,Re0a6618b40,C6835e4520e
45,0,R1f681e36af,C5bf8b59bd1
45,0,Rbb96b1c64a,C19bf4f6107
45,0,Recc924c1d8,C764e95c48e
45,0,Rf8658bf0b2,Cbd843d438c
45,0,Rb25fcc776b,C6095d8dee0
45,0,R6aa2839a83,C3a5b8c4748
45,0,R8631e4727f,C599cf6d9b7
45,0,Rd3e5cce00a,C80c55b7d64
45,0,R74973f6119,C7377203007
45,0,R89fecc345e,Cc09952a2ca
45,0,R46a11fd83e,C00f0fd3c96
45,0,R09d20fe0fb,Caceacf7215
45,0,R72891bad1c,C958642a5ff
45,0,R04df7122b2,Cefa21dcf98
45,0,R758dd0552a,Cda86efa7bf
45,0,R0ae952774c,C6119d23369
45,0,R23669f90b9,Cc268585efc
45,0,R0deb59d80a,Cfa9bfcc3aa
45,0,R6bc71eae90,Cfd7d0ad98d
45,0,Rb5a37c72fd,C678364f906
45,0,R888e8b3bee,C09ac1d4575
45,0,Rd67a727cd5,C85ebfeea90
45,0,Rcfdb206ae7,C3be5666334
45,0,Rb2b3708675,Ca8b9edaba0
45,0,Re80163431a,C299c88e990
45,0,Rf0191e7aad,Cc86d654e74
45,0,R0b9bd22842,C88cf2c2e82
45,0,R8c1f4fcbfe,C0a1f68c936
45,0,Re3e4a30c56,C9fcb3fcf34
45,0,R200c6de8f6,Cf8329961fb
45,0,R7ee1e7231b,Ca0b9b6c92d
45,0,R97ff9d970f,C0b1f50b382
45,0,R6d5587a8be,Cf5f94bcddb
45,0,R61cb474a43,C381e3c0261
45,0,Rb6bc12256e,Cf29dfdc65a
45,0,R6da7a34113,C143977fd6d
45,0,R6b1a3bafc9,Cc981eb7c42
45,0,Rd1567d0f8c,Ce944c59260
45,0,R84477acfc2,C23f856117b
45,0,R2d8e2ae6ff,C4df141e71e
45,0,R010762ef75,C32731a2e9b
45,0,R49503dddf1,C0e40bc904f
45,0,Re2d0574121,Cdaf530cec1
45,0,R3bd8aa9c8b,C1d58ad129d
45,0,R626639f0fd,Cc1fbdc144a
45,0,R78bf0cfb43,C3bfd00aa0a
45,0,Ra6c9e630ee,C389e559bf7
45,0,R2cee254824,Cf8329c65d7
45,0,R609fe70592,Ccba56eb9b0
45,0,Rc18d74c134,C84c43ccc53
45,0,R2372ec7f69,C48394d793e
45,0,R8c0cd338d9,Cbb4162cb40
45,0,R916d79f71e,C0fb72c0801
45,0,R4ea8698b1c,Ca8d0257487
45,0,Rc2a03e00bd,C19d4b46d06
45,0,R16c2fd6932,Ce654921ab5
45,0,Re6772392f0,Ca1a32aff42
45,0,R8d814949d9,C02c71984b9
45,0,R90908ee5a6,C2531ac4cef
45,0,R2c1a131a20,C60627596fe
45,0,R098d4a8dad,Cf4e4518176
45,0,R05e7c21d8f,Cc517564a97
45,0,Re89e98a7c2,Cb619f61d3f
45,0,R94a11202f3,C79acc5ef1a
45,0,R2a0253369f,Cf95c10715c
45,0,Rcca70cb3ad,C5543d80c7e
45,0,R26b6d29c53,C6e8767dc68
45,0,R7ff09ad3e2,Cecdc6430bc
45,0,Rb2d6b15aa9,C5021d40d0d
45,0,Rc80af43888,Cb308c63fdc
45,0,Rdcbe4050dc,C4dc1951d09
45,0,Ra5450a951a,Ce365cb8023
45,0,Re62f275444,C24d9863b05
45,0,R9559a93918,C25e17b4dde
45,0,R5158c32bc7,C8ce1ce0800
45,0,Re10f079ad6,Cb896db963d
45,0,Rbbaa9ec145,Cc59f84b5ad
45,0,R66f2df54e0,C996090decf
45,0,R179a0c7f88,Cc72cd8af2f
45,0,R280b5ec08f,C211b354f2c
45,0,R97e0fef3ba,Ccb2fd14155
45,0,Re7b3c2fc2c,C02bf5f5712
45,0,R2b2da94653,C47bdb809af
45,0,R9cefe0498b,C7b8c3783ce
45,0,R4707b51be5,C0e5c1782dc
45,0,R6c8a473147,Cac14555c39
45,0,Rb1e43b41ef,C20b8f12d03
45,0,R3c3f5a3bdb,C8fd6a5aca6
45,0,Re140d141d4,C68182d1cc3
45,0,R38ef669853,Cd7a0da1adb
45,0,Re5d690f584,C1532a73768
45,0,Rfe7995d9d1,Cc4d4310cb0
45,0,Re4b58095ca,Cbe629d90c1
45,0,R1478bfe5c6,C02c205d5f9
45,0,Rae99808187,Cc44ca40356
46,0,Rbfd9e81ade,C8fc0f50e13
46,0,R9c1fd8b7ce,C30a559d692
46,0,Rb4f6b5fb12,C6a019749e0
46,0,R1e2874a134,C6abe6caa08
46,0,R696a2704c9,Ce2b782b0d2
46,0,Rd99090e253,C0ee1c8a296
46,0,Re575929338,C378883824e
46,0,R7ba7123bd6,C8ee662ef9a
46,0,R8e29e2465f,C0ac9d51922
46,0,Rdc8ffad489,Cd1fdbf2e44
46,0,Rb239f5f5d3,C8d36d3144e
46,0,R228e7de871,C5cc4fef7a1
46,0,Rda783fc3d2,Cc44ca40356
46,0,Rc7b92d7e03,C5821f501bf
46,0,R26e23bd104,C881f74e20b
46,0,R55ab8a2b07,Caacd1ead3a
46,0,R1c563eea76,C219456520d
46,0,R98ad7525b9,Ca29c516dcd
46,0,R8bcba3e5ad,Cbf436c208e
46,0,R2eaa69dd66,Ca05805406a
46,0,Rfb8a83a583,Cb1ce4d4ed5
46,0,Rc0d1adf1d5,C3817557057
46,0,Rd16a6b63ea,C5c2318acea
46,0,Rc723147a4c,C7b046e415d
46,0,R2cbe7d27c8,C0f5ab6b8d7
46,0,R25b994f7e5,C7c07d46dec
46,0,R028abb4580,C89306e102f
46,0,Re470c141b9,Cd36fa5a87f
46,0,R60e778ee0b,C20aad6c7c2
46,0,R95b85b59a8,C7374097a4f
46,0,R472c10068d,Ca5335abcc9
46,0,R0ec26fe759,Cd7689ed1f7
46,0,R5016c37f19,C6700e82c80
46,0,Re8085841e6,C29b3e8ffb7
46,0,R53c99c6795,Cfcb4465d93
46,0,R85f560ec2b,C6fbf5009f2
46,0,Re6d06f27f3,C2e8806015c
46,0,R61eb1ab61f,C9e31ce93b5
46,0,R8e74ebf294,C67cba086b8
46,0,R3ee291093d,C068d04ce40
46,0,Rc8c97709f5,Cb63d9330c7
46,0,R2414d344dc,C1fea690f94
46,0,Rfcb3ae6a19,C1a968c7fde
46,0,R1957abf0ae,Cf4ed67d62f
46,0,Rfbd8dd3087,Cf51148c65a
46,0,R47f1c825de,C1aeb0e533f
46,0,R9231b9115c,Ca6fd94aebf
46,0,R11ce233347,C39a2f03a65
46,0,R6c270e0432,C32121a56d4
46,0,R71967cbd37,Cbeaa587d8d
46,0,R3f2e6f338c,Cbdbfa3278f
46,0,Rf9caa0b2a3,C429ede517f
46,0,R593f89fa44,Ce8e441aa74
46,0,R546dc455ea,C8bd6ae8fac
46,0,R407f61b100,C86ffa83b50
46,0,R3872a93112,C63d4f81eb6
46,0,R57bd2bd2e2,Cdb4f0783db
46,0,R32066ccf4d,C0ba77324b1
46,0,R940ad569cf,C01f42a4875
46,0,R5f6d09c46b,C6e39a56521
46,0,Ra545cb0752,C80fcff33ca
46,0,Rbb3893270d,Ce70410c3cb
46,0,R4ea36eeb40,C3367442374
46,0,Rdb04b19fd4,C94bd5fa411
46,0,Rb9876a14d2,C5eaee1d7a5
46,0,R8f2ead55b7,Cbb3fd3333f
46,0,R4b10c3c168,Cd4f4f94b69
46,0,R7d68cd0ebb,Cd95b64c829
46,0,R74b2f18977,C29c23c8015
46,0,Ra3bb90405d,C007df54a4f
46,0,R37541143ac,C390c8cedff
46,0,R47232f24f8,C10f2308121
46,0,Rc9fdcec8c6,Cafda25494f
46,0,R659f7d3c64,C72574c639f
46,0,R3be457ac0a,C7798814fc9
46,0,R3e0368607c,C951409dbde
46,0,R6b11a2df1e,C1a80b7696e
46,0,R2cbe591092,Cf5ef024a8d
46,0,R8d151c94ac,C180c7dfc03
46,0,Rd9e2fddc79,Cd9c13b7fe0
46,0,R4b73a32ef1,C5a3407b1ef
46,0,R3b6c394637,C885db1a75b
46,0,R447ebd88d0,C7cd73199f6
46,0,R6f97c7a577,C93f2be472d
46,0,R450582df83,C88122faa3d
46,0,R67e8b039c6,C63377b9199
46,0,Re2b0fdf804,C4cc06992d7
46,0,R0f685de70b,Ce5b07b5f03
46,0,Re81e8ea3ac,C2d689067fe
46,0,Rb8be4f0d26,Cbd34dc5787
46,0,R1f681e36af,C5bf8b59bd1
46,0,Rcf062f6ad7,C4766755ef9
46,0,R353f6f5a2f,C0ed7557b85
46,0,R3859797a17,C942bc8db21
46,0,R67817f43c3,Cc353e4128b
46,0,R904bd82804,C2bbe59384c
46,0,R4406f5efda,C2df4a33a9a
46,0,R755a2024b7,C46f5063fff
46,0,R7419273140,Cfc36ae8403
46,0,R47b66599d5,C6ad8d2205c
46,0,R85ba6a21c1,C07e6c48d92
46,0,R4aef905030,Cee5eed4091
46,0,R8144dc5745,C195ed313a9
46,0,Rc49f8e8a29,Ccbca005e32
46,0,R6d2a8c7b1f,C4154a3ee84
46,0,R2c1ebbff1a,Cf2e2b668ff
46,0,R07fe08cbf9,Cae13e16e27
46,0,R1785928b8b,C428e97fa88
46,0,R0d33bb780f,Cf01b4491ad
46,0,R9337f41d57,Cbd1ffa8d60
46,0,R8aff09a52a,C29f1d1b063
46,0,R2305bca064,C394447d5ff
46,0,R959e664088,C2dd5d6e0f8
46,0,Rf3f99aa719,C7581c7a780
46,0,R010adfa092,Cdd04d4dceb
46,0,Rb89defcc11,C6c5c57b902
46,0,Re8cb2e6e7d,C35ce8dfb1e
46,0,Rb315e34f41,C5af777500d
46,0,Re0a6618b40,C6835e4520e
46,0,Rae808fcb29,C8bd1e74634
46,0,Re37e512238,Cb7f198cfb2
46,0,R1ef3f585a6,C9695a37003
46,0,Rec7c0f6b97,Cd6316d23a4
46,0,Rfc0e7bb1d7,Cd050746092
46,0,Rdef9aa8a9f,Cb09516fde2
46,0,R27e75c3d15,C90f73f5c67
46,0,R12d09081d3,Cd6cfa83a3e
46,0,R8934444309,Cadd4dac73a
46,0,R05c2790e81,C7fcb411bee
46,0,R0deb59d80a,Cfa9bfcc3aa
46,0,Rb25fcc776b,C6095d8dee0
46,0,R7319545b92,Cdee3c0c3f4
46,0,R09d20fe0fb,Caceacf7215
46,0,Rb845eed0c1,Ca79ef74d7e
46,0,Rf5187bb21d,C19cc20d2e3
46,0,R6aa2839a83,C3a5b8c4748
46,0,Rb7f0d2cba6,C8f6830953c
46,0,Rf84f5f0d5f,Ce1356ffac3
46,0,R7cfff74f78,Ca6c5e95f72
46,0,Rde70e400a8,C439fba4f22
46,0,R16f2ae66ce,C87dcb9a4c4
46,0,Rb713dabc67,Cfb13502936
46,0,R07fd6300aa,C1af0e62c12
46,0,R758dd0552a,Cda86efa7bf
46,0,R4be54c4076,C15270de27c
46,0,R86a91e1860,C2084435367
46,0,R5d2d37d709,C897898b174
46,0,R25d7b3a731,C94fa935b57
46,0,R071df67102,C84658cfcbd
46,0,R87c84738ef,C898995d308
46,0,Rd3e5cce00a,C80c55b7d64
46,0,Ra65c546663,C356919c6f3
46,0,Rd6a5419984,C5d516b831c
46,0,R7b8a571655,C925ced9762
46,0,R5873304b15,C7113911f3b
46,0,R4d87714f6b,C3eba1b57e0
46,0,R173d9f23ed,C856da8aa81
46,0,R42f30684b7,Cd62843300f
46,0,Ra20eee0bf6,C67357c1a02
46,0,R5148b30442,Ce80b099089
46,0,R1df31600e7,Ccd717de477
46,0,Rb49e4f9924,Ca0a47c9ce9
46,0,R9c338e6087,C37e167bc84
46,0,R11e2ba471c,C3fc5427234
46,0,R3bb85c0f36,C37c055edc0
46,0,R5b519b8926,Cef8e2c5205
46,0,R4f23659b04,C9af37713b8
46,0,R9cefe0498b,C2a355fe955
46,0,R28cb708f32,C674ca96ab8
46,0,R5d51cd073e,C7fa5eca4a1
46,0,R999ac7b5a8,Ca0b69d020b
46,0,R0d37a5664e,C451a677ac2
46,0,Rda2d0cdd75,Cedf7651276
46,0,R9afc04acfa,C379e2d3df6
46,0,R5c673696cb,Cc914c156d0
46,0,Rf3c8a3022d,Cca1f81e167
46,0,R8ecf0e3fd0,C1887310ef6
46,0,Rb216cb619f,C7d53c502de
46,0,R0b9bd22842,C6b8d1a2fb0
46,0,Ra9359aed38,Cf4bfc25660
46,0,Rf3ad8630e8,C2d6ddbfb90
46,0,R55d189d4c8,C5d453b0f65
46,0,R28af3d17a1,Ceedee8425a
46,0,R46363d56e0,C3dc7720c7c
46,0,Re7b3c2fc2c,C99b6aaafdf
46,0,R5dc964f782,Ced873c1fc0
46,0,R22cb33100f,Cb76692d719
46,0,R92042f5fa7,Ca168c9edcf
46,0,R9e84913c70,Cfb0c8b8b5f
46,0,Rab6796b044,Ce41c9a87ed
46,0,Rb7524dcd7a,C166c57751b
46,0,R2c1a131a20,Ca8e3de3dec
46,0,R64a8a7402e,Ca36f4c6400
46,0,Rb067840536,Ce16bcda71d
46,0,R0e6f581cff,C647174e5d8
46,0,R8bde12decd,C318cdca17f
46,0,Rf65e9770cc,C07bfbf7f2f
46,0,R92c286fc78,C1947bcd120
46,0,R8bf9c5f043,C35b51ddd27
46,0,Ra39c3ae750,C928f354d5c
46,0,Re2f78bafe5,C210f113940
46,0,R8169f69ae5,C478a1840ce
46,0,R4861d45fbb,C5251d21359
47,0,Raca48a309f,C8d32e014f0
47,0,R1764a991bb,C0c2957cb6a
47,0,R6150aca106,C3ed8f274a5
47,0,R4a1e5632f6,Ca316afa3cb
47,0,R6164c74e66,C478a1840ce
47,0,R2414d344dc,C1fea690f94
47,0,R7d68cd0ebb,Cd95b64c829
47,0,R91df0cde85,C423682deea
47,0,R0c7072f4e3,Ce13a71ddda
47,0,R53dd95d3b7,Cd66f001a94
47,0,Ra09d2a88db,Ccf7fa15e11
47,0,R18605c7e59,C16402406dd
47,0,R0b968be708,Cf3406e860c
47,0,R546dc455ea,C8bd6ae8fac
47,0,Rc723147a4c,C7b046e415d
47,0,Re6d06f27f3,C2e8806015c
47,0,Rb0d7ea913b,C374f5cb642
47,0,Rcf062f6ad7,C4766755ef9
47,0,R0f9375dfcc,C2e3b997194
47,0,Rb7bab838ba,C47fa98dac5
47,0,Rfcb3ae6a19,C1a968c7fde
47,0,R2f6d14f126,C66f9845a35
47,0,R4406f5efda,C2df4a33a9a
47,0,Rdca51334ad,C3e5182ef7b
47,0,Re2b0fdf804,C4cc06992d7
47,0,Rf7a739b54c,C836f9bfc28
47,0,R4ed12a9020,Cec459e629a
47,0,Rf7c81c3871,Cae16ecd805
47,0,R2f165c92f1,C8156dfcc86
47,0,Rbd0fe1762f,C59109a74c1
47,0,R2c1ebbff1a,Cf2e2b668ff
47,0,R6b11a2df1e,C1a80b7696e
47,0,R96a3252b05,C23cb7ca694
47,0,R876501df9c,Ccbb8d95875
47,0,R9c338e6087,C37e167bc84
47,0,Rbf1722bc2b,Ce21cd1af5c
47,0,R27e75c3d15,C90f73f5c67
47,0,Rcf15eaa317,Cf877785d16
47,0,Ra3a6715b38,Ca1f459b1cb
47,0,R0ae952774c,C6119d23369
47,0,R504e81d62e,C3a685bf075
47,0,R89df5a3fe0,Ce718d3cf42
47,0,R3bf4e4a587,Cd65eb38d3b
47,0,R6f97c7a577,C93f2be472d
47,0,Rb7cfedeff7,C6a5eaf5a7b
47,0,R904bd82804,C2bbe59384c
47,0,R40730e0850,C97266466bf
47,0,R18fb80d3ed,C56ae980741
47,0,R25d7b3a731,C94fa935b57
47,0,Re19bf0cbc7,C4dc3abbe7e
47,0,R4bdf77a644,C3825f3af30
47,0,R9f376f3749,C0e847ff5d7
47,0,R3f741f0197,C8c654210ee
47,0,Rb37c260712,C0ad7ef7541
47,0,Rf4cb304fcf,C45eee599e6
47,0,Rc563ac9509,C36e7907feb
47,0,Rc3a5f60f07,C86f0453bdd
47,0,R3265757b26,C30c33f4a0a
47,0,Rcc8a7fc788,C40497e3019
47,0,R48d67b5345,C0a8db5046d
47,0,Rc233242072,Cb0dcc4cf36
47,0,Rcad4393eb6,C70741d4cd4
47,0,R8b5174c2b0,Ca5e2876fbd
47,0,R27ad7872c7,Caca9fddb10
47,0,R58846c7a88,Ce4cb70999a
47,0,R8ce188c0a5,C9e89ffe04b
47,0,R9c7b0ee921,Ca532dfc048
47,0,Rf8717aea18,C2303e25a27
47,0,R6c61f54dbe,Ce08b65caf1
47,0,R05c2790e81,C7fcb411bee
47,0,R173d9f23ed,C856da8aa81
47,0,R855f1e5f66,C52f7d00f41
47,0,Rd3e5cce00a,C80c55b7d64
47,0,R9b072bf760,Ce49cd4b295
47,0,Rfc0e7bb1d7,Cd050746092
47,0,R3969478771,Cf5011547b7
47,0,Rc7109dfe6a,C0db36f3b94
47,0,Rdb0de92b1c,C5f475d0f47
47,0,R762ef8051d,C68a0712bd9
47,0,Rbcd4b502f2,C7e70ec7cc9
47,0,R29894670d5,C4a4e56a638
47,0,Rb8ed37a024,C73f2ea2d04
47,0,Rdf1d6b762a,C9aac426aae
47,0,R1989d8c6eb,Cded687f727
47,0,R603dada1c0,Cdf59adcccd
47,0,Rd047ea3b9f,C828feb304b
47,0,R2054610f91,Cbac44886dd
47,0,R1cf6743113,C2d79809c7d
47,0,R4ee1a94fe4,C2262a72e2b
47,0,R15173b9126,Cea3212cdc8
47,0,Ra7c17c6cb9,C9271e1fbf0
47,0,Rf22aef385d,Ce8f038c0c9
47,0,Rb2d6b15aa9,C5021d40d0d
47,0,Rb8044cfd2e,C9092a123db
47,0,R49503dddf1,C0e40bc904f
47,0,R5fdbe67aff,Cc0c558a390
47,0,Rb6bc12256e,Cf29dfdc65a
47,0,R364c87ae5a,Cf2ed113a83
47,0,Rf35417e94b,Ca9ac4c3802
47,0,R3c2ca6c4e0,Ca13d9bee71
47,0,R4c4097058b,C4617cd5c86
47,0,R20b7095ec6,C3e3a61b39a
47,0,R2d76400276,Cf4dec67754
47,0,Rde0d0eca62,C1aaf44cb5b
47,0,Ra8186bd42e,Cd1b17c517e
47,0,R0637e7f8b8,C610d268547
47,0,Re10f079ad6,Cb896db963d
47,0,R46d0d4be21,Cbc5147016b
47,0,R2372ec7f69,C48394d793e
47,0,R9ae9d34398,Ce33c1f965a
47,0,R00a468a34d,C057b45255c
47,0,R7d4c760178,Cd884f68f15
47,0,R0ddbe9f807,C2a96df8f17
47,0,R348061b6f7,Ca8f84c45ec
47,0,R0160113881,C46f7a6b20e
47,0,Rd520c30b06,C47782fd40c
47,0,Rdf65520445,C91f8aec1bd
47,0,R9559a93918,C25e17b4dde
47,0,R1d47694a0e,C4128ab2d37
47,0,Rf6ef5791d7,Ca198761341
47,0,R467672ff88,Ce3c320d71d
47,0,Ra32ef71fa4,Cbe31627d98
47,0,Ra1b827ceb3,Cbf796b67e5
47,0,R0ec39e9ce6,C7f3a2f46db
47,0,R8c8b1676c6,C644b7102d6
47,0,Red749ff3f7,C2fbf2faa11
47,0,Re2f78bafe5,C84d691f03e
47,0,R6b99c6451f,C5f01fb1144
47,0,R92a191a742,Cd6633b638d
47,0,Rae99808187,Cc44ca40356
47,0,R4861d45fbb,Cca6727af06
47,0,Rf9da229fe8,Cce42e6fda6
47,0,R21f67556db,C1cbbf19d62
48,0,Rd5a395d19f,C37d9c57246
48,0,Rf7fc7db10f,Ce807d1e6e4
48,0,Rc7b92d7e03,Ccc99ea211a
48,0,Rb239f5f5d3,C7778bd8c9a
48,0,Rb4f6b5fb12,Cb66435ed12
48,0,Rff25727bbc,Cc8635f20a8
48,0,R897582facf,C3ba6047e5e
48,0,R26cf93846a,Cceeb4e521e
48,0,R94428fcac5,C8a1d70adcc
48,0,R3e37dd0a88,C7568d67bca
48,0,R3485251a5d,C7004dd56f6
48,0,R37f6ba379c,Cb73745bfbb
48,0,R447ebd88d0,C50ff877621
48,0,R09d20fe0fb,C7e17e9958a
48,0,Rfe5a4df500,C5eb0c1da7f
48,0,Ra545cb0752,C55082baa29
48,0,R27291c2605,C1efe5ee63f
48,0,R92042f5fa7,Ca86b067e70
48,0,R164457aa00,C974887d3a8
48,0,R4b0a8a6c29,Ce795a8142a
48,0,R0b2b5d4869,Cc8e20ea4d2
48,0,R1ca653c9a8,Cccfab5366b
48,0,Rde37bb23d6,Cc3f4bed0be
48,0,R5ead378b04,C4fc3bdde6a
48,0,R6206328343,C7f5d84d749
48,0,Ra72836de74,C40550e8ea2
48,0,R9afc04acfa,Cc503e02050
48,0,R36ac72187d,C201799d06f
48,0,Rccbefe64dc,C30a4e5b0bf
48,0,R5d23697dd9,Cd30d1783ae
48,0,R803de901df,Cc2e3ae5225
48,0,R8c65a8ec30,C220f3cb483
48,0,R4687b4ef82,C815b177480
48,0,R7d07585245,C3b1a92bf44
48,0,R112e123c6b,C4b59a9a04f
48,0,R66815d4b73,C4bcb6ab1bf
48,0,R82434c5d2d,C640dba7137
48,0,R3d65dd3d79,Ce079e06935
48,0,Rdd293c4055,Cafede2a64d
48,0,Ra8ea0da3ce,C1b67f19775
48,0,Ra9e5f30bce,C6004ae9e51
48,0,R5b43eb295d,Ccf2310646b
48,0,Rb780816011,C027c543eb7
48,0,Rd5cea760c0,Cb656a9690e
48,0,R1cf6f251ac,C8b0a5a009d
48,0,R8dda0b5e20,C252b4d8c35
48,0,R33afb8abc9,C9dec227aad
48,0,R8c0cd338d9,C41ac503349
48,0,R2051389b90,C05c720064e
48,0,Rc437f35b1f,C1754d5af4e
48,0,Reffc8594b3,Cc1f875580c
48,0,R90bf1724c6,C015f902d85
48,0,R7655b99596,Ca331f790ec
48,0,Rf3ad8630e8,C4f556448c7
48,0,R4b52d9be6a,Cfa573c7f8f
48,0,Re01578125b,C587676d4b1
48,0,Rcc9575c98a,C5db2ebb7f2
48,0,Rddf6657707,C16ef794036
48,0,Rc4b17c4231,C0ab6cc07a7
48,0,Rc3dda1bcc8,C059419921b
48,0,Rb6bc12256e,C7654d0584e
48,0,R2aaefe75ed,C69e6ca613c
48,0,R5da4caa26f,Cf8240ea220
48,0,R4b9063b3bb,C2bd5df4411
48,0,R49503dddf1,C676ddfb6c9
48,0,R92e2493af5,C60e6f183a5
48,0,Rd649ea8d37,C7782d75c51
48,0,R912a528ea8,C6ea807512c
48,0,Rf6e89285ea,Cf50547a347
48,0,R9e37ea86aa,Cd62c39ced0
48,0,Rba663c5625,Ce8ba4b7b56
48,0,Rf8e693e024,Ce954e3fb7b
48,0,Rcc8ea3a0ac,Cdf56d4ea04
48,0,R25197e5788,Ca7ff06127b
48,0,R95b44520b9,C6bcf56c05f
48,0,R0dcb2ef4c8,C336802b155
48,0,Reb630e2d13,C93ae063dfb
48,0,Rb2d6b15aa9,Ce5f8f305a1
48,0,R669fb5cd53,C000df26c56
48,0,R0a1dcb3d4d,Ca0508f7443
48,0,R9076c86183,Ca9b85fca32
48,0,Rb637e7c883,C332a60e093
48,0,R077075c308,C3b02fd0531
48,0,Rc23d354ea4,Cf2536d597b
48,0,R2044ea69a2,C2f0cdcf727
48,0,R85c4f98f13,Ceedb701133
48,0,R763cc767af,C4129051c01
48,0,R90e42285fa,C3f1a567966
48,0,Rba2205142c,C4e6814b666
48,0,R6815615934,C8ac8f0ab7a
48,0,Rf65e9770cc,Caebe8911e0
48,0,R9b1c9b4ae3,Cc3497054aa
48,0,Re10f079ad6,Ce5e2d3e9a8
48,0,Rc4ea60aa06,C5db42025f0
48,0,Ra0cf29e9ba,C177f4ce796
48,0,R0abe1521a4,Cf9db0cf2ac
48,0,R713abae79e,C21be67e4cc
48,0,R0637e7f8b8,C0f48274142
48,0,R7ee1e7231b,C6e0415462d
48,0,R0d19870981,C63eb92bf2f
48,0,R74e7ce00f5,C2bd016a613
48,0,Rc0d1d533f2,Cb54f3fa203
48,0,Ra8186bd42e,Cc4ab8e6c55
48,0,R16d79de623,C84bdb38966
48,0,Rdd93e4127b,C65f7e43845
48,0,R16b7fd8f42,Cd1ed0faeb8
48,0,Rfec1266c2e,Cf837632a47
48,0,Rb40d201690,C245d6f7b94
48,0,R2d72529055,C96a33c6e8d
48,0,Ra4733e8c25,Cac5f2e5bc2
48,0,R209a8f8e9f,C3c3d90674c
48,0,R994e734eb6,C2877d30227
48,0,R4808625c18,C2f50ab8ddb
48,0,R3031613559,Ce9e1ddf281
48,0,R1b01a4c959,C5b1e5fd774
48,0,R3a8d6dc91f,C6b3c0e442f
49,0,Rbf946f4812,C9e2412454b
49,0,R5dd445fbe3,Cf4a3309831
49,0,R8bcba3e5ad,C1723286eb5
49,0,Rc3fd0bcc64,C6305ffd8b6
49,0,R6fc3323fbf,Cf00a70d61c
49,0,Rfecc5b5c8c,C5fe759a501
49,0,Rc765a6f353,C787028b82f
49,0,Rb239f5f5d3,C7778bd8c9a
49,0,R269aee2f2c,C050169bd7b
49,0,R8f2ead55b7,Cb1b671c234
49,0,R52f131404f,C169769c7e7
49,0,R6aa2839a83,Cec30168266
49,0,Rdb3e86f67c,Cca0dcf5b03
49,0,R2961142538,C576329c774
49,0,R876501df9c,C8d29ed9361
49,0,R3ced5861d7,Cb7cd980674
49,0,R15f1566fdb,C5dc8af9d2b
49,0,R87c84738ef,C05e2e6940e
49,0,R0e41ef0f66,C657304c434
49,0,Rb4f6b5fb12,Cb66435ed12
49,0,R9c88ffc4fa,C39e21ebb4a
49,0,R3db3d9f4b6,C26a0035646
49,0,R450582df83,C18b5eef974
49,0,Rf48750f5b4,Cb77878762d
49,0,Ra3332e425c,Cb40e0ad64b
49,0,R6385d97e50,Cd857ff95fd
49,0,R4406f5efda,C9be2fedc65
49,0,Rbb3893270d,Cb6f9b737b4
49,0,Rc5779c27cb,Ce574f0d2ba
49,0,R4999a85528,C6f4169c6f2
49,0,R6080f6c16f,C9699dfba64
49,0,Rc7b92d7e03,Ccc99ea211a
49,0,R893b795b5a,Cb646fe4de6
49,0,Rb9876a14d2,C9eefe3f5d6
49,0,R4466b3e773,Ccde0e1604a
49,0,Rbcc296231f,C05d19d24a1
49,0,R06c02ee15c,C3d9fb865e5
49,0,R8d151c94ac,Cfda38aa399
49,0,R67e8b039c6,Cb8315015c2
49,0,Rd3e5cce00a,Cfcfda03431
49,0,R37f6ba379c,Cb73745bfbb
49,0,R12ccb868de,C690826b504
49,0,R70c8910c88,Cd7207c29a4
49,0,Rdb6ab94ea5,C935bc854a7
49,0,R42071cf341,C1a6fe41595
49,0,R4b73a32ef1,C7b94158eed
49,0,R0ae952774c,Cbfc947d593
49,0,R4d87714f6b,Ca1fda041eb
49,0,Ra4671823b2,C545cf1de9f
49,0,R23cf48d18b,C85bbeb5382
49,0,R62373df43d,Ca296232cc2
49,0,Rfbd4e87134,C80f28270b3
49,0,R1d66f8de87,C2aa442d5cc
49,0,R4ea36eeb40,Cc34824ebbe
49,0,R343ef54bb9,Cc1d6016fc6
49,0,Ra3ad86d067,C2fc187bcca
49,0,R94428fcac5,C8a1d70adcc
49,0,R01c991f0e6,C220f4339f7
49,0,Racf227c9c1,Cf89d91f0f8
49,0,R8d92b12dae,C24293bf0e8
49,0,Rc723147a4c,C303d34f022
49,0,R86b8366657,C9dcf26d97d
49,0,R25bf06afd7,Cd42d54ae8a
49,0,R0ec26fe759,Ca8562fa5c2
49,0,R5727fda5d6,C3e1b6e970d
49,0,Rdf9e3190aa,Cd34da91ea1
49,0,R3be457ac0a,Ce2d2bbc1ad
49,0,R7e672d831e,Cb4965f9b05
49,0,R447ebd88d0,C50ff877621
49,0,R0c05762e9c,Cb5eea71b57
49,0,R63ca6779d8,C398203a2d0
49,0,R9337f41d57,C122f500a90
49,0,R54a9287dec,C7518cc8776
49,0,R4af62a87b8,C21e5cebcb3
49,0,R407f61b100,C9a5e739c88
49,0,R032190fdb7,C8b117a28e4
49,0,Ra56d0d151d,C9462e1bc75
49,0,Ra1d88ad464,Ca8ee30c798
49,0,R7cd9a04de9,Ca23257c147
49,0,Re119d2542c,C0f9fa0bcb9
49,0,R33aec020bb,Cbbddbe8a29
49,0,Rd116568444,Ce9007dd1e4
49,0,Rb30ed401b7,C2cc697cf4d
49,0,Rbb96b1c64a,C6a544df045
49,0,R92fae8b4d8,Cd73b9f820f
49,0,R1741256091,Caa0477449a
49,0,Recc924c1d8,Ceddb2c5276
49,0,R09d20fe0fb,C7e17e9958a
49,0,Rdb38fa5e16,C2c49207b30
49,0,R53c99c6795,Ce33fca4e8b
49,0,Ree0f6f1b27,Ce27d3fb000
49,0,R3e0368607c,Cd2efd7373d
49,0,R4be54c4076,Ca12fa612fa
49,0,Rfc2327f784,C9e3154c09d
49,0,R641642772e,C688d58328c
49,0,Rf44690598b,Cafba8cbbe6
49,0,R6f97c7a577,C148c026e21
49,0,Ra5d4739cd1,C68bb809d4e
49,0,Rfb250e526d,C194dd16de8
49,0,Rba671b9505,C1b4d8b3d52
49,0,R4bf1da8cc9,Caab57ac0e5
49,0,R862535669b,C70dff3b076
49,0,R6fdb49c12c,C1ee3e8b62b
49,0,Rf5ed965f2a,Cd163d3533f
49,0,R24d6180a65,C12e7d5005b
49,0,R1a3c99dc28,C74c08adb8e
49,0,Rf87e1c5261,C9e9cd8cbbd
49,0,R5e9715e59a,Cb7e8f2b11d
49,0,R941ce45a08,C2319e1e99b
49,0,Ra19e96dda2,C13523457a9
49,0,Rb9168a8bad,C0d121ced38
49,0,R9dc822d8d8,Ce1c03b2bd1
49,0,Rba5d717168,C4a8c72ff6d
49,0,R8980f43c22,Cec0bf6b96b
49,0,R8b641878c7,C986899b8c5
49,0,Rfd64f62036,C872ad9a68b
49,0,R25d7b3a731,Ccb4199a924
49,0,R64410982f3,C616a38f680
49,0,Rd7d05cc28a,C2f0a9e72a8
49,0,Rcdd8b26589,C6e3e240dc1
49,0,Redaf1e36e5,Ce9b0ebea44
49,0,R47b66599d5,C61d6f8f2e9
49,0,R9a94f725fa,Cab0a09163a
49,0,Rdb65fda095,Cbc4b236282
49,0,Rc7cdb5705b,Ce8ddc95182
49,0,R7c53c16242,C98a59b36b1
49,0,R0f9375dfcc,C46ad5bdb05
49,0,R87a2b5e3c0,Cbe68f346ce
49,0,Rb25fcc776b,C4112daaa96
49,0,Rcf0e614c85,C968675832e
49,0,Rdd1a328745,C1332868484
49,0,R6b1c1af053,Cd341f04634
49,0,R04a2173ea9,C00bd742bb3
49,0,R739daeacf1,C57b96e282a
49,0,Rf2e56f6508,Cfcb0e6a1ce
49,0,Rf84f5f0d5f,Cb9042f62c2
49,0,R18fb80d3ed,C1b2b8e6b69
49,0,Ra764317fca,Cc1bbc2e2fd
49,0,R5477459731,C3da1855e00
49,0,R1ef3f585a6,C0953711180
49,0,R4123a62532,Cbc6c2fa3ed
49,0,R9cf585a770,Ca94c951f85
49,0,Rf68aeef6ef,Cecf5c1a00b
49,0,R2ce18acede,C6c672f6bd2
49,0,R74b2f18977,C48b0ac8a56
49,0,Rf53a355a96,C259028ebe5
49,0,Re4cf1b6e97,C957f0db111
49,0,Ra26ef5e9b4,C0d6cf007da
49,0,Rac6d371af1,C5d6d34b53b
49,0,Rf01deb024b,Cac839c4f9e
49,0,R6b51fbe746,C5acee76248
49,0,Re75e0bb2ee,C877e1f5c42
49,0,R2ad4235f54,C3fcb514b03
49,0,Rb713dabc67,Cbd8d317381
49,0,R63235b9e90,C85c4a3d35c
49,0,Reb6b4b82f5,C8449bab1cb
49,0,Rf34c50d242,C7f60af396d
49,0,R35f529c61e,Cec705cf3e1
49,0,Rf7c81c3871,C5d1dde1b68
49,0,R2d9e25b640,C7b0f5775ca
49,0,R0538db065e,Cf699518716
49,0,Rcf9192bc20,C29175bcae7
49,0,R2ff532d564,C40409da3e8
49,0,R110a77f160,Cd5828c0bf2
49,0,R7eaeb0a9b8,C3e47e492e9
49,0,R386907d7cf,C91256d258d
49,0,Rd7f43ce65c,C7c4edffd23
49,0,R650d5f26cf,C3d8f49d876
49,0,R8a1a2e7483,C58e584f892
49,0,R8944a64351,Cf415aa1b04
49,0,R2888706d55,Cc0ee85e18d
49,0,Rf84cdc5865,Ce1fdb8c2c4
49,0,R1702aa5590,C7ae35f96c3
49,0,R11cc9dcbe6,C2856883d20
49,0,R43d36b0590,Ca4e91b6375
49,0,R99052e0983,C10693ec25f
49,0,R13c10435bd,C531280c617
49,0,Rde697ac7e1,C75e60d9f97
49,0,Rbd65188bc9,C4cec1ad5cb
49,0,R2a6716bbcc,Cead02f1c48
49,0,Rc78b0fd298,C6cc083c8d4
49,0,Re0910efca9,C8224c5decb
49,0,Rfb94a37b9a,C44db0ac84d
49,0,R60c09ea9ad,Cb2258caae4
49,0,Rcb6e24ac5b,C472a9e3f7e
49,0,R3dad026edb,C6b0796dae3
49,0,R5e7591bd12,Caf20fc2f32
49,0,R0daeee76fb,Cd317ca7608
49,0,R7751e6a306,Ced3506cd0c
49,0,Rd8d1abd296,C12950d5167
49,0,R13bc15df2f,C70e87cbbcd
49,0,Re86d24ef4d,Cc4bb5d8678
49,0,R54a59b90be,Cb3c60d3905
49,0,R9f266e6c5c,Cae55269e55
49,0,R81fd5b705a,C13d252e317
49,0,Rfdfb92f64b,Caf3eb70be6
49,0,R7c5002d8f1,Cbb33dc7991
49,0,Reff3cde780,C81a2155e82
49,0,R40ef168969,Ce66120ee8e
49,0,R528f569bba,Cc5e6776fc5
49,0,R8628796546,C7fb15731f6
49,0,R7d15dbc488,Cd434178a80
49,0,R8906930090,C1d8020d9e7
49,0,Ra95720ebd4,Cc306004146
49,0,R72aaf88f24,C8a449944af
49,0,Rb7a3928e3a,C319170d1da
49,0,Rf75f5f6ac4,C94ae86c867
49,0,R5dba306c1b,C84de229971
49,0,R4b9ce72023,Cf45c318ba0
49,0,R20b7095ec6,C0ca56f5b52
49,0,R5189dae81f,C05cef93a76
49,0,R00dff86528,C7edee17c29
49,0,R40edd03ea3,Cc5872fb928
49,0,Rd45c9a0431,C1df8477859
49,0,Rd43a8a1b5d,Cb895734b17
49,0,Rbbaa9ec145,C45ad23c3b9
49,0,R0c31ed0d74,C2c0d2045af
49,0,R60d6db6e1c,C0d8425aa6c
49,0,R06cb9b691f,Ce8f775feec
49,0,R5877a0c58c,C3400bc60c2
49,0,Rde0d0eca62,Cd635d1edfc
49,0,Rc933840fc6,C96e5e547e3
49,0,R200c6de8f6,Cec397d20b8
49,0,Rd1567d0f8c,Cac6c4c7943
49,0,Rffd317ed00,C1d5b6d7a82
49,0,R9a8203b74b,C9717a2ba32
49,0,R82bd9148d1,C7747fc6c39
49,0,Rae09881491,Ccfbd2d4fa0
49,0,R1cf6f251ac,C23c664744c
49,0,R7b8eeda0fc,C021602678d
49,0,Ra153ce804f,C9aea9df925
49,0,R7be847636f,C7b77088625
49,0,Rf60c039a1e,C740534621f
49,0,R6f9bac64d6,Ca3c63d1d0b
49,0,Rd23678458e,C70a28d3c65
49,0,Re7b14085ff,C372b6d240f
49,0,R94a11202f3,C7a77f52255
49,0,R7e7667389f,C923ad5f0c7
49,0,Rdf5e5df82b,Cf3a733b14c
49,0,R9afc04acfa,C5fd507710c
49,0,Rcaa8eb4327,Cab45775d72
49,0,R3b49e00df0,C36249bb6e2
49,0,Rf35417e94b,C1ed92ab49d
49,0,Ra939ed7ebb,C04d35f4495
49,0,Rf2511f5f35,Cbfbcdd435a
49,0,R6158cb8bea,Cfe4a5e8331
49,0,R7cc4456332,C3c8217290e
49,0,R8bb466f97b,C4954e29937
49,0,Rb97fcbb0e4,C8a398c9652
49,0,R2e85008dca,Caf8cdd39b9
49,0,Rde26774346,Caf8cdd39b9
49,0,Rb966964707,C4f5e667321
49,0,R27c7293f01,Cc6f2da5c16
49,0,Rcd1ba9ea54,Caf8cdd39b9
50,0,R2961142538,C576329c774
50,0,Ra9f18483b8,Ca8d16888da
50,0,R6164c74e66,C2601dc8e59
50,0,R1865684dfb,Cf206a707ae
50,0,Rcf0e614c85,C968675832e
50,0,R824cebef21,C18f257f702
50,0,Read27df1a8,Ce7fc3ffa61
50,0,Rc3fd0bcc64,C6305ffd8b6
50,0,Rbb3893270d,Cb6f9b737b4
50,0,R309849d9e3,Ca3dc0edc9a
50,0,R92fae8b4d8,Cd73b9f820f
50,0,Ra46fcfb13f,C90e87812fd
50,0,Rc2d2e33d29,Cc59077e4ba
50,0,R74b3810145,Ccedb9e333c
50,0,Ra502d46cd3,Cdb1b9007a4
50,0,Rf7c6784dd3,C4ae6a581a9
50,0,R86b8366657,C9dcf26d97d
50,0,R4466b3e773,Ccde0e1604a
50,0,R9ddeba2ace,C9b7b29d199
50,0,Ra09d2a88db,Cb52211cf3e
50,0,Rf38ab65030,C6d4e0c2243
50,0,Ra5d4739cd1,C68bb809d4e
50,0,Raed2e77f66,C589975a34d
50,0,Rca4239e010,C3ec056625f
50,0,R082b2bb0f5,C255571b8e8
50,0,Rcadf513fee,C98b9ce49b2
50,0,R39a1261dd4,Ce07e45883a
50,0,R8bcba3e5ad,C1723286eb5
50,0,R876501df9c,C8d29ed9361
50,0,Rc19f17c92b,Cf86e24a9c7
50,0,Rcf062f6ad7,Ca3327861eb
50,0,R8f2ead55b7,Cb1b671c234
50,0,Rb89defcc11,C2305a25fb0
50,0,Rcc356652a0,C6510a9420f
50,0,R546dc455ea,C7d9efd38d8
50,0,Rc5779c27cb,Ce574f0d2ba
50,0,Rdca51334ad,C78a763bc4d
50,0,R6f97c7a577,C148c026e21
50,0,R4af62a87b8,C21e5cebcb3
50,0,R859231020a,Cdc6e12d9a3
50,0,Rde3381918d,Cdcfb3ee1b5
50,0,R325dc1ae16,C6a325d8b86
50,0,R49b1d2ee75,C97b92abb35
50,0,Rbe69058097,C81e6ad61ed
50,0,R4b2c57d030,C57df96155e
50,0,R40730e0850,Cb6a0b580f2
50,0,R8ba40a0580,C2cb1eb0b45
50,0,Rc3a5f60f07,C5c2f589204
50,0,R088330d24f,C910edde88f
50,0,Raeeccff6e2,C4d48262a1f
50,0,R908b85d6fb,C076a8b6a66
50,0,Re82eabfc6f,C27893b7f54
50,0,R4be54c4076,Ca12fa612fa
50,0,R91d67e113a,C6977612699
50,0,Rf043447f93,Ca8fce98a7f
50,0,R3ced5861d7,Cb7cd980674
50,0,R2305bca064,C593f22863e
50,0,R86fa189be1,C226dfd32a9
50,0,Re42bf78a66,C4fa090dbb9
50,0,R4123a62532,Cbc6c2fa3ed
50,0,R472c10068d,C2dc488bade
50,0,R7f9cf5a56e,Cb67aea6d69
50,0,R4f6970480b,C26f0e71c82
50,0,R5d3293bfdd,C34a8d0c193
50,0,Rdb418c6721,C9f3098e9b2
50,0,R2603386a4e,C623fc9e35f
50,0,R54beab4110,Cea8b5d781e
50,0,R672c7fbc87,C40a6601579
50,0,R5975b27937,C518679878d
50,0,R04a2173ea9,C00bd742bb3
50,0,R36fa86cde3,C957039b8f9
50,0,R9d6ee464b8,C1d51e11d4f
50,0,R0ae952774c,Cbfc947d593
50,0,R5ea337f39e,C1db7b1c06d
50,0,R0e59479321,Cd825b5381e
50,0,R1ef3f585a6,C0953711180
50,0,R5b740725e4,C10e5a47d60
50,0,Rc7109dfe6a,C4a7bdbc554
50,0,R9f376f3749,C3ceab1c80c
50,0,Raff1368d5b,Cf5b2e24158
50,0,R12ccb868de,C690826b504
50,0,R70c8910c88,Cd7207c29a4
50,0,R407f61b100,C9a5e739c88
50,0,Ra65c546663,C1b32e55b16
50,0,Rba5d717168,C4a8c72ff6d
50,0,Rc78b0fd298,C6cc083c8d4
50,0,R93582add2e,Ccff3748495
50,0,Ree4a5d68db,Cec86da464d
50,0,Rd8d1abd296,C12950d5167
50,0,Reb586b589d,Cd0ac442055
50,0,Rf5d0f57d15,Ca98a7bde42
50,0,R0ec26fe759,Ca8562fa5c2
50,0,R8556a3432e,C34c3fd79cb
50,0,Rc723147a4c,C303d34f022
50,0,R8144dc5745,Cbaa57cea66
50,0,Rf7c81c3871,C5d1dde1b68
50,0,Rde697ac7e1,C75e60d9f97
50,0,R2888706d55,Cc0ee85e18d
50,0,R40ef168969,Ce66120ee8e
50,0,Re75e0bb2ee,C877e1f5c42
50,0,Re34311fbb9,C204e4b2d3a
50,0,Rf75f5f6ac4,C94ae86c867
50,0,R74b2f18977,C48b0ac8a56
50,0,Reb6b4b82f5,C8449bab1cb
50,0,R8944a64351,Cf415aa1b04
50,0,Reff3cde780,C81a2155e82
50,0,Rf53a355a96,C259028ebe5
50,0,R9add43f895,C9567314b72
50,0,R0538db065e,Cf699518716
50,0,R99052e0983,C10693ec25f
50,0,R8a1a2e7483,C58e584f892
50,0,Rf84cdc5865,Ce1fdb8c2c4
50,0,R11cc9dcbe6,C2856883d20
50,0,Rd53729e31e,Cb7ff3ebc56
50,0,R0daeee76fb,Cd317ca7608
50,0,Rb713dabc67,Cbd8d317381
50,0,Ra95720ebd4,Cc306004146
50,0,Rfb94a37b9a,C44db0ac84d
50,0,R35f529c61e,Cec705cf3e1
50,0,R2a6716bbcc,Cead02f1c48
50,0,R4c8138b5b9,C083ce2659f
50,0,R3dad026edb,C6b0796dae3
50,0,R43d36b0590,Ca4e91b6375
50,0,Re8b90095c4,C56be701b4c
50,0,R532e032c00,C013a81019c
50,0,R8980f43c22,Cec0bf6b96b
50,0,R7d15dbc488,Cd434178a80
50,0,R9f266e6c5c,Cae55269e55
50,0,Rdfddf06c08,C72011dbe41
50,0,Rb81c73b41f,C5c0b945f10
50,0,Re0910efca9,C8224c5decb
50,0,Rf34c50d242,C7f60af396d
50,0,Rcb6e24ac5b,C472a9e3f7e
50,0,R9398cb8fd1,C5208688ee1
50,0,Rb8301c0a06,Cc102de1484
50,0,R13bc15df2f,C70e87cbbcd
50,0,R7751e6a306,Ced3506cd0c
50,0,R54addd1848,Cf1da9ee4b2
50,0,R7c5002d8f1,Cbb33dc7991
50,0,R33c8951b9e,C444bf36d6b
50,0,Rfed2f1d9bb,C672dddb63b
50,0,R7eaeb0a9b8,C3e47e492e9
50,0,Ra076716476,Ce59c8000ef
50,0,R528f569bba,Cc5e6776fc5
50,0,R81fd5b705a,C13d252e317
50,0,Rd419b2350e,C5bde964883
50,0,Rbdfc230ba0,Cdaf9c19865
50,0,R47b423aed8,Cff42b51581
50,0,R5dba306c1b,C84de229971
50,0,Ra4433ff79c,C7e8d602394
50,0,R8c1f4fcbfe,Cc6f3810b1e
50,0,R788818b4b8,Cdd6845a0db
50,0,Re42cefe0ad,C26a6f6acfe
50,0,Rf61eff09f6,Ca14c047ee3
50,0,R06373dd090,C1c95462897
50,0,R97aeffc5cb,C5587addb7f
50,0,Rca1e230ed4,Cfc7c7f4011
50,0,R1f93393ec9,Cd917a98c1c
50,0,R0378c689c3,C56623672ca
50,0,R88bed7a64b,C1f12af661a
50,0,R82eb8fa0be,C7314c8757e
50,0,R8758d010dc,C8948606797
50,0,R76b12f1505,C6173ffcb37
50,0,R398e3a870b,C69d8c921b5
50,0,Ra08f1d8f6b,Cbad116068a
50,0,Rb22c0221fb,Cf975b286a3
50,0,Re4bdef1924,Cfb40037a5a
50,0,R3cfa602544,C95186283ce
50,0,R2be776d4b2,Cb411ac5e72
50,0,R72a8bfae5a,Cf07610d1d0
50,0,Rf653b6eea7,C0af452c909
50,0,Rc2a03e00bd,Cf9b724716c
50,0,R3704d26545,C33bca2185c
50,0,Raa49947ba6,C7ba19e9dd9
50,0,Rbdffea4932,C1b4e8f9f74
50,0,R0afbeac1bf,Cc9ca22318e
50,0,Rb75b8a11a8,C62fb52c08b
50,0,R702c1a57f9,C2d5b11f46c
50,0,Re0d0146a75,C47e9ac05da
50,0,R2d76400276,C604a4f3635
50,0,R5ead378b04,Cc0cfa05942
50,0,R66f2df54e0,C715292a615
50,0,R03f0d40dcf,C3b5f9c41c4
50,0,R26b6d29c53,Ccb40eb9740
50,0,R44bdb5dfcf,Cee60ec57bc
50,0,Rbfeaa71c82,Cbf6a11a638
50,0,R964bad6baa,Cde658869d1
50,0,Rc5237999fa,Cba0d810af8
50,0,R0abe1521a4,Cc8f8bba71d
50,0,Rca05d1dd77,Cb644f6b12d
50,0,R454f98f069,C2a9c10cfc2
50,0,Rd8a3901ce9,C01adfe9225
50,0,R2adb631d9c,Ce739e30543
50,0,Re5ecd734ff,C0377e6a340
50,0,R61cb474a43,C45116f925d
50,0,Rf3747f6620,C9cc7ab4071
50,0,R4808625c18,Cce50a62351
50,0,Rda02038967,C353b931495
50,0,Rfa5168296b,C595fadf8c5
50,0,R12891a886f,C215ca11d32
50,0,R5ff510e556,C2d8c811f10
50,0,Rba2205142c,C68db3cc957
50,0,Rebf11fb00c,C2eb2b66309
50,0,Rb6aeabf1a7,C079b878cf8
50,0,R7891c52938,Cda48fdf8eb
50,0,Race36dce7d,C89296aeafe
50,0,Rc00af12b14,C0e92cf7ff3
50,0,Rc4ea60aa06,C01c6ac8305
50,0,Rc0d1d533f2,C4973d38571
50,0,Re6a48125f8,C3d73752997
50,0,R8973acca57,Cb75e36e8c1
50,0,R0339da57f2,Caf93e02077
50,0,Rba1e212aab,C3d448d2f93
50,0,R4cd3d75352,Cb841f4dd98
50,0,R14c89bab4e,C5b08eb878e
50,0,Re792279cce,C488aff9cac
50,0,R218cf5e75a,Ccbb6691db4
50,0,Re62f275444,Cccfc07ac5b
50,0,Rba5d5bad04,Ca3f58ac4b0
50,0,R51c1bdb6c1,C421965eb25
50,0,R92d823b02c,Cf5f1466ca2
50,0,R668278da1d,C9dc0c9a95f
50,0,R44630032a0,C3b50984e7d
50,0,R4eb42cce50,C6cc63916fe
50,0,Rb09ba9d2e2,Cb0e2fcc3a9
50,0,R9abd7e747d,C4a5ba7561c
50,0,Rc38524deba,C6a69dc2c3b
50,0,R7fae6f9030,C9242dc567b
50,0,Rad4f17d382,C11e1a99246
50,0,Re9e0739ebb,C94bc8399a7
50,0,R1baf29682d,C9d33de5d06
50,0,R7df793c247,Cba932c41cb
50,0,R9b30a46e92,Cb8ce5503aa
50,0,R136b263f51,Cac9ee4a6e6
50,0,Ra6b295e5b7,C856b148b25
50,0,R23d0552ab3,C18ad7af9c9
51,0,Rba6ffc3894,C9fdf4c3790
51,0,Rb968ab2cb1,C931633a751
51,0,Rb9876a14d2,C9eefe3f5d6
51,0,R2f6d14f126,C8b98c443c8
51,0,R87c84738ef,C05e2e6940e
51,0,Rcf5b58676d,C1d483448bd
51,0,Rfecc5b5c8c,C5fe759a501
51,0,R4999a85528,C6f4169c6f2
51,0,R0b968be708,Ccbb6f5d4fc
51,0,R7d68cd0ebb,Cc966690108
51,0,R6fc3323fbf,Cf00a70d61c
51,0,R3ced5861d7,Cb7cd980674
51,0,Ra05a0e5a8c,C5930540ce9
51,0,Rd419b2350e,C3c19f34399
51,0,R5477459731,C3da1855e00
51,0,R173d9f23ed,Cbc0369d9e9
51,0,Rc723147a4c,C303d34f022
51,0,Ra764317fca,Cc1bbc2e2fd
51,0,Re8cb2e6e7d,C8a5896ca62
51,0,Rbfc4dd2328,Cb8ccea1c88
51,0,R532e032c00,C013a81019c
51,0,R046fb94198,C79834c311b
51,0,R8458bf1f9b,Cb81e1d42d4
51,0,R27a7e133d0,Ce88e757f27
51,0,R2be02709cd,C9956b7a246
51,0,R14ce7d1a8e,Cddf519abe5
51,0,Rb7a3928e3a,C319170d1da
51,0,Rc3728157c6,C7b3b3723a6
51,0,Rf1864b62d4,C15f2c50c73
51,0,R4e5f220cae,C7c0e511a98
51,0,R579299eef0,Cc521683992
51,0,R50dbf55c30,C8cd5dc57a6
51,0,Rc68b061a88,C8282197c6d
51,0,Rc16c6772da,C648cd93414
51,0,R6080f6c16f,Cd2dbc5eade
51,0,R74a91dac45,C292df68c8f
51,0,Rb9bfb84dd7,C52bf73a8f7
51,0,Rf77b4f2dcf,C0116956729
51,0,Reff3cde780,C943ee99cea
51,0,Rc5157d600e,C7e48381fb9
51,0,Re8a39ead5f,C48ebe0649d
51,0,Rb4f6b5fb12,C5886d073d5
51,0,R03ef95e49c,C710446a4f1
51,0,Refd185c576,C8cd5dc57a6
51,0,R44150e2ecd,C7c286d1ca5
51,0,Rb239f5f5d3,C8282197c6d
51,0,R2961142538,C85ef7d26a1
51,0,Rb43605cf94,C9f616b52f0
51,0,Rfb4da864af,Cd0e74d62f4
51,0,Rff25727bbc,Ce0cbb51291
51,0,R09ea076752,C69d5b73c57
51,0,R8ff5c8460e,Cb8cf016599
51,0,Radece755fe,C5d0149602f
51,0,R41c802f081,C481f669ffe
51,0,R4d3dcdd594,C481e99b121
51,0,R07480efa22,C3e065e26bf
51,0,R7ba8f82431,C6396b105d3
51,0,Redc6fd599b,C655eb4ff81
51,0,Rc7b92d7e03,Ce7d471ed47
51,0,Rcadf513fee,C69c2ee77be
51,0,R47e22af20a,Cc521683992
51,0,R5d42bed286,C83ce612bdd
51,0,R8f2ead55b7,C407bc64fd1
51,0,R9eeec34c13,C069243c343
51,0,R3fcece5f23,Cabdca3c107
51,0,Re98f09d2d8,Cc264966660
51,0,R04e266bdec,C95c1241a34
51,0,Rf1d8c0db16,C6291ed2ad2
51,0,R25a60fb6d3,C0f9e4abcea
51,0,Rf01f94427a,Cbc5452fd05
51,0,R1918587177,Cd4c9700e76
51,0,R3dc46878fa,C11dc200d8c
51,0,Re6b43c5867,Cff6e0a52e0
51,0,R9c88ffc4fa,C3b5bad73ea
51,0,Ra5d4739cd1,Cb39bbb09db
51,0,Rc356d2001b,Ca7c238468e
51,0,Rdca51334ad,Cbb1f09e430
51,0,Rce3687abc2,Cf3d4387666
51,0,R546dc455ea,Cbe905619bb
51,0,Rc47d23a497,Cb75813ceb3
51,0,R35d7389b9d,C09a7a7b5fb
51,0,R8bcba3e5ad,C37f6a41caf
51,0,R53a26702c9,C9f1c893245
51,0,R8ba40a0580,C5eadc1eada
51,0,Re8a9a62135,Cdd4cfc1be4
51,0,R4c3b1edc98,Ca63804f19b
51,0,Rdae9d8d82d,Cc72c4ff8ce
51,0,Rf25455d7c4,C818da5d1c3
51,0,Re4d672c6e6,C96da796620
51,0,R9209a05295,C5db77d9564
51,0,R7e672d831e,Cc2ad290fb9
51,0,Ra5dd8d1448,Ce25194ea59
51,0,Rebf471bd35,C6208f38380
51,0,R5412b72720,C66fbda570a
51,0,R8144dc5745,C926d49bd4b
51,0,R804a62ddcd,Cc1cf09a5ca
51,0,Re67846777b,Cd9a8a0efa4
51,0,R09d20fe0fb,C8d515aca3f
51,0,R045878eea9,Ccf0e37e98e
51,0,Rdab46ad123,Cfccadc06de
51,0,R876501df9c,C6bc82aabed
51,0,R64bea7054c,C47e484e165
51,0,Re4cf1b6e97,C5e1389cc2c
51,0,Rc273f9de99,Cc56c1bdd96
51,0,R62373df43d,C6068ec5f90
51,0,Rbae83b6733,C66bd344f1f
51,0,R49b1d2ee75,C20386005cc
51,0,R54beab4110,Cbae3028829
51,0,R8e29e2465f,Ced616e020e
51,0,Rc8fdf582fc,Cf2cefbb66e
51,0,Rb2ace76d2b,Cf0eabad94b
51,0,R43a9fe1583,C591e9a20ee
51,0,Re3b2b4cdad,C0f77023a32
51,0,R1ffbf14000,C70221f8497
51,0,Rda3ea18a33,C7e45a1ee19
51,0,R92fae8b4d8,C9966c65db9
51,0,R76be10c1fc,C2ee2a37afb
51,0,R0e59479321,C459e4d2819
51,0,R6f97c7a577,Cad540b686a
51,0,R2305bca064,Cbec735138c
51,0,Raddf29b1b4,C58629e7c6f
51,0,Ra19e96dda2,C65c6919093
51,0,Rc33c7793bf,C19ceb28279
51,0,R1bfbf7459b,Cda2eebcd2b
51,0,Rb10ec6f5ad,Ccbca71d5ef
51,0,R8f617d5c5f,C05df079840
51,0,Rc73227d7a9,C0c41b4d9a9
51,0,R69655afbe8,Cf6a18790a5
51,0,R8b641878c7,C0d90e6481d
51,0,R359cf91b35,C91aadeb4d1
51,0,R9a94f725fa,Cead1866140
51,0,R18d304dee3,C6189074907
51,0,R8018fc8e7f,C876b51512e
51,0,Rcfdb206ae7,Cb145bf3694
51,0,R58113ea58c,C5a4d14db25
51,0,Rcc990bcce9,Ceacdcf729a
51,0,R897582facf,Cdd2a8ee06f
51,0,R3b6af61ca3,Cf2039f709d
51,0,R64410982f3,C4ee0bebc0d
51,0,R5906a9080d,C3db1b3aca3
51,0,R86b8366657,Ca423604494
51,0,Red5ae93f5a,Ca0f8bb06b6
51,0,R89ba766390,C5d5e45fe5b
51,0,Rf3d9ca4d86,C698e92f2b6
51,0,Ra86e5e0492,C5789ba0d51
51,0,R6b1c1af053,C99fc82b503
51,0,Rcee22f895f,C02e6370643
51,0,R9ff426efb4,C50f6fa524d
51,0,Rcf0e614c85,C96f4c9a566
51,0,R8590ff8538,Cb3c3137ace
51,0,R7065f54e24,Ca5584cef3b
51,0,R3ff8fe2a75,C43a4a1b152
51,0,R1ef3f585a6,Ce4540a3ac9
51,0,R314c742854,C69663fef12
51,0,Rfb250e526d,Cbc9dd4d461
51,0,Rc78b0fd298,C460a7e981c
51,0,R8b201ac0bf,Ce5d6e397a1
51,0,R2ad4235f54,C15f2f0bd94
51,0,R0d6247ba4d,Cb7f186253f
51,0,R70f021aa1d,C7165e43e38
51,0,R5a6b1be49d,Cbabf63f526
51,0,R9d6ee464b8,C68ebe4f5d0
51,0,R4e43d9e1c1,Cec173820fc
51,0,R407f61b100,C2baa8c6a19
51,0,Rf9b409349c,C06e84667b5
51,0,R4b2c57d030,C2904f39f26
51,0,R74b2f18977,C039e3e71e6
51,0,R275f0b9d63,C1e81104c64
51,0,R47a91f275c,Cb50ba3b41f
51,0,Rba671b9505,C2bdbb90c87
51,0,Rd116568444,Ce6a7447e2d
51,0,Rfe5a4df500,C5053eea5b3
51,0,R7aef9e0704,Cd68189026c
51,0,R3cbbc2045b,C1a2cc7b597
51,0,R2d9e25b640,C4f28f505a8
51,0,Rd28b202289,Cbbc7bd9ed0
51,0,R0f685de70b,Ce29ea1ac13
51,0,Rf68aeef6ef,Cb179088415
51,0,Re904221878,Cb01f861855
51,0,Racacccc48e,C8df6006693
51,0,R3367cb8aca,C7cddc7c3cb
51,0,R27e75c3d15,C76ce253222
51,0,Rb49e4f9924,C1aeeb32646
51,0,Rbb2b4426e5,C340382914f
51,0,Rdaade3f1f7,C137780b179
51,0,R46c9012d53,C1b4f14fab9
51,0,Rd0b27b5eea,C085b9288d4
51,0,R41562f725f,Ca048c2b702
51,0,Rc993dcfc3f,Cb2bf516451
51,0,R0ec26fe759,C37091bec67
51,0,Rf75f5f6ac4,Ce570513854
51,0,Re34311fbb9,C0a449a629c
51,0,Rf53a355a96,C76f7d027e8
51,0,R91d67e113a,C02ffec7dec
51,0,R650d5f26cf,C269ef23eea
51,0,R202033795a,Cc7aab68736
51,0,R9c854b0dc2,C925e045124
51,0,R831813be78,Cdecee582a2
51,0,Re75e0bb2ee,C0c57bdf4a2
51,0,Rae72adf855,C4aa88a44de
51,0,Rb8610d5132,C7fd71845d6
51,0,R3a3d52fc6a,C5f446eb058
51,0,R8d92b12dae,C4f7251493e
51,0,R6833dc83dc,Cfd8c9f19f3
51,0,R44d4152ae7,C8db6765148
51,0,Rf84cdc5865,Ce9a376da5d
51,0,R95b8695089,C1e4361c725
51,0,R79c14ea0c1,C76cac2a57c
51,0,R55305e25b9,C598a1701bc
51,0,R110a77f160,Cf4d8128ec3
51,0,R8a1a2e7483,Cf054b69088
51,0,R11cc9dcbe6,Cf6d7ccb9a8
51,0,Rde697ac7e1,Ca94fdc69ba
51,0,R6691449d5f,C4f90b14ae3
51,0,Rc83d3d8b8b,Ce89989689f
51,0,R386907d7cf,C904299b34f
51,0,Rfdfb92f64b,Cebc6fc1654
51,0,Rc513cac6d8,C02b9989626
51,0,Rdef9aa8a9f,C3b141a85b5
51,0,R3e37dd0a88,C323c329bfb
51,0,Rb3fb4fb0fe,C00d5197641
51,0,Rb81c73b41f,Cb143d7a345
51,0,Re0910efca9,C21d41254ba
51,0,R9aa60196b5,C4d20234acc
51,0,Recb851765e,C1f33d7251b
51,0,Rfb94a37b9a,C17673619e2
51,0,R3dad026edb,C506a2bbfe1
51,0,Rd1328caa8e,C6427885f4c
51,0,Rb91bbdc354,C7181081737
51,0,R63235b9e90,C261d26439a
51,0,R2265774611,C75e2d0ab07
51,0,R820084f80d,Cd40521af89
51,0,Re8b90095c4,C77f2e9ffd3
51,0,R1702aa5590,Cebcb9bf069
51,0,R9f266e6c5c,C08a0b47512
51,0,Rbba18d067f,C7029f2fe98
51,0,Rf481f6c3d4,C9a6271d648
51,0,R40ef168969,C979b45e91e
51,0,R1af27cc24b,C4b527784d7
51,0,R60c09ea9ad,C6757c16fa1
51,0,R13bc15df2f,C484b3f52da
51,0,R11f777525b,Cf7b5d3c9c8
51,0,Rc1267ba2fe,C6b536323ed
51,0,R5e7591bd12,Cda1373f2de
51,0,R7c5002d8f1,Cd4eee79f8c
51,0,R81fd5b705a,Cbb48fcd829
51,0,Rfde2c74990,C23e979b9ed
51,0,R438400f27e,Cbf539c8490
51,0,Ra21a595938,Cd6591e6cfb
51,0,Rc01d4fc39f,C89e2f5e19a
51,0,R2dacf9a008,Ced1febed96
51,0,Rbe69058097,C2d5e5f648b
51,0,R518a342619,C872ca3950a
51,0,R54a59b90be,C8299aafc62
51,0,R399517b9a8,C2cab66a8eb
51,0,Ra076716476,Ce8579afe93
51,0,Rc874196ae0,Ceba86a72d1
51,0,Re1d02ac036,C057bfc9f65
51,0,R3aecc96f8a,C5482c484d1
51,0,R72aaf88f24,C06c71420b2
51,0,Raf0c98b363,C6683f29ad0
51,0,Rf2094ad14b,C4b0ed0e3c1
51,0,R3ae0f5c08f,Ca555f8be35
51,0,R8906930090,C860664096f
51,0,R47b423aed8,Cf17fda9676
51,0,Rbdfc230ba0,C3ddbc1bb33
51,0,R2061d2edf4,C16c737b753
52,0,Reff3cde780,C943ee99cea
52,0,Re17ca20bb3,C0e4d0d0b0e
52,0,R240d4750e6,Ca92386da45
52,0,R7e4a434c0a,Ccd92051baf
52,0,R93d1e07c8c,C553e6c3a29
52,0,R501af00b32,C7ea7902c9e
52,0,R424673f922,C5a86015331
52,0,Raf9c8ea290,C43829ddf5f
52,0,Rbd0efb4977,C0152ade405
52,0,R2ddc8dd375,Ce2f8547211
52,0,R8f2ead55b7,C407bc64fd1
52,0,Rb4f6b5fb12,C5886d073d5
52,0,Rfba25c3ba6,Cfa838320a4
52,0,R3dc46878fa,C11dc200d8c
52,0,R1ef3f585a6,Ce4540a3ac9
52,0,R4bf1da8cc9,Cd9232ad01c
52,0,Ra9f18483b8,C2b31e2a3cf
52,0,R8dc638522f,Ce02d4e3c83
52,0,R26e23bd104,Cb388be92c8
52,0,Rde099eb9e4,C9bdd759dcc
52,0,R7aef9e0704,Cd68189026c
52,0,Re0a6618b40,C6d54a2946c
52,0,R39a1261dd4,C3e5e7e7a0f
52,0,Re6b43c5867,Cff6e0a52e0
52,0,R9bfd09ba1c,C89ee95a805
52,0,R262da439bf,Caae7d94317
52,0,R9ce48aefc5,C6971a2a857
52,0,R72aaf88f24,C06c71420b2
52,0,R0f685de70b,Ce29ea1ac13
52,0,Raf6095340b,C99bdefb43f
52,0,Ra3a6715b38,C5bef8283d6
52,0,R804a62ddcd,Cc1cf09a5ca
52,0,R8bed1ebead,C89a35de8b1
52,0,Ra7320006f9,Ce5e48c50a0
52,0,R62373df43d,C6068ec5f90
52,0,R643cfad50f,C85dea1e425
52,0,R518a2a14ac,C91b02f6ada
52,0,R51bca8aed9,Cf97bbafbbd
52,0,R04e266bdec,C95c1241a34
52,0,Re4cf1b6e97,C5e1389cc2c
52,0,R9c88ffc4fa,C3b5bad73ea
52,0,Rb9168a8bad,Cd6f126b52e
52,0,R7e672d831e,Cc2ad290fb9
52,0,R7536d7d2bb,Cdcd926230f
52,0,R54beab4110,Cbae3028829
52,0,R6f97c7a577,Cad540b686a
52,0,R48d67b5345,C56ec2ed7d0
52,0,Rb89defcc11,C2d2e95a633
52,0,R02edd94f65,Cdb11542ca2
52,0,Re67846777b,Cd9a8a0efa4
52,0,R3859797a17,Cd505eb7a3f
52,0,R2600dc5e8e,C76da0e403a
52,0,R514278ed6e,C1becb1ee0c
52,0,Rdca51334ad,Cbb1f09e430
52,0,R09d20fe0fb,C8d515aca3f
52,0,Rc356d2001b,Ca7c238468e
52,0,R32066ccf4d,C35ea8282fc
52,0,Rda3ea18a33,C7e45a1ee19
52,0,Raf01301c1c,C4b4496f50e
52,0,R5f6d09c46b,C259c8db08a
52,0,Re05acd0857,C5633f9aa8d
52,0,R74b2f18977,C039e3e71e6
52,0,Redaf1e36e5,C5836eb1b7e
52,0,Re81e8ea3ac,C12ea7032a1
52,0,R44ee6e0621,C318c2084e7
52,0,R24f4b20d63,Cfc66531a8a
52,0,R8eeb2f319e,Cd0b97236a0
52,0,R9ff426efb4,C50f6fa524d
52,0,R0e59479321,C459e4d2819
52,0,Ra5d4739cd1,Cb39bbb09db
52,0,Rb30ed401b7,Ca5813c4f65
52,0,Rcee22f895f,C02e6370643
52,0,R928dc06421,C53cce41f32
52,0,Rc7cdb5705b,Cc128b0586b
52,0,Rd116568444,Ce6a7447e2d
52,0,Rae808fcb29,C710dc7361e
52,0,Re400b0b568,C1c7dccec9f
52,0,R2305bca064,Cbec735138c
52,0,Ra7d30c3097,C7a7583841c
52,0,Rf388c055d3,C849ebbf609
52,0,R1ae554190a,Ccf2965ff08
52,0,R27f9a81140,Cdee00c3b69
52,0,Red5ae93f5a,Ca0f8bb06b6
52,0,Rb8a791bde7,Ce20f117b94
52,0,Rb6413ee38c,Ce720f159c4
52,0,Rf4a17fbac8,Cbf2eed324b
52,0,R298056e6ed,C3d1f01fe70
52,0,Rc993dcfc3f,Cb2bf516451
52,0,Ree4a5d68db,C310f5c27c2
52,0,Rcdb969aabd,C7202317723
52,0,R1bfbf7459b,Cda2eebcd2b
52,0,R9a94f725fa,Cead1866140
52,0,Rfc2327f784,C504951c9c4
52,0,Racacccc48e,C8df6006693
52,0,R407f61b100,C2baa8c6a19
52,0,Rfbb7cd9ce7,C45320f0a0e
52,0,R8590ff8538,Cb3c3137ace
52,0,R091d056486,Cf91e45a886
52,0,Rc319e9a5c8,Ce1a0336fad
52,0,Rb37c260712,C2069fd8f7b
52,0,R70c8910c88,C1d5de478b1
52,0,Rc73227d7a9,C0c41b4d9a9
52,0,R8b5174c2b0,C89e60e8b3c
52,0,R374b48fe1a,C79ab3466d3
52,0,R42677b4106,Ce9370fc70c
52,0,Rdaade3f1f7,C137780b179
52,0,R2001af2cb3,C9cb135fd3f
52,0,Rbff1cb3503,C6ac8aaf23c
52,0,R831813be78,Cdecee582a2
52,0,Re34311fbb9,C0a449a629c
52,0,Ra86e5e0492,C5789ba0d51
52,0,Rbe69058097,C2d5e5f648b
52,0,R1f084b3c60,Cc8a0d54d3c
52,0,R4691a3238c,Cc1c620cf74
52,0,R2ad4235f54,C15f2f0bd94
52,0,R9c854b0dc2,C925e045124
52,0,Re75e0bb2ee,C0c57bdf4a2
52,0,R1702aa5590,Cebcb9bf069
52,0,R0ec26fe759,C37091bec67
52,0,R202033795a,Cc7aab68736
52,0,R13c10435bd,Ced2c4d17d6
52,0,R95b8695089,C1e4361c725
52,0,R3aecc96f8a,C5482c484d1
52,0,Rb3fb4fb0fe,C00d5197641
52,0,Rf84cdc5865,Ce9a376da5d
52,0,R55305e25b9,C598a1701bc
52,0,Rdef9aa8a9f,C3b141a85b5
52,0,Rb91bbdc354,C7181081737
52,0,R11cc9dcbe6,Cf6d7ccb9a8
52,0,R8a1a2e7483,Cf054b69088
52,0,Rb8610d5132,C7fd71845d6
52,0,R44d4152ae7,C8db6765148
52,0,R81fd5b705a,Cbb48fcd829
52,0,Rc513cac6d8,C02b9989626
52,0,R79c14ea0c1,C76cac2a57c
52,0,R650d5f26cf,C269ef23eea
52,0,R7c5002d8f1,Cd4eee79f8c
52,0,Recb851765e,C1f33d7251b
52,0,R3a3d52fc6a,C5f446eb058
52,0,R9aa60196b5,C4d20234acc
52,0,R432d90577f,C22fe4ab492
52,0,R3ae0f5c08f,Ca555f8be35
52,0,Rfb94a37b9a,C17673619e2
52,0,R6833dc83dc,Cfd8c9f19f3
52,0,Rfde2c74990,C23e979b9ed
52,0,Rbba18d067f,C7029f2fe98
52,0,Rc78b0fd298,C460a7e981c
52,0,R5e7591bd12,Cda1373f2de
52,0,R3e37dd0a88,C323c329bfb
52,0,Re0910efca9,C21d41254ba
52,0,R3dad026edb,C506a2bbfe1
52,0,Rc1267ba2fe,C6b536323ed
52,0,R6691449d5f,C4f90b14ae3
52,0,R13bc15df2f,C484b3f52da
52,0,R11f777525b,Cf7b5d3c9c8
52,0,R2dacf9a008,Ced1febed96
52,0,R399517b9a8,C2cab66a8eb
52,0,Rc874196ae0,Ceba86a72d1
52,0,Rd1328caa8e,C6427885f4c
52,0,R91d67e113a,C02ffec7dec
52,0,Rf2094ad14b,C4b0ed0e3c1
52,0,Re109bc043a,C3a6686dfdc
52,0,Rb8301c0a06,Cdee4546f59
52,0,R8906930090,C860664096f
52,0,R47b423aed8,Cf17fda9676
52,0,Racdc1f7bb3,C0005e85f10
52,0,R4f5bc26565,Cbdb27e559f
52,0,Rd81e98bdba,C44c7875562
52,0,R544eadede1,C9d84d5f9e4
52,0,Reac195b7b8,C5c960a2e6b
52,0,R479eb21b3b,Cdc658707fa
52,0,Rda783fc3d2,Cad7b4d55a4
52,0,Reae6bc9237,C9a031844cf
52,0,Rfecc5b5c8c,C0005e85f10
52,0,R2e4956c32e,C68ac7042d0
52,0,R2961142538,C85ef7d26a1
52,0,Re969f606be,C0757cb0d31
52,0,Rc2469b92d2,C611c77c8f1
52,0,R6db0e75ed0,C29bb5e3a2f
52,0,R359cf91b35,C1d8b524bf0
52,0,R4b73a32ef1,C0440b4c53e
52,0,R341279a48f,Cab8e6b10cb
52,0,R919153f800,Ce84a7dfcfc
52,0,Rf08305c9e4,C7fdc7c17f4
52,0,R4466b3e773,Cbb1d88c65d
52,0,R1bbb6d8e44,C89e7d0fa1a
52,0,R575d227c50,Cd2d4faae36
52,0,R10ce61127b,C443072fb59
52,0,R6950cfc8d1,C7f42d8e059
52,0,Rd056c2bf27,Cb8e4b6a5b0
52,0,R16eedd544e,C63688f5e43
52,0,Ra4aa3dfb8f,C5228c44852
52,0,R63d84c22bb,C273f4bc32f
52,0,R81c5f130aa,C2db5b1717c
52,0,Rc5157d600e,C7e48381fb9
52,0,R08aa72526f,C419897fbdc
52,0,R5501f42b8d,C06ac76ee2b
52,0,R33febff6f0,C237d5cd9c3
52,0,Re3a61627d4,Ce1834d3abb
52,0,Rb064cf27bc,C9c078dfd19
52,0,Rb239f5f5d3,C8ef7782340
52,0,R413c0780b5,C71e481e9ec
52,0,R806492f4f3,C81e67eba12
52,0,Rac314d2eac,C4d5f3632ae
52,0,Rfbf5c12d40,C0bb41375fd
52,0,Rc844cc3cff,C6916d82299
52,0,Radece755fe,C5d0149602f
52,0,R82a54a96cd,C28788f4d39
52,0,R71967cbd37,C997b1ac949
52,0,R254c3f5281,C9aedaab7de
52,0,R8b641878c7,C3d483bc832
52,0,R3ced5861d7,C9bc274ce2c
52,0,Re8085841e6,C598f261003
52,0,R8c0aaf03f3,C8265c18209
52,0,R7be36ce8d7,C034e16ba4e
52,0,R2f3aa3b141,C0e351c7f8d
52,0,R2eb461b6ff,Cb8f685f749
52,0,Rf4ed0e4dc5,C65fa41f2bc
52,0,R67e3d20c51,C013c1560c5
52,0,Rfd81157ea6,Ca051204e89
52,0,Rc7b92d7e03,Cfbdbb13cb5
52,0,R647a8ac320,Caa0b00bfcc
52,0,Rdc8ffad489,C157ac03272
52,0,R1877f7aea1,Cde2e048885
52,0,Rbb0794a4c0,Cbfd88fc92a
52,0,R8ba40a0580,C5eadc1eada
52,0,Rb6929c7214,C4bfcb94b6f
52,0,R487be6e03f,Cdcaa8c3d15
52,0,R472c10068d,C2a455a1c6f
52,0,Rbcc296231f,Cdfe9abb32a
52,0,R04a2173ea9,Ca518c77d85
52,0,Rd15e458115,C88ef8d1c83
52,0,Rc53d0efd85,C97a3011d7d
52,0,R01315f0f1f,Cf72d8145ed
52,0,R045878eea9,Ccf0e37e98e
52,0,Ra28f92ca6b,C148c70d5f1
52,0,R8eaeb32f82,C9b18c90595
52,0,R4be6543585,C2a4f9628e4
52,0,R3187d1485b,C98605a6aeb
52,0,Ra65c546663,C83da980c9b
52,0,R78adf8cf02,C9ae09d6bf2
52,0,R0448b4d636,Cf729c6bf8a
52,0,R4be54c4076,C7b40960bf0
52,0,R4b6614e149,Cc7295fbb07
52,0,Rcf062f6ad7,C245741c561
52,0,R02f5009886,C194feab458
52,0,Rbfa2d4e2e0,C071e6328a0
52,0,Rbad4db0101,Cab50146ca6
52,0,R08fac31b68,C625f6c023e
52,0,R93582add2e,C4c34524a06
52,0,R136b609747,C756e0a4a4f
52,0,R8920609d17,C06ff444b82
52,0,R316b81e9e5,C0ed90d5b88
52,0,R6b0b428ab8,Cd18c65fd30
52,0,Rc23fd15b4d,Cf3d2c26917
52,0,R97fed2474f,C546f0754bd
52,0,R6fdb49c12c,C5c55d846cd
52,0,R64410982f3,C3c564cbd51
52,0,R00cb4ae801,C689487db92
52,0,R9360ab7dea,C1b431ad4e5
52,0,Rff25727bbc,Ce0cbb51291
52,0,Rdf9e3190aa,Cbd40d07ae5
52,0,R20e4e8c432,C1e4a4574e1
52,0,R8625bdad46,C80e3f869a4
52,0,R6ef88a9164,C36e1226c2c
52,0,Rf2fba33a98,C1187ba5894
52,0,Rcfdb206ae7,Cb145bf3694
52,0,R289dcb8284,Cc54ddb538c
52,0,R07f445e84f,C2146ebcc5a
52,0,Rbf1722bc2b,C0a95d29c0d
52,0,Rad3ec0ad8a,Cdedf4dbc74
52,0,R77bcfb6359,Cb65aec3cf7
52,0,R4dd05765c1,C4f4fa23f9c
52,0,Rda6ce6d067,C1e92137436
52,0,Rfbbc26b509,C2881d142e8
52,0,Rd8b1055a41,C84c03600c0
52,0,Rf4e257df0f,Cae424e7e7a
52,0,Raed2e77f66,Ccf8b9df66e
52,0,R4437d9ef2a,C22f2480a8d
52,0,R2357017280,C6535dda298
52,0,Re520f99449,C848dc60345
52,0,Rcdb3784d16,C363155ab3b
52,0,R85e0383587,C8ac880d920
52,0,Rc876e7059a,C65306c3429
52,0,R8ec4704964,C16dd93e8d3
52,0,R1381cd02ce,C9494108f26
52,0,Ra52297be75,Cb5e64ea9e1
52,0,R72b626837d,Ce16c004aca
52,0,R4f6970480b,C5b33dbd46e
52,0,Rf3f99aa719,C557e2f99f4
52,0,R10f4495b6a,C47f9d290b5
52,0,R11385e7193,Cdb0aaa1b76
52,0,R459f8a401a,C603533bc76
52,0,Rf043447f93,C67ff438974
52,0,Rcc990bcce9,Ceacdcf729a
52,0,R705e58eb19,C0b55984e36
52,0,R0b58cf11af,Cac8f20d711
52,0,Rf64da49cdb,Cca0e1de0c2
52,0,Rc1b5eebedd,C902af97b75
52,0,R301c9a8135,C406a3fb0b2
52,0,Rb25fcc776b,C65986f6966
52,0,Rf48750f5b4,C8127c0a5ce
52,0,Rc9fa47213b,C5160998220
52,0,R0ba27d6348,C5185a529c3
52,0,R04df7122b2,C63bd311bc6
52,0,R3a74238724,Cb250326bec
52,0,Rcd1419d87e,Cd3a90067d5
52,0,Rf44690598b,C774ea83fe6
52,0,Rf2e56f6508,Cbca44e123e
52,0,R87a2b5e3c0,C3c21d42798
52,0,R58113ea58c,C5a4d14db25
52,0,R3cbbc2045b,C1a2cc7b597
52,0,R63eb90dcd6,Cb9c4d64eec
52,0,R5a6b1be49d,C5710a222d4
52,0,Ra5787e3ec5,C69633a5fff
52,0,Ra19e96dda2,C16e9ec707c
52,0,Rb592e8e86d,C0c930cb53a
52,0,Rbed2cf6b15,C47d4c2c127
52,0,R4825bb2144,C6e9a3e6c91
52,0,R47a91f275c,Cb50ba3b41f
52,0,R9ff21d0fa1,C1ec026cbdf
52,0,R92fae8b4d8,C9966c65db9
52,0,R0f9375dfcc,C3326805291
52,0,Reaf8e1c7ff,Cf73386fdf1
52,0,R6e4bbcebc3,Cce8bd71111
52,0,Rf68aeef6ef,C717c2a386a
52,0,Rb49e4f9924,C1aeeb32646
52,0,R36fa86cde3,C200817f968
52,0,R37e64e9319,C604e894e78
52,0,Rb713dabc67,C9d2731d333
52,0,R1ffb959e00,C7b3bc50a19
52,0,R7c53c16242,C626035149c
52,0,Rf53a355a96,C76f7d027e8
52,0,R9add43f895,C4e262f0894
52,0,R0538db065e,Ca29a9656dd
52,0,R904bd82804,Cd5815da8d2
52,0,Rac41625b8a,Cc19acd6387
52,0,R6b51fbe746,C3ea22150d7
52,0,R99052e0983,Ce458cc6365
52,0,Rd7f43ce65c,Cd453e32fff
52,0,R86a91e1860,C27a5ab86cb
52,0,R110a77f160,C3c002fa045
52,0,Rb81c73b41f,Cb143d7a345
52,0,R820084f80d,Cd40521af89
52,0,Rcf0e614c85,C291184d604
52,0,Rcf9192bc20,Ce3e3176655
52,0,Rfdfb92f64b,Cebc6fc1654
52,0,R7dc9df6c68,Ca1a240bb3f
52,0,R47232f24f8,C21ca36b36f
52,0,R63235b9e90,C261d26439a
52,0,Rbd65188bc9,Caa285895a7
52,0,Rd53729e31e,C2c8483a7bd
52,0,R386907d7cf,Cd79ccf5b0b
52,0,R1d84e6d929,Cf159bb609a
52,0,Rf75f5f6ac4,Ce570513854
52,0,R43d36b0590,C86528eb77b
52,0,Rde697ac7e1,C7b64874868
52,0,R9f266e6c5c,C08a0b47512
52,0,Rae72adf855,C4aa88a44de
52,0,R235e53b17a,Cec41ddd85f
52,0,R54a59b90be,C8299aafc62
52,0,R8d92b12dae,C4f7251493e
52,0,Rc01d4fc39f,C89e2f5e19a
52,0,Re8b90095c4,C77f2e9ffd3
52,0,Re7923bb723,Cc181c6ce43
52,0,R40ef168969,C979b45e91e
52,0,R35f529c61e,Cc935434a52
52,0,R60c09ea9ad,C6757c16fa1
52,0,R7457842b6a,C3094260d51
52,0,Rf481f6c3d4,C9a6271d648
52,0,Rae9bde026d,C4369fabf3e
52,0,R1af27cc24b,Cb430170d5b
52,0,R2265774611,Cccf64502a7
52,0,R5cf7e20919,Cfe2dfcfa9f
52,0,Rfcb3ae6a19,Cea8c77b553
52,0,R0dbc198813,C8a0ea7fc88
52,0,R518a342619,C872ca3950a
52,0,R7751e6a306,C4944c48334
52,0,Rdbad787c72,C05c577e76b
52,0,Ra076716476,Ce8579afe93
52,0,R7eaeb0a9b8,C7c44b664c7
52,0,Re1d02ac036,C057bfc9f65
52,0,Rfe71579a02,Cb0b3756429
52,0,Ra21a595938,Cd6591e6cfb
52,0,R7d15dbc488,Cee7cab81b9
52,0,R8980f43c22,C3c825ba566
52,0,R8628796546,C84acf27d27
52,0,Rb7a3928e3a,Ca65bfab63c
52,0,Re138ce0944,Cd4ce53bb53
52,0,R5dba306c1b,C4792151f15
52,0,Rb0362051bb,C2c02139559
52,0,Rbdfc230ba0,C3ddbc1bb33
52,0,R2061d2edf4,C16c737b753
52,0,R3eb8bfb4cf,Cd4b0050434
53,0,R2720f415c7,C9a28587e56
53,0,R1d437a3658,Cff55133f71
53,0,R4dbc3107b9,C422ddc57b5
53,0,R413d6ca63e,C5382b526cb
53,0,R1b291acfe7,Cafe2e351df
53,0,R191f536b86,C5e9f8ae1f5
53,0,Rb4f6b5fb12,C5886d073d5
53,0,Rff25727bbc,Ce0cbb51291
53,0,Rc2469b92d2,C611c77c8f1
53,0,Rb5b87e2734,C76a2864649
53,0,R72aaf88f24,C06c71420b2
53,0,Rc662f757bc,C62bf1ee90d
53,0,Rcecf481b62,Cec0c2b4545
53,0,R876501df9c,C6bc82aabed
53,0,R68ab9621df,Cc49e709672
53,0,Rb83ee31a76,Cf340fb4a69
53,0,R74a91dac45,C292df68c8f
53,0,Ra3a6715b38,C5bef8283d6
53,0,R835977315b,Cd411e843d3
53,0,R9c88ffc4fa,C3b5bad73ea
53,0,Rdfb8dda500,Cf041b1c075
53,0,R4d389f8c65,Cc5280fa89a
53,0,Rb064cf27bc,C9c078dfd19
53,0,Rac46464c97,C9325b67f6b
53,0,Rc61caa1804,C0ebe94e378
53,0,R309849d9e3,C3a312da0b5
53,0,R6b6625f774,Cf1b7228baa
53,0,Rda783fc3d2,Cad7b4d55a4
53,0,Raab4d79f3b,Cbf35e2fd02
53,0,Rf50f768b15,C1bcb8f0d51
53,0,R4466b3e773,Cbb1d88c65d
53,0,R12ac4b7626,C0eed1d3b3a
53,0,R8dc638522f,Ce02d4e3c83
53,0,R75a81a6d30,C0342fd5f57
53,0,R4b73a32ef1,C0440b4c53e
53,0,R1e2874a134,C6b48b44599
53,0,R359cf91b35,C1d8b524bf0
53,0,Rafb301af14,Cec48db8f1b
53,0,Ra28f92ca6b,C148c70d5f1
53,0,R432907a65e,C1031a5f29d
53,0,R1d66f8de87,C652ff5503e
53,0,R647a8ac320,Caa0b00bfcc
53,0,Rb726d40a9f,Cd447ffaf28
53,0,Rf38ab65030,C1d03826a0a
53,0,Ra32e1c4cf3,Ccd0a1cb9bb
53,0,R3b6af61ca3,Cf2039f709d
53,0,R488dbf03db,C89df2bda27
53,0,R8ba40a0580,C5eadc1eada
53,0,R26901ec7d6,Cbe63c260a0
53,0,Rf8ec220325,C7aa7ee7d06
53,0,Rbcc296231f,Cdfe9abb32a
53,0,R40d2e4b9c8,Cd8a328cc20
53,0,R045878eea9,Ccf0e37e98e
53,0,Re9b53ee5bd,Cff48d98f89
53,0,Rdc8ffad489,C157ac03272
53,0,Rcee22f895f,C02e6370643
53,0,R954516734f,Cd4b7f45f28
53,0,Rbc304953e5,C49643d014f
53,0,R546dc455ea,Cbe905619bb
53,0,R214cce2ac7,Cee8d19e420
53,0,R39a1261dd4,C3e5e7e7a0f
53,0,R8b641878c7,C3d483bc832
53,0,R91a762c332,C230b9879e5
53,0,R514278ed6e,C1becb1ee0c
53,0,R61eb1ab61f,C0b1355a914
53,0,Rc13f2b919b,C3cf1861bd2
53,0,R97fed2474f,C546f0754bd
53,0,R3fcece5f23,Cabdca3c107
53,0,R33bd825383,Cfde5e580c9
53,0,R92dd936250,C3381ebc766
53,0,Rdca51334ad,Cbb1f09e430
53,0,Rcf062f6ad7,C245741c561
53,0,R6f04da6944,Cab315cbc70
53,0,Rcdd8b26589,C567179a90c
53,0,R8eaeb32f82,C9b18c90595
53,0,R93f9d8922a,C88abeab734
53,0,R3aecc96f8a,C5482c484d1
53,0,R9dc49f081d,C8bbf32e62f
53,0,Red565a9e9c,Cf5e7fe3d22
53,0,Rb744d970d7,Cae8532d667
53,0,R14d7b208a4,C547345d959
53,0,Rd8d1abd296,Cab1d8bf080
53,0,R1877f7aea1,Cde2e048885
53,0,R7be36ce8d7,C034e16ba4e
53,0,Rda3ea18a33,C7e45a1ee19
53,0,R314c742854,C69663fef12
53,0,Ra231af2627,C9431eccd5f
53,0,R136b609747,C756e0a4a4f
53,0,R0448b4d636,Cf729c6bf8a
53,0,R0e59479321,C459e4d2819
53,0,Ra19e96dda2,C16e9ec707c
53,0,Rc1b5eebedd,C902af97b75
53,0,R4be54c4076,C7b40960bf0
53,0,Rd706b5fcc6,Cdbc1a68292
53,0,R472c10068d,C2a455a1c6f
53,0,Rc356d2001b,Ca7c238468e
53,0,R07f445e84f,C2146ebcc5a
53,0,R20e4e8c432,C1e4a4574e1
53,0,Rc78b0fd298,C460a7e981c
53,0,R407f61b100,C2baa8c6a19
53,0,Re4cf1b6e97,C5e1389cc2c
53,0,Rd7d05cc28a,Cefff4c0f75
53,0,R76be10c1fc,C2ee2a37afb
53,0,Rf2e56f6508,Cbca44e123e
53,0,R2a6bd9c9b5,C5ff434f691
53,0,R54beab4110,Cbae3028829
53,0,R6f97c7a577,Cad540b686a
53,0,R4f56cfc145,C109613f985
53,0,Radaa96c2c0,Cad34175975
53,0,Rd153d47065,C27df3cc529
53,0,R72b626837d,Ce16c004aca
53,0,Rc58191c60f,C5059f9d565
53,0,Rb25fcc776b,C65986f6966
53,0,Rf3f99aa719,C557e2f99f4
53,0,R8944a64351,C3eab1d989e
53,0,R04a2173ea9,Ca518c77d85
53,0,R8f8ba0bc74,Caa4026e9ee
53,0,R524380cac3,C31999ed6cd
53,0,Rc7b92d7e03,Cfbdbb13cb5
53,0,Rd0b27b5eea,C085b9288d4
53,0,R3ff8fe2a75,C43a4a1b152
53,0,Rc3f4307bb1,Cf976de4516
53,0,R6fdb49c12c,C5c55d846cd
53,0,R8ce188c0a5,C1aa85496a1
53,0,R94ef9e6df2,C290aad7d1c
53,0,R09d20fe0fb,C8d515aca3f
53,0,R77bcfb6359,Cb65aec3cf7
53,0,R8ec4704964,C16dd93e8d3
53,0,R64410982f3,C3c564cbd51
53,0,R2ea88e60e9,C56599fc9fd
53,0,Rb592e8e86d,C0c930cb53a
53,0,R580d82fcee,C0129493c45
53,0,R70c8910c88,C1d5de478b1
53,0,R5906a9080d,C3db1b3aca3
53,0,R86a91e1860,C27a5ab86cb
53,0,Rb7cfedeff7,C6eef7607ca
53,0,R83a3730936,Cff49c49dc6
53,0,Ra5787e3ec5,C69633a5fff
53,0,Re366a494c2,C5d2b497e57
53,0,Rf8e65eee65,Cbd8111fc68
53,0,R42071cf341,C40f8e8bb82
53,0,R6a478b5682,C0aefd4f2ce
53,0,R394d2ae3ab,Cabea12ce0f
53,0,Rfc2327f784,C504951c9c4
53,0,R6c373d373b,C8cfcd6aa9a
53,0,R7fcbc398b2,C79b271ec2d
53,0,R458e086fe8,Cd81dcabf20
53,0,Rf3dd35638b,C0c4609a94a
53,0,Rcbf9e24f91,C2227843f43
53,0,Ra52297be75,Cb5e64ea9e1
53,0,R83f361462f,C204a052a04
53,0,Rc648052878,C2d6aa673e9
53,0,R8f2ead55b7,C407bc64fd1
53,0,R92fae8b4d8,C9966c65db9
53,0,R33cfb51112,Cc0bd620f5f
53,0,R11385e7193,Cdb0aaa1b76
53,0,R93582add2e,C4c34524a06
53,0,R36fa86cde3,C200817f968
53,0,Rf44690598b,C774ea83fe6
53,0,R3cd451171b,Cddccc5b1d4
53,0,R6b11a2df1e,C760df08fdd
53,0,Rc10bb62d84,C3edd294543
53,0,Rbed2cf6b15,C47d4c2c127
53,0,Rc9fa47213b,C5160998220
53,0,R4556e3ae54,Cf1fdd47054
53,0,R8590ff8538,Cb3c3137ace
53,0,Re46abeaa4f,Cee3671dfa9
53,0,Re805303538,C9d54aa3351
53,0,Rfc0e7bb1d7,C11d12d040f
53,0,R58846c7a88,Ca0df0c54a4
53,0,R50c77bce0d,C114c952539
53,0,Rc437a4b81a,C0518e34e92
53,0,R63ca6779d8,C63bbda144a
53,0,R9f0dd1c04c,Cadf137e1a7
53,0,R4825bb2144,C6e9a3e6c91
53,0,Rb9b9a3cafb,C7a63825ee2
53,0,R98d76a26be,C74af1e0238
53,0,R636b0fd424,C4bd8d95dad
53,0,Reaf8e1c7ff,Cf73386fdf1
53,0,Rc2ebe88d32,Ce9e24c04bb
53,0,Rdf9e3190aa,Cbd40d07ae5
53,0,Rd6475e78be,C2380963e7e
53,0,R18dfc17723,C70273011ad
53,0,R0ec26fe759,C37091bec67
53,0,R7c53c16242,C626035149c
53,0,Rb713dabc67,C9d2731d333
53,0,R7faa5c0d34,Ce1b4b18e12
53,0,R99052e0983,Ce458cc6365
53,0,Rd53729e31e,C2c8483a7bd
53,0,Re75e0bb2ee,C0c57bdf4a2
53,0,R13c10435bd,Ced2c4d17d6
53,0,R1702aa5590,Cebcb9bf069
53,0,R9add43f895,C4e262f0894
53,0,Ra86e5e0492,C5789ba0d51
53,0,R6b51fbe746,C3ea22150d7
53,0,Rdef9aa8a9f,C3b141a85b5
53,0,R110a77f160,C3c002fa045
53,0,R74b2f18977,C039e3e71e6
53,0,R904bd82804,Cd5815da8d2
53,0,R0538db065e,Ca29a9656dd
53,0,R91d67e113a,C02ffec7dec
53,0,Rf84cdc5865,Ce9a376da5d
53,0,Rcf9192bc20,Ce3e3176655
53,0,R11cc9dcbe6,Cf6d7ccb9a8
53,0,Rcf0e614c85,C291184d604
53,0,R47232f24f8,C21ca36b36f
53,0,R5e7591bd12,Cda1373f2de
53,0,Rd7f43ce65c,Cd453e32fff
53,0,R8a1a2e7483,Cf054b69088
53,0,R9c854b0dc2,C925e045124
53,0,R2c0417c854,C74fd36e2c0
53,0,Recb851765e,C1f33d7251b
53,0,R8d92b12dae,C4f7251493e
53,0,Rde697ac7e1,C7b64874868
53,0,R386907d7cf,Cd79ccf5b0b
53,0,Rc874196ae0,Ceba86a72d1
53,0,R54a59b90be,C8299aafc62
53,0,Rfb94a37b9a,C17673619e2
53,0,R13849e3a3f,Cc65d52a238
53,0,Re34311fbb9,C0a449a629c
53,0,Rbd65188bc9,Caa285895a7
53,0,R9f266e6c5c,C08a0b47512
53,0,R35f529c61e,Cc935434a52
53,0,R650d5f26cf,C269ef23eea
53,0,Rf75f5f6ac4,Ce570513854
53,0,Re0910efca9,C21d41254ba
53,0,R7751e6a306,C4944c48334
53,0,Rbba18d067f,C7029f2fe98
53,0,R399517b9a8,C2cab66a8eb
53,0,R202033795a,Cc7aab68736
53,0,Rb91bbdc354,C7181081737
53,0,R43d36b0590,C86528eb77b
53,0,R2ad4235f54,C15f2f0bd94
53,0,Rb8610d5132,C7fd71845d6
53,0,Rc513cac6d8,C02b9989626
53,0,Rf53a355a96,C76f7d027e8
53,0,R3a3d52fc6a,C5f446eb058
53,0,R79c14ea0c1,C76cac2a57c
53,0,R63235b9e90,C261d26439a
53,0,Rb81c73b41f,Cb143d7a345
53,0,Rf481f6c3d4,C9a6271d648
53,0,Rd1328caa8e,C6427885f4c
53,0,R2265774611,Cccf64502a7
53,0,Rdbad787c72,C05c577e76b
53,0,R7457842b6a,C3094260d51
53,0,R5cf7e20919,Cfe2dfcfa9f
53,0,R8463bcd05a,C7a0e61e20b
53,0,R13bc15df2f,C484b3f52da
53,0,Rc1267ba2fe,C6b536323ed
53,0,R3dad026edb,C506a2bbfe1
53,0,Ra21a595938,Cd6591e6cfb
53,0,R2dacf9a008,Ced1febed96
53,0,R8980f43c22,C3c825ba566
53,0,R6691449d5f,C4f90b14ae3
53,0,R81fd5b705a,Cbb48fcd829
53,0,R7c5002d8f1,Cd4eee79f8c
53,0,R7d15dbc488,Cee7cab81b9
53,0,R43c352cedd,C39ddbafbda
53,0,Rbe69058097,C2d5e5f648b
53,0,R8906930090,C860664096f
53,0,Rb7a3928e3a,Ca65bfab63c
53,0,R3ae0f5c08f,Ca555f8be35
53,0,R961c439dfe,Cc0fd638838
53,0,R5dba306c1b,C4792151f15
53,0,Rdb16a816ac,C17df337221
53,0,Rbdfc230ba0,C3ddbc1bb33
53,0,R051a04bcdd,C42537541fc
53,0,R729af36a37,C509233e1b3
53,0,R8169f69ae5,Ca8eae1aa56
53,0,R76ff0ebcc6,C9d3d735f76
54,0,Re7bff2450a,Ce344fa6587
54,0,R70648c43a5,Cfa58e9db82
54,0,R7d15dbc488,Cee7cab81b9
54,0,Rabd4a840e3,Cda6b6ddb40
54,0,R78f611c1de,C5b2e07f1d7
54,0,R00d8600a77,Ce0d89d7c28
54,0,R073aa4c4a1,C194415f4d6
54,0,R76c6e070fd,C91fd06c286
54,0,R544eadede1,C9d84d5f9e4
54,0,R10a32830f5,Cd599828c85
54,0,R487b6f3dec,Ca9db2f4380
54,0,R8c86d955d7,C7e55f9f161
54,0,R383cf75502,C59a0917820
54,0,R9972c32a7e,C5f07a099c4
54,0,R2b83a401e0,C5d9b91f908
54,0,Ra10b28ff0e,C8216616785
54,0,Rd60c95b6ad,Cb9089c9e44
54,0,R36f0316b28,C5889f054fc
54,0,Rce0c226ef7,Ce51e73a16a
54,0,R8b971688c6,C43e0677cc2
54,0,Raed2e77f66,Ccf8b9df66e
54,0,R7e7f363bbe,C6f5a383e0d
54,0,R0b313a8ce8,C59d66fe225
54,0,R117cf2d5d1,C2e9d95d056
54,0,Rc7b92d7e03,Cfbdbb13cb5
54,0,Rb9876a14d2,C2c2997da27
54,0,R7be36ce8d7,C034e16ba4e
54,0,R87c84738ef,C9972c4a1b2
54,0,R6fc3323fbf,Cad81d0101a
54,0,Rf7f211be1e,C31cac4886e
54,0,R4466b3e773,Cbb1d88c65d
54,0,Rb845eed0c1,Cc575722c1a
54,0,R359cf91b35,C1d8b524bf0
54,0,R872387a53d,C160c4731f8
54,0,Rcee22f895f,C02e6370643
54,0,R0dee419e42,Ce19a2a8d19
54,0,R4ead1c18cd,C69c68c6e36
54,0,Rb7c87c05d1,Cdc9ae2f4c4
54,0,R6a478b5682,C0aefd4f2ce
54,0,R88835f33a8,Ccb00a9faa1
54,0,R4eb8c8a191,Cd703a1e879
54,0,R08fac31b68,C625f6c023e
54,0,R8980f43c22,C3c825ba566
54,0,Rb25fcc776b,C65986f6966
54,0,Re1fc642412,Cedf39b2b25
54,0,R827fcedf4f,Cbdea3b2065
54,0,Rdcc4153d34,C581ae52b0f
54,0,R1877f7aea1,Cde2e048885
54,0,R4999a85528,C0e817598f5
54,0,R77cf9f359f,C8d4a72546b
54,0,Rc5779c27cb,C5f2f705202
54,0,Ra838eb0f67,Cc3a91957f7
54,0,R9360ab7dea,C1b431ad4e5
54,0,R4b73a32ef1,C0440b4c53e
54,0,R21bac5a714,C2d8059bcdb
54,0,R25386e683a,C739f6abf41
54,0,Rdab46ad123,C77f8c39095
54,0,R419f9e95c3,C7579695766
54,0,Ra5dd8d1448,C2a2e690080
54,0,Rb89defcc11,C2d2e95a633
54,0,Rba5d717168,Caebc06a751
54,0,Rb9048eeab4,Cbb421c2f74
54,0,Ra20eee0bf6,C466b3aaf04
54,0,R77bcfb6359,Cb65aec3cf7
54,0,Rc248378b31,C047f49b99b
54,0,R900b13affc,C1f35072da1
54,0,R5869d455bd,C559197b38f
54,0,Rb8be4f0d26,C869d96c331
54,0,R7fcbc398b2,C79b271ec2d
54,0,R8b641878c7,C3d483bc832
54,0,R770b0c6969,C9aab52ed9f
54,0,Rfbbc26b509,C2881d142e8
54,0,R7c53c16242,C626035149c
54,0,Rf0179b9d15,C689800f23f
54,0,Rf3f99aa719,C557e2f99f4
54,0,R3ced5861d7,C9bc274ce2c
54,0,Reb8322dca5,Cc9f1574638
54,0,Ra65c546663,C83da980c9b
54,0,R7f06b574cb,Cd6bf4589bf
54,0,Ra6c2320db3,C1a3fb688cf
54,0,R9b072bf760,Cfff6acf197
54,0,R3265757b26,C93d7f56ccf
54,0,R2d9e25b640,C4f28f505a8
54,0,R3916f37bb2,Cb7b4746554
54,0,R458e086fe8,Cd81dcabf20
54,0,R0df7424664,C5e227e9262
54,0,Rdb7959f9f4,C4414a0732c
54,0,R925e375c72,Cc397b7f1ad
54,0,R0d6247ba4d,Ccc6929773c
54,0,Rb7cfedeff7,C6eef7607ca
54,0,R0ba27d6348,C5185a529c3
54,0,Rcf062f6ad7,C245741c561
54,0,Rf7a739b54c,C6ccfb61a6c
54,0,R08f78a714d,C965c433f28
54,0,R74b2f18977,C039e3e71e6
54,0,Rf817d48276,C526a9c3b8c
54,0,R5bffcd6402,Cef66c987a5
54,0,R0538db065e,Ca29a9656dd
54,0,Ra52297be75,Cb5e64ea9e1
54,0,R4be54c4076,C7b40960bf0
54,0,Refe1a4bff0,Cda287054d0
54,0,R04a2173ea9,Ca518c77d85
54,0,R7806506013,Ccc9bd4d479
54,0,R0f9375dfcc,C3326805291
54,0,R73d6410580,C7e338d5ce6
54,0,Rc10bb62d84,C3edd294543
54,0,R136b609747,C756e0a4a4f
54,0,R73f6341487,C37f13b3a2b
54,0,Rd401e49e9b,Cf46c31dc2c
54,0,Racd3fd8781,C4e9f150a37
54,0,Rd7629144b3,C5db18a955e
54,0,R4b2c57d030,C2904f39f26
54,0,R8e74ebf294,Cd4f36e4e0e
54,0,R1ae554190a,Ccf2965ff08
54,0,R7da7da3504,C832eed24fa
54,0,R5975b27937,C3a5fb602e8
54,0,Rd80648571f,Cbab27bb0d0
54,0,Rd67a727cd5,C6dd96da5af
54,0,Ra07bdd2836,C968df4624c
54,0,R41562f725f,C614e32347f
54,0,Rb2b3708675,Cae2b2954b2
54,0,R1bfbf7459b,Cda2eebcd2b
54,0,R5477459731,C0e00d92123
54,0,R014a9697c5,Ceeb60fff88
54,0,R44c24b4cda,C5c26e05dfc
54,0,R3e9ae8ba62,Cb04bbc685c
54,0,Rd7f43ce65c,Cd453e32fff
54,0,R1702aa5590,Cebcb9bf069
54,0,R86a91e1860,C27a5ab86cb
54,0,R7faa5c0d34,Ce1b4b18e12
54,0,Rb713dabc67,C9d2731d333
54,0,Rcf9192bc20,Ce3e3176655
54,0,R47232f24f8,C21ca36b36f
54,0,R110a77f160,C3c002fa045
54,0,R386907d7cf,Cd79ccf5b0b
54,0,Rd53729e31e,C2c8483a7bd
54,0,R6b51fbe746,C3ea22150d7
54,0,Rbba18d067f,C7029f2fe98
54,0,R43d36b0590,C86528eb77b
54,0,R3dad026edb,C506a2bbfe1
54,0,R8463bcd05a,C7a0e61e20b
54,0,R7c5002d8f1,Cd4eee79f8c
54,0,R63235b9e90,C261d26439a
54,0,R2265774611,Cccf64502a7
54,0,Re0910efca9,C21d41254ba
54,0,Rbd65188bc9,Caa285895a7
54,0,Rdbad787c72,C05c577e76b
54,0,R35f529c61e,Cc935434a52
54,0,Rd1328caa8e,C6427885f4c
54,0,Re109bc043a,C3a6686dfdc
54,0,Rb90d13dbe7,C136944acb3
54,0,R6691449d5f,C4f90b14ae3
54,0,Rb60aa49b35,Ce73d9e7fa6
54,0,R380810eecb,C07a1784781
54,0,R5dba306c1b,C4792151f15
54,0,R43582009b0,C1817f1fc5d
54,0,R3eb8bfb4cf,Cd4b0050434
54,0,R3dccd30d03,C3d8e747ec4
54,0,Ref43f73c73,C153a4ca580
54,0,Rbc8027fc12,C4783117e1a
54,0,R07593551c9,Cb0df4721c6
54,0,R517e4bbbbd,Cdee663aadc
54,0,Raa2c4090d4,C3f23d50fe1
54,0,Re45c41a15a,Cb6a8a90ce1
54,0,Rebc2aebe74,C473b3cbdd2
55,0,R1756033399,C9a5eeb6859
55,0,R0377b95a21,Cf630356b39
55,0,R1f3041a163,C824f1fc9ef
55,0,Ra221ce2366,C07e43634ad
55,0,Ree46091779,C594c76b3ae
55,0,R7721a29231,C17ae9e73ad
55,0,R6150aca106,C72f0ceb2ea
55,0,Ra28f92ca6b,Cd417455c29
55,0,Rd313d20d4d,C736c54e306
55,0,Rce3687abc2,Cc84f67e289
55,0,R389d3d14dc,Cb6a8a90ce1
55,0,R5906a9080d,C2313520914
55,0,Re0a6618b40,C34a518fa38
55,0,R9c88ffc4fa,C6348ace0b0
55,0,Rd7d10739af,Ca2d6a6c7b3
55,0,R8c8fff857c,C52d0c9055f
55,0,R2e71ade642,C67c3ec859b
55,0,Rb30ed401b7,C8deecf58c9
55,0,R8944a64351,Cd67926a52a
55,0,Rf593a30828,Cb72b9bf181
55,0,R9ce48aefc5,C5f7a21e7d2
55,0,R149fda8660,C018420ffb6
55,0,R7536d7d2bb,Cd4b1cedc7b
55,0,R63cd8c820c,C1fb83414f9
55,0,R0f685de70b,C14d0655794
55,0,R7ba93446f2,Cfb6dbeb27a
55,0,R647a8ac320,Cf8e4d4b827
55,0,R8bed1ebead,C687003622a
55,0,Ra7d30c3097,Ccf89dac925
55,0,R4ea36eeb40,Ce3ca59cd04
55,0,Rc993dcfc3f,C81f93b14dc
55,0,Rf84cdc5865,Ceed939fceb
55,0,R7eaeb0a9b8,C7bbbca45c0
55,0,Rf75f5f6ac4,C113561951d
55,0,R3ae0f5c08f,C867b3267c8
55,0,R13c10435bd,Cb26ecc1eb2
55,0,R91d67e113a,C3f95a970b8
55,0,Rfb94a37b9a,Ca65523702c
55,0,Rc1267ba2fe,C82378f1d88
55,0,R79c14ea0c1,Cc6b38a51e0
55,0,Rb3fb4fb0fe,Cb981bc2a80
55,0,Rc78b0fd298,C361fc15284
55,0,Re80813894d,C6913ac7192
55,0,Ra21a595938,C491233b1e1
55,0,Rbec50aeb74,Cdc2034c63b
55,0,R2dacf9a008,Cc06a9c4e27
55,0,R47b423aed8,C2c267df932
55,0,Rfea8c969d4,Cf690bbdf4a
55,0,R6b99c6451f,C67f97ff50a
55,0,R729af36a37,C86f1c5bd34
56,0,Rdfbb248534,Cff219195b1
56,0,Rdc8ffad489,C796cfde984
56,0,R851cb07161,C907f08d1db
56,0,R4f2d24d73a,C70188a8ce5
56,0,Rb4f6b5fb12,C09927efa44
56,0,R5a08243487,C36f66b7774
56,0,R35d7389b9d,Ccc9aa6191f
56,0,R6b6625f774,C7e08c2f4db
56,0,Radece755fe,C2967d3a98c
56,0,Rd4df8e191a,Cb2376c9cb3
56,0,R74a91dac45,Cc33fab3ee4
56,0,R34d751f998,Caebc4c4089
56,0,Rdfb8dda500,Cc7f8c77b75
56,0,Rc662f757bc,C05fff27577
56,0,R488dbf03db,C1d2dbe44fe
56,0,R497c62c01b,C074885eff9
56,0,Rd074fd5586,C81b3fc8d42
56,0,R1e4ccb5c02,C81d5d96e94
56,0,Ra221ce2366,C07e43634ad
56,0,Rc5157d600e,Cdbd62c7246
56,0,R7e42c97911,Ccc475c154e
56,0,Rc62defd626,Ca748b08eb8
56,0,R9bd9a1ecdd,C4fc0de794f
56,0,R3a6fdb5856,C58f562e584
56,0,Rfd2549125a,C734a98c6ab
56,0,Rdca51334ad,C48a530363e
56,0,R0b313a8ce8,C8470d1bcf5
56,0,Rc6166eed12,C651e702298
56,0,Rff25727bbc,C531e769bd4
56,0,R6150aca106,C72f0ceb2ea
56,0,Re8abc3b2e4,C3589d830bb
56,0,R3dcb8dfd0a,C5ba8cdc823
56,0,R91cdecf4f4,Ca809b098a1
56,0,R1c8e8d7092,C2d78bfe678
56,0,Raab4d79f3b,C1e9671c0bc
56,0,R9dc822d8d8,C1a40b24aeb
56,0,Rb89defcc11,C6bd2e83467
56,0,R9685110622,Ce74130b057
56,0,R27f9a81140,C5f0d490e75
56,0,R64924513e2,Ceb0dc6b300
56,0,Ra519a33709,C8beb85b75f
56,0,R07e8c4beba,Cb561ba919f
56,0,Ra1d88ad464,Ce3910baafe
56,0,R7e7f363bbe,C4df84b427b
56,0,Rc13f2b919b,C67f97ff50a
56,0,Rc3de5c3dd8,C82ad6ad3a7
56,0,Re4fe312d2e,Cdf0fa4ba9d
56,0,R82f015d0df,Ccccbc9947a
56,0,R770b0c6969,C44b29ba993
56,0,R886eb3f269,Ca9d9b71f04
56,0,Rc6fb2daf65,C578fd4cf03
56,0,Re8a6f2bbec,C30ffba4c68
56,0,R432907a65e,Cc5d291a1c9
56,0,Red5ae93f5a,C312b5d04b3
56,0,R8b641878c7,C7d4b43143d
56,0,Rce3687abc2,Cc84f67e289
56,0,Rd9f222ccb6,C5f24a0287a
56,0,R1c5b1d5951,C8817f90e87
56,0,R9faffeafc1,Cbccd433339
56,0,Rd116568444,C120fcda311
56,0,Rf7f211be1e,Cb8e3acabc4
56,0,R5906a9080d,C2313520914
56,0,R010adfa092,C100587edc2
56,0,R91a762c332,C47cbfd077c
56,0,R9360ab7dea,C39c2891105
56,0,R0dee419e42,Cfe65b93d8c
56,0,Rd60c95b6ad,Ce716883360
56,0,Raf969a5893,C6a4328cfa5
56,0,R9b072bf760,C61d6a42ea0
56,0,Rfe314dfa5e,C2473d42b33
56,0,R776a324def,C093143c072
56,0,Rcfe5a55c4c,Cb4b66cbd70
56,0,R111eb6c660,C67069d9940
56,0,Red565a9e9c,Ce548432e9f
56,0,R64769c8c60,Cf01deadc31
56,0,Re969f606be,C33adfbf16d
56,0,R8bcba3e5ad,Cc558fe82e6
56,0,Rdb6ab94ea5,C2a48e7bde1
56,0,R149fda8660,C018420ffb6
56,0,R00cb857c57,C56734da228
56,0,R980dd2db61,C8aef6deda6
56,0,R184d80e3e4,Ce9cbcb06ba
56,0,R0f9375dfcc,C4407986bc6
56,0,Rcf062f6ad7,Cceb4ece6d8
56,0,R0e7a976549,C2394dcb6c9
56,0,R117cf2d5d1,Cec73e32ed0
56,0,Ra838eb0f67,C047b7f8f48
56,0,R92b390ab96,C44ea5e65d7
56,0,Rd313d20d4d,C736c54e306
56,0,R87c84738ef,C8c2b45f311
56,0,R136b609747,C49ba2c8a8e
56,0,Rb9876a14d2,C7d38d41f2a
56,0,R92fae8b4d8,Ce5523a95ff
56,0,Raca48a309f,C20d75ee7d8
56,0,R84396dd78f,Ce1f3d87970
56,0,R8d364212cb,C5a2dd923fc
56,0,R6ea6338597,Cf86265faf9
56,0,Rc3f4307bb1,C2c19178c44
56,0,R27ad7872c7,Cf54138c0fa
56,0,R359cf91b35,C649da0d1de
56,0,Ra97d738fc7,Cec11c1ef4a
56,0,Rd3f4ea849c,Ca32c35b450
56,0,Rf44690598b,C40c2de1086
56,0,Rcee22f895f,C15a91754a7
56,0,Re8085841e6,Ca159cbb0d2
56,0,R2079ca8440,C643cb129aa
56,0,Ree6e910da5,Caad951d5cc
56,0,R555d610988,Ca087df9c8f
56,0,R8944a64351,Cd67926a52a
56,0,Rf7a739b54c,Cd29ea1d7d0
56,0,R045878eea9,Cc1a4246acb
56,0,R684c2c5274,C62909af0fa
56,0,Rb8be4f0d26,C537b5fd5de
56,0,R5975b27937,C47469ecb68
56,0,R3d2bccb48a,Cab8cc776ba
56,0,R8c8fff857c,C52d0c9055f
56,0,R5bffcd6402,Cdd7cf334fb
56,0,Re420650e73,Cdda0850c05
56,0,R23cf48d18b,C8d62966ca4
56,0,R647a8ac320,Cf8e4d4b827
56,0,R739daeacf1,Ca563d4dd9e
56,0,Rd170761ac5,Ca4f42658d8
56,0,R2164322338,C193ffe0adc
56,0,R9494b766db,Cb9373a434b
56,0,Re0d81d3f3f,Ce1c1b0cee5
56,0,R4800b4c833,C0e5c956171
56,0,R07fe08cbf9,C8aef0bc8a5
56,0,Rd706b5fcc6,C5207ee1c6b
56,0,Re3b2b4cdad,Cdc819c747b
56,0,Rb9743f7092,C9bdfe55232
56,0,R3ced5861d7,C931a31091e
56,0,R72aaf88f24,Cb274dd2ca6
56,0,Re16faea661,Cc835762e04
56,0,Re942b91eca,C85fabf02f8
56,0,R9d5c2f8668,C1a1667b90a
56,0,R2f165c92f1,C3ba4da5da9
56,0,R1785928b8b,Cf70cc7c5f6
56,0,R8d151c94ac,C691e98faf5
56,0,R67817f43c3,C48e7404976
56,0,Rc1b5eebedd,C14d1a1fb5b
56,0,Rf0a5a23859,C7adb3a6ca2
56,0,R887f703a90,Ca4c30f05aa
56,0,Rf5d0f57d15,C3940fee3b2
56,0,R35196f7e15,C2fd42b8a88
56,0,R7ba93446f2,Cfb6dbeb27a
56,0,R784160c0a5,C1b0335daac
56,0,R006b6e239b,Cafe4031642
56,0,Rc7b92d7e03,Cf6f75935af
56,0,Ra20eee0bf6,Caa5b1c4327
56,0,Rf36c932d1a,C460fb15a64
56,0,Re0a6618b40,C34a518fa38
56,0,R39af0596f8,C4ffd4c5d7b
56,0,R8e74ebf294,Cc94664f517
56,0,R6aa2839a83,Cb36c9abd6e
56,0,R7180a7751b,C05c744c418
56,0,R886059e501,C6ed0474990
56,0,R6833dc83dc,C3ffb9bfe6a
56,0,Re90e7beb78,C48232c67fb
56,0,Rfad3d8d5ee,C733383e809
56,0,Rd7629144b3,Ceec223c027
56,0,Rebf38e99df,C19acff9bba
56,0,Rf48346741a,C09e4a12394
56,0,Rd7d05cc28a,C3e836bbd40
56,0,Rb8a791bde7,C0e7aed7f5c
56,0,Rc1f0c90638,Cb040ab21fb
56,0,Rb37c260712,Ca5c1e335ed
56,0,R0b58cf11af,Ce8d774a42e
56,0,R63c3d22d03,Cf1f3e96b9d
56,0,R72b626837d,Cb80ca0f727
56,0,Refe1a4bff0,C5aad7edf59
56,0,R897582facf,Cb75ebea770
56,0,Rf593a30828,Cb72b9bf181
56,0,Rbf9d911577,Cb3336c9b6b
56,0,R5d2d37d709,C888e971a69
56,0,Rc1f1565431,C1f024dddaf
56,0,R7eaeb0a9b8,C7bbbca45c0
56,0,R7106be3872,Caf0b11d8b3
56,0,R11c6bcd856,C3e969a03bc
56,0,Rfb250e526d,C3a5c3d86c3
56,0,R94ef9e6df2,C99851af652
56,0,Rb713dabc67,Ce7208b1163
56,0,R2c76b94d7e,C758fc407cd
56,0,R1c2fcbb231,C463216c1ec
56,0,R07f445e84f,Cb1dbdea764
56,0,Rc437a4b81a,C8a6ae7ff12
56,0,Rf06f657636,C7ac567a957
56,0,R7daa2916be,Cbed02674e1
56,0,R6bb6c9f760,C382fba0a84
56,0,Rc028fe4656,Ca737748333
56,0,Rc10bb62d84,C44807c29f7
56,0,R3265757b26,C20afd6b0cd
56,0,Rb30ed401b7,C8deecf58c9
56,0,Rfc0e7bb1d7,Cadf0e58350
56,0,R3898d8d0c0,C1526cefe0a
56,0,R4ea36eeb40,Ce3ca59cd04
56,0,R9cab4ca5e1,C811c7f5efc
56,0,R7faa5c0d34,Cd4f119ae2d
56,0,R9add43f895,C107c30f8ef
56,0,R99052e0983,Cbb0e67cc01
56,0,Rf84cdc5865,Ceed939fceb
56,0,R1702aa5590,Cf0d6a9111d
56,0,Re75e0bb2ee,C55e2f2840e
56,0,R5e7591bd12,C809a466638
56,0,Re34311fbb9,C8df369440e
56,0,Rcf0e614c85,C9b65994eb3
56,0,R831813be78,C00ca5a3630
56,0,Rd7f43ce65c,Cf0d0d14393
56,0,R13c10435bd,Cb26ecc1eb2
56,0,R110a77f160,C29ca194b01
56,0,R47b423aed8,C2c267df932
56,0,Raf6095340b,Cffc7b5162c
56,0,R43d36b0590,C16543f83fe
56,0,Rc78b0fd298,C361fc15284
56,0,Ra8f80d15ed,C9d5a8ee389
56,0,R9f266e6c5c,Caf3f96bd15
56,0,R0538db065e,Ce47b6588bb
56,0,R386907d7cf,Ca2fa2b49d8
56,0,R6bf396420a,C3fdbf09949
56,0,R2c0417c854,Cb9e3941525
56,0,R431ce90099,Ce53e5c1a88
56,0,Rde697ac7e1,C4fdb0a800d
56,0,R74b2f18977,Cecc02216de
56,0,Rfb94a37b9a,Ca65523702c
56,0,R8a1a2e7483,C74ac47194b
56,0,R8980f43c22,C904805540c
56,0,Rbba18d067f,C5691df5e97
56,0,Rc67a0e097e,Cda664db126
56,0,R4399e47f1d,Ce0ee4d167d
56,0,R032190fdb7,Cb75ee95c21
56,0,Rb7bfd88e06,Caf56398714
56,0,R2265774611,C73ab729606
56,0,Rbd65188bc9,Ca795395e03
56,0,Rb3fb4fb0fe,Cb981bc2a80
56,0,Rf53a355a96,Cf8ac22dfca
56,0,Re0910efca9,Ca45c0cc1e6
56,0,R9c854b0dc2,Cd172cb0852
56,0,R2ad4235f54,Ce32d4a7663
56,0,Rc1267ba2fe,C82378f1d88
56,0,R95b8695089,Cae5d7c1b7e
56,0,R81fd5b705a,C8f4152ff79
56,0,R54a59b90be,C03414034cb
56,0,R3dad026edb,Cc5a4879022
56,0,Rbec50aeb74,Cdc2034c63b
56,0,R55305e25b9,C25f8f5184c
56,0,R91d67e113a,C3f95a970b8
56,0,R13849e3a3f,Cc8eed3ce93
56,0,R3a3d52fc6a,C211deb9169
56,0,Rbe69058097,C48b6726077
56,0,Rd1328caa8e,Cc5a168a04c
56,0,Rf75f5f6ac4,C113561951d
56,0,R134ec6497c,C49e965aa4b
56,0,Rb91bbdc354,Cb250fff829
56,0,R8906930090,Ca1bd1cd35f
56,0,R7751e6a306,C09e379e96f
56,0,R3ae0f5c08f,C867b3267c8
56,0,Ra21a595938,C491233b1e1
56,0,R13bc15df2f,Ca2c2307dea
56,0,R7d15dbc488,C19f484936a
56,0,Re80813894d,C6913ac7192
56,0,Rbab67090b2,Cad6b3724af
56,0,Rb7a3928e3a,Cd96d3c9b0d
56,0,R2dacf9a008,Cc06a9c4e27
56,0,Rbdfc230ba0,Cb97650e020
56,0,R7c5002d8f1,C7d0e132c3a
56,0,R9f0c82e633,C53c0ac1116
56,0,R961c439dfe,Cf59ccc9aa5
56,0,R380810eecb,C7eb5eeeea4
56,0,R43582009b0,Ccc5aec63c4
56,0,R051a04bcdd,C56f0771a64
56,0,R2061d2edf4,Cb6d9efa98d
56,0,R544eadede1,C8c0732adc2
56,0,R4d0e9b2161,C13d9f96293
56,0,R95e6414db5,C4575e89b25
56,0,R07e3261a9d,C3ef7902bdd
56,0,R2fedbb2715,Ce8925d6bed
56,0,Rd9543bcc4f,C468568542d
56,0,R6140279b34,Caa656e944b
56,0,Rd581e452bb,C0df22d24fc
56,0,R6056e02196,Cdd9acac2bb
56,0,R39da15ed9d,Cff35054f4a
56,0,R2b79dfbde0,C07a2010e34
56,0,R2961142538,C0a2ff46b72
56,0,R1b2f670383,C82ff859f98
56,0,Rd2df4718f1,C7763f4171f
56,0,Rc7ee842a1d,C6dbce30feb
56,0,Rb6b7bfab24,C9ece8a6da9
56,0,R40ef168969,Ca5fbca1832
56,0,Rd78acb988b,C0359ff8ba0
56,0,R74dd9bdfa6,C854246fe73
56,0,Ra66511e9ed,Cf0993e9368
56,0,R3d8572cd5a,C1c6b0ba6cb
56,0,R1c8b3a3e08,Cc11c31d157
56,0,Rc1d8a22466,Cbec4631aab
56,0,R94fec0ae92,Cfd4cf1b7ec
56,0,R0fe4dec38a,Ca695e1f504
56,0,R97b48446f3,C38ea8d3a7d
56,0,Reb7b80476d,C8d3136c2e4
56,0,R43edd22bab,Cdacd5a2ca6
56,0,Radcde35cce,C35584f9e95
56,0,R51fe3a94e8,C92c1d29518
56,0,R9de6d80282,C9fe02325a0
56,0,Rbb4fdc9e77,C059ef622d5
56,0,Rfbe5d919ea,Cf728b6af27
56,0,R340db66e6e,C5dc575efa0
56,0,Red37d8763d,Cf704b1a94e
56,0,R8d680a77ff,Cd7a9dc871a
56,0,R4f5bc26565,Cf929d2cb4b
56,0,Ra502d46cd3,C6fa0f9411a
56,0,R95b85b59a8,Cb1d1687135
56,0,R77b403a4ea,Cb837596cb5
56,0,Re767480d35,Cd1e50b8220
56,0,R058a2f9c57,C3e972e84a3
56,0,Rf40b5cd19a,Cceccbba480
56,0,R840b30e770,C264eba9043
56,0,Rfa5a0a8381,Cea5ace6ab1
56,0,R03f3eacb34,C7acb3abb46
56,0,R4af62a87b8,C4b544205c2
56,0,Rb764757ee6,Cb1787967d7
56,0,R4b73a32ef1,C06b37d1500
56,0,Rd9ddf0e062,Ccd6755a012
56,0,R263c8d6eeb,Cb327d938a0
56,0,R06552e7c8b,Cead5710d4b
56,0,R184870c2f6,C2b475e554e
56,0,R78f611c1de,Cd019e69e15
56,0,R4b10c3c168,C6e4f7b5dde
56,0,R954516734f,C8a9715b630
56,0,R35c49d4302,C2a4bf62266
56,0,Rbad4db0101,C42a5194dfe
56,0,Rdcafe33047,C1cefaa2f42
56,0,R83357cad4a,Ca88ceacdd3
56,0,Rcca90bc747,C166c03845e
56,0,R8f617d5c5f,Cf18eb00ce3
56,0,R205f252d0b,C55657feff0
56,0,Rd8668ab367,C2544d33fe3
56,0,Rbdaac91eff,C4fdc259329
56,0,R76c6e070fd,C766d3d1822
56,0,Re44fa5cfbe,Ca7b3417b03
56,0,R0448b4d636,C616e949c57
56,0,R4c363da69b,C80de6895ad
56,0,R94c1cf6ece,C7a210d6097
56,0,Re67846777b,Cbbcd82a203
56,0,Re71490b2ce,C564a6e895d
56,0,R9a17c82f84,C8e7e419a0b
56,0,Rcdb969aabd,Ce8f0414c0d
56,0,R529443dee0,C802c122917
56,0,Rdf9e3190aa,C48ab9dce92
56,0,R0efc706624,C626efda7b1
56,0,Re3af0eb0ca,C0fa667bb24
56,0,Ra3a6715b38,C05d903b576
56,0,R6f04da6944,Cd2be37eb18
56,0,R969ecc7d8e,C667b175e4a
56,0,R942b5c737c,C4bfc433ff9
56,0,Re3872bb89b,C2a4c2ebf61
56,0,Ra0dbce231f,Ccd45f0b98b
56,0,R1e453c3957,C4cdac6f3e0
56,0,R343ef54bb9,C76aea3128e
56,0,R2d131b6cfd,Ce8249badee
56,0,R71f7bc61aa,C6dd7745b7c
56,0,Rd153d47065,Ca6e250cdaf
56,0,R544c9fe7f3,C9f4fddbf00
56,0,Rb628ecdbc8,C40fc3d8451
56,0,R86fa189be1,C0f16f73308
56,0,R6e9d21be5b,Ccf22a81f04
56,0,Rf7e729aaaa,Cf53aedcf65
56,0,R64c9d99ef1,Cce7c447a31
56,0,Rc4e5b8446d,Cb41f5397fc
56,0,Rf043447f93,C9bbea9ca90
56,0,R2e71ade642,C67c3ec859b
56,0,Ra5dd8d1448,Ccce3c40a25
56,0,R5512223f30,Ce28f00484b
56,0,R8640883954,C80cc1531cc
56,0,R75173a0c2e,Cd5152cfb9a
56,0,R895f526f56,Ca30d2b69d2
56,0,R1a10de2e3c,C4ca70246f6
56,0,Ra381d66d37,C232565e3a5
56,0,R387a78395f,Ca94e554ed1
56,0,Rece93f078d,C48f7cbc59e
56,0,Raed2e77f66,Ca14bde2d10
56,0,R6a478b5682,C8162d36f4d
56,0,R458e086fe8,C7481d70226
56,0,R76be10c1fc,C3e725b32f8
56,0,R5e55d48812,C4322ec5f3f
56,0,Rcc220cdda1,C3e0b232bfa
56,0,Rb25fcc776b,C67532b504a
56,0,R57a389cfa6,C7b88c81494
56,0,R4e43d9e1c1,C831094cc40
56,0,Rd7d4970368,Ce58383c7af
56,0,R75a030b5e1,Cb00fc78e14
56,0,R4999a85528,Cc7df94063a
56,0,R2305bca064,Cd1093a087c
56,0,Rf5ed965f2a,C731b9356c7
56,0,R093c71876e,Ccb2317596b
56,0,R8f5c52ad4f,Cf19252990b
56,0,R7e672d831e,C059c11b67d
56,0,R3be457ac0a,C312336558a
56,0,Rbf4ee90da0,Ca334d76bf8
56,0,Rfbd4e87134,C3722f9d512
56,0,Ra1317fca2d,C3e55922675
56,0,R577e2fd5ca,C7395d0581e
56,0,Rbc00977c89,Cbb9869037c
56,0,R1920c1a95d,C5062d8bc9f
56,0,Rc6e12baa27,C9642f6e075
56,0,R9afb705321,C74cba3f076
56,0,R3df7b35479,C20c23bdd19
56,0,R97463134d9,C445193cbea
56,0,R6a68e34799,C0098b1b358
56,0,R4825bb2144,C0f31208459
56,0,Ref043bff36,Cee0a97689a
56,0,Rba671b9505,C46a903c78b
56,0,Re305bba504,Cd7d61b686f
56,0,Ra65c546663,C5833bf1dea
56,0,Rd150275f9b,C6e350bf033
56,0,Rf3f99aa719,Cdf004ebfdb
56,0,R9cd816f8c9,C520d166bc0
56,0,R385a0ced0a,C4e2e61aac7
56,0,R0e2b20c255,C80d0c055e5
56,0,Ra4f67687cb,C696dd61c32
56,0,R12ccb868de,Cd76dba8c99
56,0,R42f30684b7,Cf1506ff1f8
56,0,Rb19d68c67b,C3ecfd0d2e6
56,0,R4d36624381,C70250caa49
56,0,R774d348915,Cddce961a81
56,0,Rdbb7bb35ef,C132f755baf
56,0,Rffb6a1dfa7,C73f736c268
56,0,Rfe71579a02,C8c0928cabb
56,0,R7da7da3504,C6bcc5c98b7
56,0,R79683fd429,C88bbbfca70
56,0,Rac15ca50c8,Caab87b2fd0
56,0,R6c373d373b,Cbc8380ba04
56,0,R262da439bf,C84ee9cd182
56,0,Ra92c80ee4a,C074ea212c1
56,0,Rf72b75f60e,Cca9e30fe54
56,0,R301c9a8135,C7794e5e971
56,0,R51c2eed190,Ccbe5a04c71
56,0,Rd10d8367ea,Ccb297381ed
56,0,R7b052074d8,Cad75f818d2
56,0,R2c1ebbff1a,Cdc9e3f10ce
56,0,R376aec1eb5,Ce809da880f
56,0,Rc950ed363b,Cc834f9abb3
56,0,Recc924c1d8,Cf1e0f6bfcc
56,0,Rfc7945a4da,Ca94fbe65d4
56,0,Re8cb2e6e7d,C907bcd5af5
56,0,Rb9b65f24c9,C628787a4a4
56,0,R18dfc17723,Cf8db6c19c4
56,0,Rb2b3708675,C8c99a19a7f
56,0,Recd736b795,Ceb940ec977
56,0,Rf2fba33a98,C3f8810c08c
56,0,R7e9528efaa,C6d1d90c681
56,0,R0dbc198813,C44ab5888b7
56,0,Rbf106602aa,C01a6afcb6c
56,0,R35f529c61e,Cfdf16101b8
56,0,R1fb4d0bbd9,C1dba9f5321
56,0,R197aad70f4,Cd9d5405c88
56,0,Rc513cac6d8,C047eb169a4
56,0,Rc3b154c241,C9d2f4954c2
56,0,Rd60d12bd87,C0671e83109
56,0,R11cc9dcbe6,C07f80c88c2
56,0,Rf58f283684,Cb6907934fc
56,0,R6b51fbe746,Ca52d434adf
56,0,Rae72adf855,C8b786159b9
56,0,Rf68aeef6ef,C34f7811e9c
56,0,Rcf9192bc20,Cee252ccc3f
56,0,Rdfe44a190a,Ca0552203c4
56,0,Rd887e0477d,C0c603d5d4f
56,0,R64d375ca8e,C3c7d88e6d0
56,0,Rfde2c74990,C241bf2756e
56,0,R46c9012d53,Ce29fb84a81
56,0,R9b45255249,C0f4cd7d34b
56,0,Rfdfb92f64b,Cef273bd984
56,0,Rd53729e31e,C57d7fade01
56,0,R9828e64166,Ca965985435
56,0,Rcd58990114,C4b15a03e46
56,0,R491fb95b14,C8de5cad54e
56,0,R5cf7e20919,Cababee9bc3
56,0,R971789426f,C4fa44b3d36
56,0,Ra3ad86d067,Ccef3da14b0
56,0,R79c14ea0c1,Cc6b38a51e0
56,0,Rd656f5852a,Ca0e4ff3ebe
56,0,R202033795a,C4ab9cbe84e
56,0,Rcb33be3a0f,Cb5be9bd7a6
56,0,Rfff9ec713f,Cbd0b0bbf02
56,0,R39661ef44d,Cf54ee66a04
56,0,Raf0c98b363,Cfa245eb60d
56,0,Re47aaf5698,Cc569f2d180
56,0,R3037662277,Cad4be6a3a5
56,0,R518a342619,C5523bff546
56,0,R820084f80d,C3626673a7e
56,0,Reee9bbc325,C64e6931613
56,0,Rae9bde026d,Cf020c9c223
56,0,Reff3cde780,Cd536eeebf9
56,0,Re5a8a5423c,C84ac056710
56,0,Rb60aa49b35,Ca0d1f4bccc
56,0,Rc2286b46cc,Cca8569ee0d
56,0,R5dba306c1b,C72c2a0b99c
56,0,R3eb8bfb4cf,C2bc18c0721
56,0,Rc809ff6e36,Cdb7f0e229f
57,0,Rdbe72a388a,C2efb0dc3ff
57,0,Rb4f6b5fb12,C09927efa44
57,0,R8968446e5d,Ccab9aeb3ba
57,0,R40ef168969,Ca5fbca1832
57,0,Rdc8ffad489,C796cfde984
57,0,R5ce8d0ba85,C9f08131c64
57,0,Ra9f18483b8,Ce421b3b2c7
57,0,Red5ae93f5a,C312b5d04b3
57,0,R91a762c332,C47cbfd077c
57,0,R47b423aed8,C2c267df932
57,0,Rafb301af14,Ce00136ca86
57,0,Rf84f5f0d5f,C3c4f1e78c5
57,0,Rc1c6bea3c1,Cd528034bd7
57,0,R53dd95d3b7,C9fa73e3e82
57,0,R6edb63ef49,Cf65262228c
57,0,Rb939737418,Cde3d1168d5
57,0,Rcbf9e24f91,C4d2cfa888f
57,0,R07e3261a9d,C3ef7902bdd
57,0,R835977315b,Cf6bbaeefa9
57,0,R0962ddec23,C01c6de2cd7
57,0,Rb7f9daa2e1,C46fc01e3dd
57,0,R1e2874a134,C71ee4ad2dd
57,0,Re67846777b,Cbbcd82a203
57,0,Ra6e4ee57a9,Ce5fc8a8f29
57,0,R3d8572cd5a,C1c6b0ba6cb
57,0,R8944a64351,Cd67926a52a
57,0,Rfba25c3ba6,Cfe36ec7fe3
57,0,R67e8b039c6,Ca486cb1612
57,0,R4e11cb597b,Cfdec7044db
57,0,Rb83ee31a76,Cc8d7892815
57,0,Rc5779c27cb,C47bc341c4d
57,0,R5e31403d13,Cf7f07e829a
57,0,R5a56e64eb3,Cbc1207ecef
57,0,R96a3063393,C14a89b2943
57,0,R842843d1f3,C6f45a52ed7
57,0,R664f44b1ee,C32b35b45c4
57,0,Rb45feec9bb,C8b2b549def
57,0,R7d727bea0b,Cd82a6e717c
57,0,R29b80634f8,C76dddc8af3
57,0,R82f015d0df,Ccccbc9947a
57,0,R081d030416,C44b8decedd
57,0,R969ecc7d8e,C667b175e4a
57,0,R1785928b8b,Cf70cc7c5f6
57,0,Rf6335959ed,Cbb0f815a09
57,0,Rf447fad72f,C661ea8c5af
57,0,R4b10c3c168,C6e4f7b5dde
57,0,Ra502d46cd3,C6fa0f9411a
57,0,Rbe5d7897f2,C0be03951a6
57,0,Re3af0eb0ca,C0fa667bb24
57,0,R1b597952a4,C58f61c9714
57,0,R6e9d21be5b,Ccf22a81f04
57,0,R4a66e13a93,Cd407a09d7d
57,0,R4800b4c833,C0e5c956171
57,0,Rd2596d7942,Ceddfa3ba0b
57,0,R9faffeafc1,Cbccd433339
57,0,R01c991f0e6,Cac2148cd69
57,0,R9685110622,Ce74130b057
57,0,Raed2e77f66,Ca14bde2d10
57,0,R24a04107ec,C22ebcc728f
57,0,R75a030b5e1,Cb00fc78e14
57,0,Ra838eb0f67,C047b7f8f48
57,0,R8ec4704964,C6d3e7c1cd9
57,0,R23cf48d18b,C8d62966ca4
57,0,R1d66f8de87,C8619fee352
57,0,R389d3d14dc,Cb6a8a90ce1
57,0,R2e71ade642,C67c3ec859b
57,0,Rb8be4f0d26,C537b5fd5de
57,0,Rbec7a1620e,Cf948a20953
57,0,Rcb05ec4094,Cd92f1aecdd
57,0,Rce3687abc2,Cc84f67e289
57,0,R0cb503894e,C9bd2202cee
57,0,R9c88ffc4fa,C6348ace0b0
57,0,R68acb531c1,Cfc1c3bf53c
57,0,R1877f7aea1,C118201e928
57,0,R68dd01165f,C8ad0f8dd4d
57,0,Rd3f4ea849c,Ca32c35b450
57,0,R010adfa092,C100587edc2
57,0,R184d80e3e4,Ce9cbcb06ba
57,0,R359cf91b35,C649da0d1de
57,0,Rfbd4e87134,C3722f9d512
57,0,R2d131b6cfd,Ce8249badee
57,0,Rb7cfedeff7,Ce73e312984
57,0,R92fae8b4d8,Ce5523a95ff
57,0,Ra3a6715b38,C05d903b576
57,0,Rba671b9505,C46a903c78b
57,0,R739daeacf1,Ca563d4dd9e
57,0,R41e77359ae,Ca14b67b68d
57,0,R0efc706624,C626efda7b1
57,0,Rab7555559d,C7b5cdcfbe8
57,0,R49fc135c63,C7e61cdd54c
57,0,R5512223f30,Ce28f00484b
57,0,R3fcece5f23,C89fc64c1b6
57,0,R1d3d0ee277,C07accb88ea
57,0,R4af62a87b8,C4b544205c2
57,0,R6a68e34799,C0098b1b358
57,0,R4812abafe4,C3eb08dcbee
57,0,R9c48f7970a,Cb6c00855c7
57,0,R41d2dfba46,C2bdf750b86
57,0,Rcdb969aabd,Ce8f0414c0d
57,0,R5e9715e59a,C923223c91e
57,0,R2ff23c4a8f,C1b4979aec3
57,0,R86fa189be1,C0f16f73308
57,0,Rbd073b1bc6,C4e195c2200
57,0,Rcf062f6ad7,Cceb4ece6d8
57,0,R8c8fff857c,C52d0c9055f
57,0,R5906a9080d,C2313520914
57,0,Raff1368d5b,C0e19646cd5
57,0,Rb4d122d95e,Cec1c01da6f
57,0,R6ea6338597,Cf86265faf9
57,0,Rf817d48276,C2bed1fafb4
57,0,Re3b2b4cdad,Cdc819c747b
57,0,R6f385b8236,C351863f71d
57,0,Ra86e5e0492,Cccf80e7b0f
57,0,Rdca51334ad,C48a530363e
57,0,R12ccb868de,Cd76dba8c99
57,0,R316b81e9e5,Cd7cd44026b
57,0,R94c1cf6ece,C7a210d6097
57,0,Rbcc296231f,C4b988c9fb8
57,0,R71f7bc61aa,C6dd7745b7c
57,0,R5ea337f39e,Cb48717ba60
57,0,Rdf9e3190aa,C48ab9dce92
57,0,R8b641878c7,C7d4b43143d
57,0,Rc13f2b919b,C67f97ff50a
57,0,R07fe08cbf9,C8aef0bc8a5
57,0,R385a0ced0a,C4e2e61aac7
57,0,Rdd6b93a2dc,Ca3165e145a
57,0,Re3872bb89b,C2a4c2ebf61
57,0,Rdcda51ed90,C64884edaf2
57,0,R64c9d99ef1,Cce7c447a31
57,0,Rf5ed965f2a,C731b9356c7
57,0,Rf53a355a96,Cf8ac22dfca
57,0,R3969478771,C848ba93788
57,0,R00cb857c57,C56734da228
57,0,Rc4e5b8446d,Cb41f5397fc
57,0,Rbf4ee90da0,Ca334d76bf8
57,0,Rc1b5eebedd,C14d1a1fb5b
57,0,R045878eea9,Cc1a4246acb
57,0,Rd116568444,C120fcda311
57,0,Rb25fcc776b,C67532b504a
57,0,Rf8e65eee65,C007e3d14e6
57,0,R1c5b1d5951,C8817f90e87
57,0,R5d2d37d709,C888e971a69
57,0,R65adb60193,C6a0fb52956
57,0,R7e672d831e,C059c11b67d
57,0,R25b994f7e5,Ced9fdce0c7
57,0,Rc7b92d7e03,Cf6f75935af
57,0,R887f703a90,Ca4c30f05aa
57,0,R831813be78,C00ca5a3630
57,0,Rf043447f93,C9bbea9ca90
57,0,R136b609747,C49ba2c8a8e
57,0,R42071cf341,C6d174bab97
57,0,Recc924c1d8,Cf1e0f6bfcc
57,0,R3be457ac0a,C312336558a
57,0,Rb7bfd88e06,Caf56398714
57,0,Raddf29b1b4,Cdfa892e7ce
57,0,Rfc0e7bb1d7,Cadf0e58350
57,0,Rd88fca55f6,C94407ade66
57,0,Re16faea661,Cc835762e04
57,0,R534aa03445,C19eb5a94f3
57,0,R0d5a23555c,C3f6f86cce7
57,0,R63ca6779d8,C8391a3fc72
57,0,R7b908c1890,C62ed6a77fd
57,0,R611fccf639,Cc913ef851a
57,0,R6b1c1af053,Cc246ea94b2
57,0,Re0605530fb,Ca07c9af305
57,0,Rdedfa9eb94,C4bd3348409
57,0,R301c9a8135,C7794e5e971
57,0,Re90e7beb78,C48232c67fb
57,0,Ra65c546663,C5833bf1dea
57,0,R75a6912332,Ccfbf906659
57,0,R1a3c99dc28,C40ea8e4d3f
57,0,Rd58f8ffbd9,C115bd2d0ba
57,0,R7f513e64d4,C3c52459630
57,0,R11385e7193,C744bbfb02f
57,0,Rf3f99aa719,Cdf004ebfdb
57,0,Ra07bdd2836,Cd6c7bd031b
57,0,R014a9697c5,C5dbc327eb6
57,0,R0ba27d6348,C031fae342c
57,0,R6aa2839a83,Cb36c9abd6e
57,0,R91d67e113a,C3f95a970b8
57,0,R79683fd429,C88bbbfca70
57,0,Rf5d0f57d15,C3940fee3b2
57,0,R978122ab88,Cc5e98ba73b
57,0,R0e59479321,C41b631c80b
57,0,R758d35dda9,Cf93933c25c
57,0,R376aec1eb5,Ce809da880f
57,0,R44c24b4cda,Cd0303385de
57,0,R18505b599d,C8419530992
57,0,R8980f43c22,C904805540c
57,0,R18e4924f1d,C1e3b8969fe
57,0,Re8e16b5351,C4479b8e2f2
57,0,R553bc5ee9f,C7357a08c5c
57,0,Re8085841e6,Ca159cbb0d2
57,0,R4ea36eeb40,Ce3ca59cd04
57,0,R197aad70f4,Cd9d5405c88
57,0,R79c14ea0c1,Cc6b38a51e0
57,0,R3898d8d0c0,C1526cefe0a
57,0,R9b45255249,C0f4cd7d34b
57,0,R13849e3a3f,Cc8eed3ce93
57,0,R431ce90099,Ce53e5c1a88
57,0,R99052e0983,Cbb0e67cc01
57,0,Rcf9192bc20,Cee252ccc3f
57,0,Rc1267ba2fe,C82378f1d88
57,0,R9add43f895,C107c30f8ef
57,0,R032190fdb7,Cb75ee95c21
57,0,Rb91bbdc354,Cb250fff829
57,0,R11cc9dcbe6,C07f80c88c2
57,0,R2ad4235f54,Ce32d4a7663
57,0,R55305e25b9,C25f8f5184c
57,0,R13c10435bd,Cb26ecc1eb2
57,0,R6b51fbe746,Ca52d434adf
57,0,Rde697ac7e1,C4fdb0a800d
57,0,Rd60d12bd87,C0671e83109
57,0,R110a77f160,C29ca194b01
57,0,Rb713dabc67,Ce7208b1163
57,0,Ra8f80d15ed,C9d5a8ee389
57,0,Rc78b0fd298,C361fc15284
57,0,R95b8695089,Cae5d7c1b7e
57,0,R2c0417c854,Cb9e3941525
57,0,R3a3d52fc6a,C211deb9169
57,0,R1702aa5590,Cf0d6a9111d
57,0,R386907d7cf,Ca2fa2b49d8
57,0,Rcf0e614c85,C9b65994eb3
57,0,R202033795a,C4ab9cbe84e
57,0,R6bf396420a,C3fdbf09949
57,0,R0538db065e,Ce47b6588bb
57,0,R477274eda9,C4d71b22a8b
57,0,R9828e64166,Ca965985435
57,0,Rfb94a37b9a,Ca65523702c
57,0,Rb7a3928e3a,Cd96d3c9b0d
57,0,R46c9012d53,Ce29fb84a81
57,0,R74b2f18977,Cecc02216de
57,0,R35f529c61e,Cfdf16101b8
57,0,Rb3fb4fb0fe,Cb981bc2a80
57,0,R13bc15df2f,Ca2c2307dea
57,0,Rc513cac6d8,C047eb169a4
57,0,Ra21a595938,C491233b1e1
57,0,Ra3ad86d067,Ccef3da14b0
57,0,R43d36b0590,C16543f83fe
57,0,Rbd65188bc9,Ca795395e03
57,0,Rcd58990114,C4b15a03e46
57,0,R5e7591bd12,C809a466638
57,0,Rfde2c74990,C241bf2756e
57,0,Rbec50aeb74,Cdc2034c63b
57,0,R3dad026edb,Cc5a4879022
57,0,Rd1328caa8e,Cc5a168a04c
57,0,Rd53729e31e,C57d7fade01
57,0,Re47aaf5698,Cc569f2d180
57,0,R3ae0f5c08f,C867b3267c8
57,0,R134ec6497c,C49e965aa4b
57,0,Rd656f5852a,Ca0e4ff3ebe
57,0,Rbab67090b2,Cad6b3724af
57,0,R7d15dbc488,C19f484936a
57,0,R7751e6a306,C09e379e96f
57,0,R54a59b90be,C03414034cb
57,0,R5cf7e20919,Cababee9bc3
57,0,R7c5002d8f1,C7d0e132c3a
57,0,Re80813894d,C6913ac7192
57,0,Raf0c98b363,Cfa245eb60d
57,0,R8906930090,Ca1bd1cd35f
57,0,R3037662277,Cad4be6a3a5
57,0,R380810eecb,C7eb5eeeea4
57,0,Rf75f5f6ac4,C113561951d
57,0,Reff3cde780,Cd536eeebf9
57,0,R2f8244aede,C7abc7ed48a
57,0,Rf531ec4351,Cf307ba1e5c
57,0,R5dba306c1b,C72c2a0b99c
57,0,R961c439dfe,Cf59ccc9aa5
57,0,R051a04bcdd,C56f0771a64
57,0,R3eb8bfb4cf,C2bc18c0721
57,0,R7996bfb456,C71eb10be15
57,0,R1520718579,C7e64d2d937
57,0,Ra53005e993,C6b92bbc32f
58,0,R9dfa715385,C4ad64fa39d
58,0,R690ae46ccd,C1f85491d78
58,0,R3ae4d0df93,C4929610933
58,0,Rdda930da6d,C26a77b9dcf
58,0,R834f54a2ab,C35ca3cc998
58,0,R5c6e4f3111,Ceacf5abe45
58,0,Ra1d88ad464,Ce3910baafe
58,0,Re4fe312d2e,Cdf0fa4ba9d
58,0,R1785928b8b,Cf70cc7c5f6
58,0,Rd7ab4c0ed0,C6a00c0d6fe
58,0,R8e976eee89,C2516110be6
58,0,Rd116568444,C120fcda311
58,0,R3d2bccb48a,Cab8cc776ba
58,0,R33aec020bb,C6c421610bc
58,0,Rcaeb30f6fd,C759ed6ca2d
58,0,R1f084b3c60,C48752a9528
58,0,R99b716c2f2,Cbf2a3e6289
58,0,Rde697ac7e1,C4fdb0a800d
58,0,Rbab67090b2,Cad6b3724af
58,0,R13bc15df2f,Ca2c2307dea
58,0,R5984b3925f,C3cd0999fbf
58,0,Rcf0e614c85,C9b65994eb3
58,0,R7582899a53,Cdb90a1a868
58,0,R8906930090,Ca1bd1cd35f
58,0,Re138ce0944,Cb89fdb6744
58,0,Re216bb7603,Cda26840e0a
58,0,Rd0f31eec14,C479ce9c1af
58,0,R70fa6fb611,Ca757b2b492
58,0,R76e018c2c7,C439c0fdd37
58,0,R40027a3eec,C7cf052b619
58,0,R2a4baefafe,C6650a08cbd
58,0,R18b2d1928d,Caefd6c8789
58,0,R478334895f,Cc5b38f38f1
58,0,R6fc1731bd1,C512505d8a3
58,0,R73cf2e6753,Cd8d00f27bc
58,0,R286b1e89a3,C37a0532f42
58,0,Rf2be607575,Ca1edde8403
58,0,R82e48b3921,Ce0113a2e32
58,0,Ra0c1412d70,Cd8d24b2165
58,0,R6f770865d1,C9dd6dd2f85
58,0,R3945c74c7d,Cda2c792946
58,0,R8cd47d086d,C9e4e807a71
58,0,Rca7d98eb19,C0080fa098f
58,0,R8255b88b3e,Cae9b113a09
58,0,Rd10471f688,C0214881ead
58,0,R2a54c7eb66,Cedf5a79c39
58,0,R2508322383,C0d7ff13746
58,0,R73244459ef,Cf7a47ee2b3
58,0,Rc633cf420b,Ceef7c96465
58,0,Rce1f1d21de,C68c6d390e8
58,0,R09e2a325d6,Cdd9ae1efb5
58,0,R2f60896e84,Ce2aa7d5e3d
58,0,Rd39c050f35,C73f10b2faa
58,0,R18d168aa96,Cc2ceae7ba9
58,0,R394a9b5e71,C29bfabd602
58,0,R331f498d0a,C8ecedad633
58,0,Rfafcf83c9d,C22fc76aff5
58,0,R2daebe773f,C1148fa2f6e
58,0,R2e14991697,C8bb434fa1b
58,0,R475c85816d,C1c863636b5
58,0,Re2f78bafe5,C72b6e4dcef
58,0,R833f167355,Cec7dfce679
58,0,Rf5148a4c1e,C9391c6c4a7
58,0,R6a1e11010e,Ceb39923352
58,0,Rf861baaaca,C0747174ab7
58,0,Rd01b545971,Cd6cf2179a3
58,0,R050d2742f6,C6131c20ca2
58,0,R4491661d8e,Ca5651efd7d
58,0,R500968e156,Ca69a7ad546
58,0,R947ce411bb,Ce497d612f3
58,0,Rf52c7da0b5,C8f9e41fdac
58,0,R84ff5e0c7a,C344fcf0d74
58,0,Rd04939f030,C20876c20f6
58,0,Rbb98a86f65,C4317829394
58,0,R109f197921,C7ee7692889
58,0,R7afe1543cd,C6cc72b6f77
58,0,Ra20875f263,C0abeb56162
58,0,R56f5ac2513,C2bdba1780e
58,0,Rd9ca96464f,C5247682497
58,0,Rc68b061a88,C772762caaf
58,0,R07463320f7,C2ce26e1106
58,0,R7f9be61845,C746c93ce6e
58,0,R9a672060e5,C3eb2576dfd
58,0,Rc173bdb38f,Cb7db34f7f2
58,0,R5b935f0487,C42fca6094d
58,0,R389e93c424,C47301527a4
58,0,R660cfbe351,Ccd9a66f853
58,0,Rcfd5a06d95,Cd35d9f483e
58,0,R2e631c20d8,Ce798c87e80
58,0,R02b859f9cd,Cc0abc46b83
58,0,Re588266aa0,C55cef94673
58,0,Red749ff3f7,C38ec0598e5
58,0,Rc708e6f476,C757a86f230
58,0,R3063d6fcbb,C88cc767160
58,0,R7e09532313,C1114464467
58,0,R24631b10f8,C5b844a3dc7
58,0,R7d89b4e51e,C50abff6120
58,0,Rc4581fd47f,Cea397790bd
58,0,Rd67894086c,Cc1b4d8d862
58,0,R94f1f20a9a,Cae7f677658
58,0,Rc762571654,C05d1f698c0
58,0,Rc9d0628620,C7b902a5374
58,0,Rd49246526c,Cea4a4eb95e
58,0,Rce285905fb,Cf841fbb53f
58,0,Rb93958ceb3,C672c5ffc47
58,0,R8227801dbd,C8ff3f46e3f
58,0,Raa976cf3e7,Cd660c0a482
58,0,R4855cb2f73,C06c6f63745
58,0,Rcc7fbc36a9,C27be29251f
58,0,Rde7b15036e,Cb267293c19
58,0,R7a57709cb0,C001a171ed1
58,0,R644a6a3084,C66cbc968c9
58,0,R3bea887013,C555e2242d8
58,0,R40c3a49fc1,Cdb09380453
58,0,R91dabe3f1b,C6b061eb48e
58,0,Rfc8d045141,Cd656a9a93a
58,0,R059cc5f8b4,C1ecad9ad8d
58,0,R8c824980d6,C4a6375df4d
58,0,R72e4276359,C8ef533fabf
58,0,Rcd162e4c6b,C7c4107802c
58,0,Rb4cd11158c,C86d2031bec
58,0,R96a7e8c260,C32d59019c3
58,0,Rb3f875efc1,C973fbe0597
58,0,Raedc313f7c,C189ef4892b
58,0,R3cbd7b12b9,Cdc5bdaedd2
58,0,Rc10e22f397,C4e0d18326d
58,0,R673d275cfa,C9c42d826fd
58,0,Rf191bc5511,Ce927c36539
58,0,Rd939d8bfed,C1ada4bebb7
58,0,R2ef3a67031,Cd7a2c4f9d7
58,0,Rcb86376ead,C45800052a3
58,0,R0204ce21fd,C5f36595b76
58,0,R43d83990e6,C9027629ea6
58,0,R6f081ed4ab,Ccd18fa3e05
58,0,Re535f82ec7,C77a8df176c
58,0,R139fae7d40,C28430f2bfc
58,0,R42c7f1a176,C62a64a0185
58,0,Rccb95d1029,Cd2e9244b6b
58,0,Ra52ddaed47,C374726e36a
58,0,Ra717265093,C18bbf19367
58,0,Rb317202ebf,Cb9b770bf31
58,0,Rda09c46513,C9247d04126
58,0,R3b6adc775c,Cf80046f6cb
58,0,Rb59057cce5,C84cf0ab1d0
58,0,Ra7264cea7a,C1c22a090e7
58,0,R480f17142a,C90a658bd9f
58,0,R206b952592,Ccec70f6876
58,0,R68b53ccaec,Ce372e98833
58,0,R444fd6e9fd,Cdf42b3d5bd
58,0,Rcdb7b7e5fc,C2583ced475
58,0,Rc21b4315fb,C8c15a3ea6a
58,0,Rec2d0c41b1,C74dbfa2e23
58,0,R3094b71ac5,Ce8bc50cec1
58,0,Rcbdd202c1d,C2749636154
58,0,R95cc101fc6,C0bfe508018
58,0,R57685703ab,C0e9ed804ae
58,0,Rf93605ed0a,Cf9bf55b59f
58,0,R922f672e4e,Cf2bfab4aa8
58,0,R59875d6a44,Cafeaeb92bc
58,0,R54c0b7a1f4,Ca1241bac05
58,0,Rd0210bc55f,Cb9197926af
58,0,R345d019569,Cb46ad3045f
58,0,Rcdbb802d86,C1f08c11050
58,0,R8ac54e161d,C3b2e6bc6a3
58,0,Rfb84d460dd,C143d09d1c4
58,0,R5fb8798cc1,C9ba350c992
58,0,Ree3e584839,Cda640f0d97
58,0,R5f6b9f5c42,Ca71bbdbdd9
58,0,R96c46b60a2,C50ad95a238
58,0,Rdc5abb13ba,Cc92688d03d
58,0,R0ef898c60d,C4af2b94876
58,0,R6bd0db2e67,C2b04bf386c
58,0,R7cbc94b893,C96e54c3d03
58,0,R9e39e7725b,Cd395f19f11
58,0,R2dfa6eb146,Caf74d3a0b5
58,0,Raa71ff5058,C49e458497c
58,0,R787a7c819f,C6c5e172799
58,0,Rba96be79dd,Ce776472b91
58,0,R3f5df98f99,C05798f7fc7
58,0,R10b010f001,Cde95af8c27
58,0,R79844794b1,C0368419364
58,0,R7ed5b19858,C991d082fe8
58,0,Raad3aa80b2,Ceb4d51c711
58,0,Ra52e295c27,Cb3f7eaf5df
58,0,R0c8e75de78,Cc79e3c0c01
58,0,R6dceb6a9f9,Cfc0740fcdb
58,0,R7a7d3443de,C6b4c3a1751
58,0,R3141a4c369,C5793284e82
58,0,Ra09e82d0ec,Ca1cc3f8767
58,0,R31038de4d2,C9eb54f31e2
59,0,R6924953601,C5e9ecc19df
59,0,Rbb19e36471,C95198f838b
59,0,R7eaeb0a9b8,C28211881d3
59,0,R74a91dac45,Ceb39923352
59,0,Rb4f6b5fb12,C6befbddaac
59,0,Rd9ddf0e062,Ccc2c54d1fd
59,0,R1865684dfb,C387046195f
59,0,R12ac4b7626,Cb2addc94f0
59,0,R851cb07161,Cd1a68dfaa7
59,0,R6b6625f774,C8f9e41fdac
59,0,Rdfb8dda500,C0abeb56162
59,0,Ra54ff3fd9b,C1c9f790e43
59,0,R3fcece5f23,C3fe7948ca0
59,0,Read27df1a8,Caefd6c8789
59,0,R893335ee18,C76eab243d9
59,0,Rbb3893270d,Ca757b2b492
59,0,R664f44b1ee,C33a5fbf17d
59,0,Rd8d1abd296,Ceef7c96465
59,0,R309849d9e3,C5e0213f9b2
59,0,R49b1d2ee75,Cc2ceae7ba9
59,0,Rbc1e4cba60,Cab06aabcf6
59,0,R432907a65e,Cc80fe22992
59,0,R72aaf88f24,C91e5975fcb
59,0,R954516734f,C1b620322f2
59,0,R1dd861495b,Cd6cf2179a3
59,0,Rfa69ec5653,Cb883d2bc35
59,0,R969ecc7d8e,C578ce9d80c
59,0,R325dc1ae16,C1c863636b5
59,0,R6f04da6944,Cac0f4cb234
59,0,R900b13affc,Ca69a7ad546
59,0,R37f6ba379c,C2e7030e9f5
59,0,R62256434be,C0747174ab7
59,0,R64bfc2d220,Cc4159df8df
59,0,Rc1c6bea3c1,C8ecedad633
59,0,R77cf9f359f,C2e000938d0
59,0,Rb239f5f5d3,C772762caaf
59,0,R2d46aeea8a,Cc552c9ec58
59,0,R5412b72720,Ca247691095
59,0,R897582facf,C8ff3f46e3f
59,0,Rdf9e3190aa,C45800052a3
59,0,Ra65c546663,C1ecad9ad8d
59,0,Re67846777b,Cac5d7195ba
59,0,R59b896575d,C27be29251f
59,0,R79cfc51671,Cc0abc46b83
59,0,R82f015d0df,Cb7db34f7f2
59,0,R3859797a17,C2ce26e1106
59,0,R8db6106c04,C00b6e01625
59,0,Rf5d0f57d15,C18bbf19367
59,0,R67e8b039c6,C22fc76aff5
59,0,R876501df9c,Cf841fbb53f
59,0,R045878eea9,Cb267293c19
59,0,Rc028fe4656,C2a113d5f41
59,0,R8154738856,C7e66f89b75
59,0,R1a5dea41f2,Cebf6ae27ee
59,0,R886eb3f269,C66cbc968c9
59,0,Re3af0eb0ca,C6b061eb48e
59,0,Rfe314dfa5e,C3c36a4d09c
59,0,Rcf062f6ad7,C47301527a4
59,0,Rde3381918d,C409d74cd15
59,0,R93f9d8922a,C86d2031bec
59,0,R3ced5861d7,C1148fa2f6e
59,0,R8980f43c22,C81d7fb9452
59,0,R92fae8b4d8,Cd660c0a482
59,0,R4f6970480b,Ccd18fa3e05
59,0,R9d5c2f8668,Cf9c7d2a3ff
59,0,R9c88ffc4fa,Ce798c87e80
59,0,R010adfa092,C39e53e9b8d
59,0,R7e672d831e,Cea4a4eb95e
59,0,Ra502d46cd3,C4a6375df4d
59,0,Raafd37015d,C9eec179f3a
59,0,Ra545cb0752,C8490f7b90b
59,0,R4999a85528,C8eee8606be
59,0,Rfe5a4df500,Cd7a2c4f9d7
59,0,Rd7d05cc28a,C3f23d24003
59,0,Re16faea661,C1ada4bebb7
59,0,R4825bb2144,C26412f0592
59,0,R8c8fff857c,C3eb2576dfd
59,0,R27f9a81140,Cf38fe7dadb
59,0,R33aec020bb,C6c421610bc
59,0,R64924513e2,Cc1b4d8d862
59,0,R437e459169,C5dc59a8533
59,0,R13849e3a3f,C74dbfa2e23
59,0,R0feeefd084,C32d59019c3
59,0,R71f7bc61aa,C7b902a5374
59,0,R18dfc17723,Cb0904dacf6
59,0,Rfeb6114619,C1ff9ff041a
59,0,R896870096e,Cd789ac7838
59,0,Rfc2327f784,C64db8007e4
59,0,Rc4e5b8446d,C9027629ea6
59,0,R784160c0a5,Ceb215715a8
59,0,R368af6673e,C59efd18e59
59,0,Rf28c54be16,Cc237bba366
59,0,R04a2173ea9,C0cf831c44a
59,0,R978122ab88,Ccec70f6876
59,0,R5d43be1039,C648265027d
59,0,R6f97c7a577,C1132ee2db7
59,0,R580d82fcee,C555e2242d8
59,0,R9546193075,C766221f917
59,0,Rc437a4b81a,C133a58c625
59,0,R42071cf341,Cfd3982c3e9
59,0,R3ef2565f01,C034387792c
59,0,R0fa0df7b6f,Ca0d3289998
59,0,Rd04e566279,C28430f2bfc
59,0,Ra7c839bd71,C4ed514eb61
59,0,R92b390ab96,Ca330638fa1
59,0,Rd3266110d2,C0051f4193c
59,0,R1d5e690b63,Ca3a513ff89
59,0,Rc72a22025b,C9c346b6100
59,0,R3e9ae8ba62,Ca9fdd48daf
59,0,Rc1f0c90638,C1114464467
59,0,Ra20eee0bf6,Cd2e9244b6b
59,0,Rfb250e526d,C62a64a0185
59,0,Ra64f34cab1,Cb9b770bf31
59,0,R288780c3da,Cc26b11e64c
59,0,R6928dfcfd5,C6220fbe248
59,0,R9b072bf760,Cfa0f0c5c0e
59,0,Rc9fa47213b,C84cf0ab1d0
59,0,R20d7d9778d,C8393600e85
59,0,Rebeaad8e27,Cd199bf16ef
59,0,R89ba766390,C0c9afcea0d
59,0,Re0605530fb,C73078c0e09
59,0,R994f8afc85,Cdf42b3d5bd
59,0,R770b0c6969,Cfe45297ec8
59,0,Rf127846b78,C781c90e940
59,0,R42a003128f,Cc78a1e9332
59,0,R95ee803ed2,Ccd990b5d00
59,0,R5477459731,C6defb9fbb9
59,0,Recd736b795,Cbcd311a86f
59,0,Rc17c98da2c,C5967853dc1
59,0,R2ce18acede,Cba9adc46dd
59,0,Rec9e66a205,Ca1241bac05
59,0,R7faa5c0d34,Ce8bc50cec1
59,0,R9c854b0dc2,Cb46ad3045f
59,0,Rd7f43ce65c,Cf9bf55b59f
59,0,R99052e0983,Cb9197926af
59,0,Re75e0bb2ee,Cf14a2efea2
59,0,Re8c028ecdd,Cd395f19f11
59,0,R386907d7cf,C78fcaca373
59,0,Ra26ef5e9b4,Cda640f0d97
59,0,R13c10435bd,C812a659a18
59,0,R74b2f18977,C1c22a090e7
59,0,R9f266e6c5c,C2b04bf386c
59,0,R110a77f160,C7cf92c3f62
59,0,Rc78b0fd298,C6b4c3a1751
59,0,R9add43f895,C1f08c11050
59,0,Rcf9192bc20,C7621375605
59,0,R2265774611,C4af2b94876
59,0,R6b51fbe746,Cafeaeb92bc
59,0,R8a1a2e7483,Ceaa7ff3483
59,0,R5e7591bd12,C9ba350c992
59,0,R11cc9dcbe6,C432723f5a6
59,0,R01cb8aaa99,Cde95af8c27
59,0,R9509abdb63,Ca71bbdbdd9
59,0,Rc513cac6d8,C3b2e6bc6a3
59,0,Rb713dabc67,C2749636154
59,0,Rbd65188bc9,C05798f7fc7
59,0,R202033795a,C143d09d1c4
59,0,R650d5f26cf,Caf74d3a0b5
59,0,R6ea646b9da,C6c5e172799
59,0,R2ad4235f54,C9bc6a7ac8f
59,0,R43d36b0590,C50ad95a238
59,0,R7751e6a306,C96e54c3d03
59,0,R54a59b90be,Ca1cc3f8767
59,0,R3dad026edb,C5793284e82
59,0,R5cf7e20919,C9eb54f31e2
59,0,R81fd5b705a,C991d082fe8
59,0,R3ae0f5c08f,C0e9ed804ae
59,0,Rf53a355a96,Cc92688d03d
59,0,R7c5002d8f1,Cba06408886
59,0,Rc1267ba2fe,Cb3f7eaf5df
59,0,R9f0c82e633,C7fba028e73
59,0,Rb60aa49b35,Cf1c376ab4e
59,0,Rb7a3928e3a,Ce81903849e
59,0,R5dba306c1b,Cf3e627fa51
59,0,R380810eecb,Cd05c95c80f
59,0,Ra9f18483b8,Cee773cc15e
59,0,Red5ae93f5a,C16158cc85a
59,0,R00d8600a77,Cdc61ff8112
59,0,Rcadf513fee,C8e51e74f05
59,0,R32a6e0f3a1,C1dd9faa324
59,0,Rd78acb988b,Cf5ee6c5436
59,0,R2e1d4b6f97,C8937356666
59,0,R3aecc96f8a,Ce6eade70da
59,0,R41676b8a34,C7859c42aa5
59,0,R91d67e113a,Cff4158ca4b
59,0,R5580a9b697,Ca70730ca9e
59,0,Rb5544d3aac,Ceab9330289
59,0,R39da15ed9d,C88cc767160
59,0,Rd5d744a5fc,C2cc76a68c0
59,0,R8a9dd4c569,C1aa9b40393
59,0,Rfb8a82155a,C71471e2ef5
59,0,Rc13e1df55b,Cf288a1033a
59,0,R5303aac2af,C4c0da3aaf9
59,0,R9f3222c821,Cff40e83688
59,0,R5d31807526,Cd36c5b3849
59,0,R544eadede1,Ccd9a66f853
59,0,Ra6fc822941,C1e5c96e23a
59,0,Re3c46efe14,Cea096f9eee
59,0,R3dc46878fa,C08f1140b5c
59,0,Re96994fe7a,C1fca9925eb
59,0,Rca77f35988,Cbe8da11cb5
59,0,Ra4c971a85f,Cac72a1b93e
59,0,Rb0cfe48584,C9303c4d152
59,0,Ra280dc3a1a,C1ae328e78e
59,0,Rbe2b5400d4,Cea8f7f5d7c
59,0,R40918330a5,C70121cb089
59,0,R30cd8438ba,C4876c4ab11
59,0,R47b423aed8,C6f23074598
59,0,R9a6e4ad798,C91b8acf239
59,0,Rc68de98a75,Cc9a20e88c0
59,0,Rb4c73f88e0,Ce66018e141
59,0,R81c5f130aa,Cf3e2694993
59,0,R3a6fdb5856,Cd84e5101c0
59,0,R07e3261a9d,Cae9b113a09
59,0,R42e7d1a243,C73c02dafad
59,0,R64e46aba26,Cc3dec18cbd
59,0,R827fcedf4f,C32d1a2d7c0
59,0,Rc13f2b919b,Cbe283afaec
59,0,R8d92b12dae,C72e85269af
59,0,R16eedd544e,C54bd236e3a
59,0,R5798071f45,Cda2ce0e4d8
59,0,R377a2631ce,C7e3bb7d999
59,0,Ra3a6715b38,Cc441d270cc
59,0,R0e7a976549,C5c433538ea
59,0,Rf7f211be1e,Cce66782d9e
59,0,Rd9d39d9c0d,C0753c4f331
59,0,R267dda1c20,Cdb794c55ce
59,0,Rb939737418,C52c5e8d9aa
59,0,R36fa86cde3,Cdf7f32baf3
59,0,R2e36d15be6,Cbadb614b31
59,0,Rf44ac3ae41,Ca08847094a
59,0,R6f897e5ecf,C99feb2ba56
59,0,R9360ab7dea,C8d053c0228
59,0,Re1fc642412,Cf959ff16e0
59,0,Rdbec6e99d5,Cb46783c06e
59,0,R87c84738ef,C44e999606f
59,0,Radece755fe,C27b5889d8e
59,0,R7e7f363bbe,C1ccc13a6be
59,0,R02d6447197,C4d610d7eec
59,0,R117cf2d5d1,C5cecb549ea
59,0,R35d7389b9d,C3089aa2546
59,0,R690bfcfa28,Cef6aa1bf3a
59,0,R690486da54,C8bb434fa1b
59,0,R8bd07890ce,Cfcd7120b7e
59,0,Rd62221fb5f,Ce6eaad5707
59,0,Rb200066346,C29ff397f56
59,0,Rdcc4153d34,C51907d3fb7
59,0,R15310e7af7,C6d42bd8cc1
59,0,R4b10c3c168,C172fc071da
59,0,R7043f5516f,Cc160c3264a
59,0,R3d132419c0,Cfc6d6b8a66
59,0,R26cf93846a,C4370133e57
59,0,R57bdbeade7,C4302ea0ee1
59,0,R56acea1e0d,Ca2b1c1adb5
59,0,R78f611c1de,Ccb2d641f76
59,0,R06c32d10c8,Ccc472d2a40
59,0,R6fc3323fbf,Cb761582539
59,0,R0f61371fd5,Cf3e57b315f
59,0,Reae6bc9237,Cb776d61811
59,0,Rfd81157ea6,Cefda8fd5f7
59,0,R6dfb165560,C74231966be
59,0,R1e4ccb5c02,Cf9ade56c77
59,0,R3760cea515,Cdcca6079b1
59,0,R84b63e432d,Ca7abbce3c6
59,0,R1faee07e63,C4fadb248d0
59,0,Refd6a86149,Cc2f75ae8ea
59,0,R75a6912332,C1daac5bd2e
59,0,Rb9743f7092,Ca94bb9035e
59,0,Ree4b1e45e0,C22aab2df66
59,0,Rb9876a14d2,C7cfbbc4a75
59,0,R0f22df25d2,C424f60c4d9
59,0,R2305bca064,Cb5524b63fa
59,0,Rff6c8e474f,C8d41163b69
59,0,Rb8be4f0d26,C05121156dc
59,0,R3e95058a09,C68f24d7acd
59,0,Rd95116898e,Ca9d34061db
59,0,R5d2d37d709,C3059266e4a
59,0,R0c37c6993d,C021b4f911d
59,0,R9dde896440,C48a4b92d85
59,0,Re256e9f4a7,Cab183dd66e
59,0,Rdeaf44bfd9,C73dec143d9
59,0,R419f9e95c3,Ce8df799fcf
59,0,Ra5dd8d1448,C72b6e4dcef
59,0,R5cba3a48e0,C163dbe9ce1
59,0,Rc9fdcec8c6,C6c63f458ef
59,0,R80a62a9f00,C31aceb1a7c
59,0,R8d9fdfd8c4,C3174feae32
59,0,R5c0b14ffb7,Cf39e99e89d
59,0,R70cab2b37e,Ce0bd6fa496
59,0,R4800b4c833,C4277403b80
59,0,R5c6e4f3111,C100bafa336
59,0,R38f466f678,C86b391c2ae
59,0,R7aa70f1db1,C4f3638113e
59,0,R1785928b8b,C8143721268
59,0,R3647d35470,Cff99f8f403
59,0,R8633d61e8d,Cacd97efdce
59,0,R3f741f0197,C850d821d38
59,0,Rbb96b1c64a,C79d57b85b8
59,0,R2d2c24f42a,C8c15a3ea6a
59,0,Rbe5d7897f2,Cabc85acd87
59,0,R02fc0cb1e6,C7d021a2022
59,0,R3d2bccb48a,C44ecb7d8d9
59,0,R758d35dda9,C41ebb9357d
59,0,Rb7bfd88e06,C10a0482467
59,0,R5906a9080d,Ca1ae98d4b3
59,0,Rb737bda844,C51612fbe99
59,0,R2de80221b2,C3c3db24dde
59,0,R4ead1c18cd,Cbb1361849e
59,0,R1674f1018e,C106ba9281e
59,0,Rc8ee16219c,Cc00c9da31c
59,0,R9347730707,C44d6e725ef
59,0,R08f78a714d,C2a85efe871
59,0,Rd3f4ea849c,C2583ced475
59,0,R910c8455f5,C758b849378
59,0,Rcf0e614c85,C8f02757f6e
59,0,R2f46e4cdd8,Cda3c000492
59,0,Rcc990bcce9,Cbd59d4bf93
59,0,R264d76027a,Cf07ba4130e
59,0,Rc23fd15b4d,C90a658bd9f
59,0,Re400b0b568,C87533ec395
59,0,Ra86db67e4f,Cef1e5b65c1
59,0,Rd116568444,C3a787d2e88
59,0,R136b609747,C52fb59f26f
59,0,Rd665e06923,C0e1d67e398
59,0,R932ae6f421,C11a0980942
59,0,Rb6497d303a,C7eb21e81f5
59,0,Rf5ed965f2a,C75645aec85
59,0,R706bf8f033,Cd5680a1765
59,0,R44da5952f8,C30571d39c0
59,0,R1f6a4dba9b,C8806cf6e6a
59,0,Rb19d68c67b,Cd72f8a4f35
59,0,R4625d54569,C13526d62ed
59,0,Rd5fd4751b5,C3e66a6b7b6
59,0,R8f2ead55b7,C491238cf23
59,0,Rdb38fa5e16,Cf65cd64598
59,0,Ref043bff36,C39d232a483
59,0,Rb30ed401b7,C7b4ba8c5e4
59,0,Rb25fcc776b,C3919bd1ee1
59,0,Re94f18124c,C75d809e456
59,0,R28e5a0726b,C078b63007d
59,0,R00cb4ae801,Cbcac535f89
59,0,Rf65f84bc5c,C4ed516282b
59,0,R8c86d955d7,C980ad254d7
59,0,R9b178e18e7,Ce04f756a5a
59,0,R346e61467d,C684abec9ad
59,0,R647a8ac320,C89b5a232b7
59,0,R264111e76c,C5fe850b36a
59,0,R7fcbc398b2,C35c35dd868
59,0,Raca5a95e48,C19347b42c5
59,0,Ra19e96dda2,Ca172faee52
59,0,Rc3f4307bb1,Cc9aa3dfde7
59,0,Rfc0e7bb1d7,C7378bb0846
59,0,Rcfdb206ae7,Cf98e9625bf
59,0,Rde9a8ab90e,C6c089a04ba
59,0,R4e43d9e1c1,Cd6a80e5984
59,0,Rd763b0c812,C2f74a9a1c4
59,0,Rcb33be3a0f,Ceb4d51c711
59,0,R7d15dbc488,C3f4c533a2a
59,0,Raf2c65bf25,C737902cada
59,0,R198e5ff7de,C062bff9fa6
59,0,R09d20fe0fb,Ceb4843c32d
59,0,R197aad70f4,C271e33c366
59,0,Rf84cdc5865,Cde933333dc
59,0,R1702aa5590,C08f129e00f
59,0,R95b8695089,C165d3e4d37
59,0,R820084f80d,C48f42823ed
59,0,R2550abc368,Cbbcb4432b1
59,0,Rf73e506469,C97bbd71eb6
59,0,R3a3d52fc6a,Ce3fdfd991f
59,0,Rfb94a37b9a,Cde6e74af96
59,0,Rfe71579a02,C0368419364
59,0,R2c0417c854,C0b2ccd96a0
59,0,R317ac7c583,C2fe7e88969
59,0,R1926566a58,Cdc36bf1b1a
59,0,Rb3fb4fb0fe,C076f5d7b2e
59,0,Re0910efca9,C3fc6b5b841
59,0,Rb7bab838ba,C0c582d9967
59,0,Rb91bbdc354,C4e7524affc
59,0,R35f529c61e,C1a4ff7bdf8
59,0,Ra3339d368c,C2329d938df
59,0,R13bc15df2f,C8a2725cc3d
59,0,Rd10d8367ea,C99ad50bdbd
59,0,R4329489f32,C29aea4e2f6
59,0,R27978ab537,C12e7089058
59,0,R11f777525b,C11475586cb
59,0,Rd1328caa8e,C24e0521a95
59,0,Rbab67090b2,C6e89bde353
59,0,R132eae7038,C47e927fb35
59,0,Rb81c73b41f,Cc79e3c0c01
59,0,Rd53729e31e,Ce6fa2bcf14
59,0,Ra21a595938,C7df3a2aa96
59,0,Rae9bde026d,C7e95fe903d
59,0,R47bcdb6cd0,C48411d6955
59,0,Re1d02ac036,C1af80c2639
59,0,Ra32c91f4ea,Cacde236540
59,0,Reff3cde780,Cea61deefc3
59,0,R66e1b7e946,C3e3038d6d5
59,0,R2dacf9a008,C19a150a941
59,0,Rf75f5f6ac4,C8faed14828
59,0,Rd6c5bb7535,Cf43c3f0d5a
59,0,Rbdfc230ba0,C90c5dc5a44
59,0,R8906930090,Cd77c4d8ae0
59,0,R4580760da3,C1efd647425
59,0,Ra38701d28b,C06ead48201
59,0,R97084cea95,Cdf87c1d03c
59,0,Rf531ec4351,Cee42960a08
59,0,Rf497a0eb9a,Ca4b3fabf5f
59,0,R43582009b0,C5658ef7300
59,0,R476351c227,Ca1f18ad56b
59,0,Rb0362051bb,C680ddcc827
59,0,R3eb8bfb4cf,C4e95d581eb
59,0,Rd6dde2523f,Cc2f1468ad6
59,0,Rda584441bd,Cb215cc23cf
59,0,Rd0f31eec14,C479ce9c1af
59,0,R80558a04df,C8d8370693b
59,0,Rb60a7ce63c,Ceca2e70d07
59,0,Rafe276f587,Cd2e5119b52
59,0,R55deb63203,C3922562112
59,0,R636a9bea0e,C0957c45a9a
59,0,R6332e204d2,Cb33a964bcc
59,0,R8240cf316f,C2ee98002d5
59,0,R4633d340e4,Cca8f19f465
59,0,Rdca83bc0a2,Cffbe65f95a
59,0,R30512608ce,Cc8635ce25a
59,0,R18a065ee30,Cb42c1bacbe
59,0,R3f736a7bf7,Cbafb1a97c1
59,0,Rb6f4f1a4d1,C4f5d8062ed
59,0,Rda09c46513,C9247d04126
59,0,R4d80de9b07,C46b4c00c30
59,0,Rfb47a074d9,C33f3715020
59,0,R682cc33514,Cca2057af91
59,0,R358207d2d0,C3657c24cef
59,0,Rb3c515da3d,C8422a671cf
59,0,R19d1b92c9e,C6ce86e294d
59,0,R72b313e434,Ce34d8b2414
59,0,Rdf83b2df63,Cb6e343cc2a
59,0,R53cbc18a73,Cf95e87a692
59,0,R5c4faa99a3,Cec9e90d262
59,0,Rcb0a63f410,C2578fce05f
59,0,R734008a01e,C97735b6fba
59,0,R1771f82910,C489c224503
59,0,Rbbe3756a3d,C1a2397fbaf
59,0,R8652c6d57e,C762b0e4a81
59,0,Ra9ed6955b1,C640b69d2dc
59,0,Rdb4c65a85f,C4c1d058719
60,0,Re2b2c4e213,C9298e04e07
60,0,R9e079edc5f,C19aa46bb2d
60,0,Rc15489e70e,C8c162be27f
60,0,Rf75f5f6ac4,C8faed14828
60,0,Rbf3b6760d8,Cb45a888cf0
60,0,R7d06089dce,C1aa383c065
60,0,Ra9f18483b8,Cee773cc15e
60,0,Rcdb432303d,C65186474b1
60,0,R1f605f4275,C3fa728f9f6
60,0,Rf58f283684,C746c93ce6e
60,0,R3aecc96f8a,Ce6eade70da
60,0,R9dc822d8d8,C06c6f63745
60,0,R47b423aed8,C6f23074598
60,0,Red5ae93f5a,C16158cc85a
60,0,Rd78acb988b,Cf5ee6c5436
60,0,Rcf8901eb2e,Cd3d88e103c
60,0,R488dbf03db,C0e148ba662
60,0,Rf30c203cb7,C3aca69d0b8
60,0,R42f30684b7,Cf49a41472b
60,0,Rfb8a82155a,C71471e2ef5
60,0,Read27df1a8,Caefd6c8789
60,0,Rdcda51ed90,C2153466c05
60,0,Rd60c95b6ad,C6035f59a85
60,0,Rde9b9f8d32,C927f8ed2e5
60,0,Rd2596d7942,Cd862820dd4
60,0,R9d5c2f8668,Cf9c7d2a3ff
60,0,R3a6fdb5856,Cd84e5101c0
60,0,Rc13f2b919b,Cbe283afaec
60,0,R13a09c6aa6,Cec1ca9a8c1
60,0,Ra1611b0e86,Cb215cc23cf
60,0,Rf5fff1b613,C551a6bdee1
60,0,Ra3a6715b38,Cc441d270cc
60,0,R1bbc4a2f04,C380eec1147
60,0,R78f611c1de,Ccb2d641f76
60,0,R8d92b12dae,C72e85269af
60,0,R686791c4f2,C6cc72b6f77
60,0,R0e7a976549,C5c433538ea
60,0,R55ab8a2b07,C9f982bfcfc
60,0,Rd67a727cd5,C8ab5041c10
60,0,R36fa86cde3,Cdf7f32baf3
60,0,R07e3261a9d,Cae9b113a09
60,0,R62c0936d63,Ce6eb3cde90
60,0,R28e5a0726b,C078b63007d
60,0,Rf4ba00910a,C7218a8b470
60,0,Rb9876a14d2,C7cfbbc4a75
60,0,Ra6c2320db3,Cd1bc3f70e5
60,0,Rf7f211be1e,Cce66782d9e
60,0,R021af8ef0d,C27b93e94f5
60,0,R62256434be,C0747174ab7
60,0,R827fcedf4f,C32d1a2d7c0
60,0,Rd837a26293,C24dc7ec446
60,0,R77cf9f359f,C2e000938d0
60,0,R8202b53570,C4fec73ace8
60,0,R580602ffe3,C8d8370693b
60,0,Ra28f92ca6b,C098535b541
60,0,Ra1d88ad464,C0f088313e8
60,0,R63c3d22d03,Ceca2e70d07
60,0,R59b896575d,C27be29251f
60,0,R7043f5516f,Cc160c3264a
60,0,R770b0c6969,Cfe45297ec8
60,0,R1f1e8b20dc,Ce0c2da0170
60,0,R72aaf88f24,C91e5975fcb
60,0,R2305bca064,Cb5524b63fa
60,0,R0df7424664,Cffc062b9c3
60,0,R969ecc7d8e,C578ce9d80c
60,0,R92fae8b4d8,Cd660c0a482
60,0,R419f9e95c3,Ce8df799fcf
60,0,R79b00e64b9,C49a8794346
60,0,R37f6ba379c,C2e7030e9f5
60,0,Ra519a33709,Cc2f1468ad6
60,0,Raca39498d7,Ca98a7b5e68
60,0,R7c91121b2e,C66da290d46
60,0,Rb4f6b5fb12,C6befbddaac
60,0,R82e4860ed9,C8a04e357a8
60,0,R35d7389b9d,C3089aa2546
60,0,R925e375c72,Cc9bea61557
60,0,Rb9743f7092,Ca94bb9035e
60,0,R6c40091886,Cae5b8a2156
60,0,R15310e7af7,C6d42bd8cc1
60,0,R21bac5a714,C80c7b09f6e
60,0,R3265757b26,C33f3715020
60,0,Re400b0b568,C87533ec395
60,0,Re3b2b4cdad,C0d63de222e
60,0,R0f22df25d2,C424f60c4d9
60,0,R3ced5861d7,C1148fa2f6e
60,0,R643cfad50f,Cce3adf02b3
60,0,R20e4e8c432,C382bf41cd8
60,0,Re67846777b,Cac5d7195ba
60,0,R7dfa543bc5,C184020de1b
60,0,R4a8d508128,C60e5ee7382
60,0,Rb13470d00b,C8d31e15a55
60,0,R49b1d2ee75,Cc2ceae7ba9
60,0,Rca32c1fa47,C131e25456d
60,0,R59419af843,C1baa4eacc8
60,0,R5bad4fe4b8,C3922562112
60,0,Rce3687abc2,C17b0e11982
60,0,Rd6475e78be,Ca94fe273e0
60,0,R1e4ccb5c02,Cf9ade56c77
60,0,R64924513e2,Cc1b4d8d862
60,0,R8b257ef7a7,C1b22ec76a0
60,0,R149fda8660,Ccecc8b254c
60,0,R389d3d14dc,C81c983cb76
60,0,R39dcf007a8,C9837b3892d
60,0,R75a6912332,C1daac5bd2e
60,0,R04e266bdec,C479ce9c1af
60,0,R0c05762e9c,Caf0ca65fd6
60,0,R673ddffff5,C5b1170a29a
60,0,R091d056486,C7b30955e51
60,0,R42071cf341,Cfd3982c3e9
60,0,R2ce18acede,Cba9adc46dd
60,0,Rc1f1565431,C7a7144287f
60,0,R87c84738ef,C44e999606f
60,0,Rae808fcb29,C5602bea56a
60,0,R117cf2d5d1,C5cecb549ea
60,0,R96a3252b05,Ca598626b0b
60,0,Rc7cdb5705b,Ca47eedb0a9
60,0,Rf3f99aa719,Ca9e0805b7a
60,0,Rf593a30828,C62307faaa1
60,0,Ra20eee0bf6,Cd2e9244b6b
60,0,R8f8ba0bc74,Cae2b64c589
60,0,Rcf062f6ad7,C47301527a4
60,0,Rca2eab2127,C31f5e9024b
60,0,R35196f7e15,C10e4526e95
60,0,Rc3f4307bb1,Cc9aa3dfde7
60,0,R67e8b039c6,C22fc76aff5
60,0,Rb7bfd88e06,C10a0482467
60,0,R08f78a714d,C2a85efe871
60,0,R136b609747,C52fb59f26f
60,0,R8f2ead55b7,C491238cf23
60,0,R48badd75ec,C16db60e9ab
60,0,Rf817d48276,Cdb434b1ed9
60,0,R3859797a17,C2ce26e1106
60,0,R25b994f7e5,Ce8254a5f3e
60,0,Re4fe312d2e,Cc8575bf691
60,0,R2600dc5e8e,C1a11158409
60,0,R5c0b14ffb7,Cf39e99e89d
60,0,R1bfbf7459b,Cdc89392f62
60,0,Raca5a95e48,C19347b42c5
60,0,R73f6341487,Cec87f9f953
60,0,R8e74ebf294,C0ae4cb3852
60,0,Re94f18124c,C75d809e456
60,0,R3647d35470,Cff99f8f403
60,0,R758d35dda9,C41ebb9357d
60,0,R9dde896440,C48a4b92d85
60,0,Rc64b319cb6,Cffbe65f95a
60,0,R15c4357378,Ce329d9acf3
60,0,Rd3f4ea849c,C2583ced475
60,0,R5bffcd6402,C2a43a24be6
60,0,Rc73227d7a9,Cb42c1bacbe
60,0,R9c338e6087,C735765114c
60,0,Rd60d12bd87,Cb0050b2174
60,0,R1baed46271,C989f5a2f3b
60,0,R1165f80689,C6b68ac2acc
60,0,Rd3e5cce00a,Ce5e5549acc
60,0,Ree89a1d9c7,C46b4c00c30
60,0,Rcc990bcce9,Cbd59d4bf93
60,0,Rfbb7cd9ce7,C4afce4c12e
60,0,Rdccb2bfc14,C757a86f230
60,0,Rf4a17fbac8,Ce64736fc43
60,0,Ra26ef5e9b4,Cda640f0d97
60,0,R4abfe93bbe,C727edccd71
60,0,R801977585c,C56344d9be0
60,0,R264d76027a,Cf07ba4130e
60,0,Re70ff6cfb7,Cc8635ce25a
60,0,Rb25fcc776b,C3919bd1ee1
60,0,R8c8fff857c,C3eb2576dfd
60,0,Rcf0e614c85,C8f02757f6e
60,0,Ra86db67e4f,Cef1e5b65c1
60,0,R3d2bccb48a,C44ecb7d8d9
60,0,Rbf1722bc2b,Cde057b36cf
60,0,R18fb80d3ed,Cf81e685e56
60,0,R932ae6f421,C11a0980942
60,0,R910c8455f5,C758b849378
60,0,R71f7bc61aa,C7b902a5374
60,0,Ra502d46cd3,C4a6375df4d
60,0,Raddf29b1b4,C97553e6644
60,0,Rf5ed965f2a,C75645aec85
60,0,Rab5107dfe8,C7193799d69
60,0,Rc10bb62d84,C784f415217
60,0,R014a9697c5,C3fb966e192
60,0,R1434576846,Ca1f914adfb
60,0,R73d6410580,C4b9b37f29a
60,0,R387806375d,C4f5d8062ed
60,0,R0e59479321,C94629c9917
60,0,R33aec020bb,C6c421610bc
60,0,R8b641878c7,Cf80046f6cb
60,0,Rc17c98da2c,C5967853dc1
60,0,R2dc8b1c11c,C9af586a934
60,0,R74b2f18977,C1c22a090e7
60,0,Rc857836cd7,C66646941e3
60,0,R262da439bf,C776060a938
60,0,R9b178e18e7,Ce04f756a5a
60,0,Ra07bdd2836,C979e0806ae
60,0,R3969478771,Cfd5ec6413a
60,0,R4f6970480b,Ccd18fa3e05
60,0,R95c88e4c08,C6ce86e294d
60,0,Rc1267ba2fe,Cb3f7eaf5df
60,0,Rdede0aca1b,C77a8df176c
60,0,Rd116568444,C3a787d2e88
60,0,R4c5c97c9b7,C495473da1c
60,0,Rbb96b1c64a,C79d57b85b8
60,0,R63cd8c820c,Cb4eeb415ee
60,0,Rebeaad8e27,Cd199bf16ef
60,0,Rf5d0f57d15,C18bbf19367
60,0,R8dc2d53ec9,Cec9e90d262
60,0,Rb6497d303a,C7eb21e81f5
60,0,Rc1f0c90638,C1114464467
60,0,R3b6af61ca3,C214dedf6a6
60,0,R116eec9a57,Cea5884c62a
60,0,R454874f48d,C795a939642
60,0,Redaf1e36e5,Cb44f16c94f
60,0,R39af0596f8,Cda0eb694b9
60,0,R4b2c57d030,Cdf71f6ebc4
60,0,R51c2eed190,C4643e9cb83
60,0,R650d5f26cf,Caf74d3a0b5
60,0,R399517b9a8,Ceec5872751
60,0,R7fcbc398b2,C35c35dd868
60,0,Rc950ed363b,C97735b6fba
60,0,Rc4e5b8446d,C9027629ea6
60,0,R13849e3a3f,C74dbfa2e23
60,0,R9c854b0dc2,Cb46ad3045f
60,0,Rd7f43ce65c,Cf9bf55b59f
60,0,R95b8695089,C165d3e4d37
60,0,R7d15dbc488,C3f4c533a2a
60,0,R198e5ff7de,C062bff9fa6
60,0,R9509abdb63,Ca71bbdbdd9
60,0,R5e7591bd12,C9ba350c992
60,0,Rec9e66a205,Ca1241bac05
60,0,R9add43f895,C1f08c11050
60,0,R43d36b0590,C50ad95a238
60,0,Rc78b0fd298,C6b4c3a1751
60,0,R81fd5b705a,C991d082fe8
60,0,Rde697ac7e1,C489c224503
60,0,R99052e0983,Cb9197926af
60,0,R197aad70f4,C271e33c366
60,0,Rd1328caa8e,C24e0521a95
60,0,R09d20fe0fb,Ceb4843c32d
60,0,Re75e0bb2ee,Cf14a2efea2
60,0,R11cc9dcbe6,C432723f5a6
60,0,Rcf9192bc20,C7621375605
60,0,R3a3d52fc6a,Ce3fdfd991f
60,0,Rf84cdc5865,Cde933333dc
60,0,R1926566a58,Cdc36bf1b1a
60,0,Rb3fb4fb0fe,C076f5d7b2e
60,0,Ra21a595938,C7df3a2aa96
60,0,R202033795a,C143d09d1c4
60,0,R6ea646b9da,C6c5e172799
60,0,R2c0417c854,C0b2ccd96a0
60,0,R110a77f160,C7cf92c3f62
60,0,R8a1a2e7483,Ceaa7ff3483
60,0,R91d67e113a,Cff4158ca4b
60,0,Rfb94a37b9a,Cde6e74af96
60,0,R317ac7c583,C2fe7e88969
60,0,Rb91bbdc354,C4e7524affc
60,0,R386907d7cf,C78fcaca373
60,0,R1702aa5590,C08f129e00f
60,0,Re0910efca9,C3fc6b5b841
60,0,Rbd65188bc9,C05798f7fc7
60,0,Rc513cac6d8,C3b2e6bc6a3
60,0,Ra3339d368c,C2329d938df
60,0,R3dad026edb,C5793284e82
60,0,R7c5002d8f1,Cba06408886
60,0,R7751e6a306,C96e54c3d03
60,0,Rd10d8367ea,C99ad50bdbd
60,0,R35f529c61e,C1a4ff7bdf8
60,0,Rb8610d5132,C762b0e4a81
60,0,R8980f43c22,C81d7fb9452
60,0,Re8c028ecdd,Cd395f19f11
60,0,Rbab67090b2,C6e89bde353
60,0,R13bc15df2f,C8a2725cc3d
60,0,R79c14ea0c1,Cffa6441643
60,0,R4329489f32,C29aea4e2f6
60,0,R2ad4235f54,C9bc6a7ac8f
60,0,Rd53729e31e,Ce6fa2bcf14
60,0,Reff3cde780,Cea61deefc3
60,0,Re1d02ac036,C1af80c2639
60,0,R2dacf9a008,C19a150a941
60,0,Rd6c5bb7535,Cf43c3f0d5a
60,0,R8906930090,Cd77c4d8ae0
60,0,Rbdfc230ba0,C90c5dc5a44
60,0,R051a04bcdd,Cbe7051e5a3
60,0,R3ae0f5c08f,C0e9ed804ae
60,0,Rb0b11ddd16,Cb1dbee758a
60,0,R380810eecb,Cd05c95c80f
60,0,R9f0c82e633,C7fba028e73
60,0,R941ae75d3f,C976696e6f9
60,0,Rf531ec4351,Cee42960a08
60,0,R43582009b0,C5658ef7300
60,0,R5dba306c1b,Cf3e627fa51
60,0,R2061d2edf4,C55c3ef9b9f
60,0,R3eb8bfb4cf,C4e95d581eb
60,0,R2e85008dca,C393dd01d9f
60,0,Rde7b15036e,Cb267293c19
61,0,R47b423aed8,C6f23074598
61,0,Rb3769a2e84,C0cd04565df
61,0,Rcadf513fee,C8e51e74f05
61,0,Rafb301af14,Cf1de5dacf2
61,0,Rdb2022de52,C6c8c7b902a
61,0,R40d2e4b9c8,Cb4b4947256
61,0,Rb83ee31a76,C8498890050
61,0,R835977315b,C546052b710
61,0,R5dd7654bc6,C1704ee8d66
61,0,Rc765a6f353,C19d42331d4
61,0,Rcf0e614c85,C8f02757f6e
61,0,Ra51ac2c4cb,C47c2763ebf
61,0,Rd78acb988b,Cf5ee6c5436
61,0,R0015e6d28b,Cb63d2f7c0c
61,0,R5ce8d0ba85,Cf7999da83f
61,0,Rb10fa5ef5e,C9ab5fd6e3e
61,0,Rdde34178c4,C044ed2612e
61,0,R824cebef21,C248f551605
61,0,R29b80634f8,C02525345a0
61,0,Rd9193f7469,C31766d5eb2
61,0,R41676b8a34,C7859c42aa5
61,0,Rc79fcae0e6,Cb9bb32dbee
61,0,R0e7a976549,C5c433538ea
61,0,R73595042d8,C669afbe8a4
61,0,R4a2e62dcd8,C068b792795
61,0,R946bf13ac1,Cfe8e094eed
61,0,Rc5157d600e,Cbc3739ce22
61,0,R30cd8438ba,C4876c4ab11
61,0,Re23e1a8188,Cf21d9b1ca1
61,0,R8a7258444d,C65b790bc95
61,0,R19255db995,C0644d944a6
61,0,Ra28f92ca6b,C098535b541
61,0,R36c33f304b,C44566d00c6
61,0,Rd3db3b9106,Ccc5bfc8722
61,0,R5d6478ffd2,Cb40459ccac
61,0,Rdca51334ad,C949e04725d
61,0,R76be10c1fc,C1d3dd9a429
61,0,R74d41c8ff4,C206c1c812e
61,0,R9f376f3749,Cbd6dcbff8e
61,0,R33bd825383,Cbf4331b5b1
61,0,Rd70a2d6575,C4c26829a06
61,0,Rb9743f7092,Ca94bb9035e
61,0,R06e8d61f86,C228c68cb81
61,0,Rdef4345ea1,Caeb648e85e
61,0,R14d7b208a4,C09ecd49da0
61,0,Rd706b5fcc6,C5d69201167
61,0,R40e7e37078,Cccd59cbd4e
61,0,R1d66f8de87,Cbf9a9cc1bf
61,0,R3647d35470,Cff99f8f403
61,0,R2305bca064,Cb5524b63fa
61,0,Rc6365ec819,C8fd31cda4f
61,0,Ra7320006f9,C6387f886dc
61,0,R36fa86cde3,Cdf7f32baf3
61,0,R8f2ead55b7,C491238cf23
61,0,R58846c7a88,C9cd4a7400d
61,0,Rc9fdcec8c6,C6c63f458ef
61,0,R59419af843,C1baa4eacc8
61,0,R1e4ccb5c02,Cf9ade56c77
61,0,R3ffa0b6387,Cb097331a4a
61,0,R25593d0651,C16f45afee3
61,0,R38f466f678,C86b391c2ae
61,0,R98d76a26be,Cabf13bedef
61,0,R8f8ba0bc74,Cae2b64c589
61,0,Rfe86a504a9,C6d2a4d89d8
61,0,R9a94f725fa,Ce0023820f1
61,0,Rd581e3ba7a,Ca43288fba7
61,0,R07fd6300aa,C1f67ac0e51
61,0,Rf5ed965f2a,C75645aec85
61,0,R3be457ac0a,Cca328d2951
61,0,R70c8910c88,Ce0a1a4b072
61,0,Ra74dc8c886,C95d5c27400
61,0,Rab5107dfe8,C7193799d69
61,0,Rb7bfd88e06,C10a0482467
61,0,R3d2bccb48a,C44ecb7d8d9
61,0,Rd763b0c812,C2f74a9a1c4
61,0,R75a6912332,C1daac5bd2e
61,0,R0de3cc71c6,Cc8b353d72e
61,0,R198e5ff7de,C062bff9fa6
61,0,R64410982f3,C32439f64db
61,0,Rc993dcfc3f,C0688a26be0
61,0,Re0a6618b40,C84ca3f6636
61,0,R97993e4abc,C1daff55e4c
61,0,R91d67e113a,Cff4158ca4b
61,0,Rde697ac7e1,C489c224503
61,0,Rc950ed363b,C97735b6fba
61,0,R1702aa5590,C08f129e00f
61,0,Rb3fb4fb0fe,C076f5d7b2e
61,0,Rf84cdc5865,Cde933333dc
61,0,R197aad70f4,C271e33c366
61,0,R7fcbc398b2,C35c35dd868
61,0,Rfb94a37b9a,Cde6e74af96
61,0,Rd53729e31e,Ce6fa2bcf14
61,0,R8144dc5745,Cc9b21399ba
61,0,R932ae6f421,C11a0980942
61,0,R3a3d52fc6a,Ce3fdfd991f
61,0,Rfa7dcd9adb,C404249390e
61,0,R1926566a58,Cdc36bf1b1a
61,0,Re0910efca9,C3fc6b5b841
61,0,Rb91bbdc354,C4e7524affc
61,0,R2550abc368,Cbbcb4432b1
61,0,R13bc15df2f,C8a2725cc3d
61,0,R47bcdb6cd0,C48411d6955
61,0,Rbab67090b2,C6e89bde353
61,0,R2dacf9a008,C19a150a941
61,0,Re1d02ac036,C1af80c2639
61,0,R11f777525b,C11475586cb
61,0,Rd1328caa8e,C24e0521a95
61,0,Rd57382fbc9,C410a9e1d59
61,0,R8906930090,Cd77c4d8ae0
61,0,Ra21a595938,C7df3a2aa96
61,0,R0b65480a75,C0942c5d5e1
61,0,Rf75f5f6ac4,C8faed14828
61,0,Rbdfc230ba0,C90c5dc5a44
61,0,Rf531ec4351,Cee42960a08
61,0,Rdb16a816ac,C4d221e83e7
61,0,R051a04bcdd,Cbe7051e5a3
61,0,R2061d2edf4,C55c3ef9b9f
61,0,R3eb8bfb4cf,C4e95d581eb
61,0,Ra3d83107b3,C8c3b57be1e
61,0,R79804fbb7b,Ce16fcf526c
61,0,Rb76af09457,C8fab6fa053
61,0,R5f5f35cd05,Cb0c7fb6268
61,0,R5150657403,Cdbaf873eba
61,0,Ref4ef25d95,C2d6a58cc2f
61,0,Rf864d4b292,C1e90d0be97
61,0,Rcb1a1d7ae3,C3b029ebb35
61,0,Rcb513c9ede,C67d061d275
61,0,R579299eef0,C2fadb3553e
61,0,R23c28b4a75,C8dac7c81f2
61,0,Rb0e0346b5f,Ccf6a7ce662
61,0,R0039b3986e,C5eb96d9391
61,0,Ra6b8e107a0,C29d33db8ba
61,0,Raa70b72e9a,Ceec5872751
61,0,R3ee94916bd,Cdac6ae2a85
61,0,Reaf34a536d,C8245de11cf
61,0,Rdad4f16cb2,C982fb3eb4d
61,0,Ra841e2b0a8,Caa647b82fa
61,0,Rf7965fc7f2,C20b9f10210
61,0,R7d1cddb462,C24337736b5
61,0,R647abb5c33,C0fca3dcc4f
61,0,Rc2a1c1d2f2,Cdc06f8a229
61,0,R5a67544337,Ce080694e10
61,0,Rca752daa80,C770253007f
61,0,R8f367cfc15,C69ffb1bbf6
61,0,R308d4c7e9f,C8f5ade35a7
61,0,Re0c45c06e8,C13526d62ed
61,0,R9c816f1266,C62307faaa1
61,0,R36a0e03a4b,Cebd7dabe3a
61,0,Rcfc33b1898,C5a6d3c17ab
61,0,R71c223a71f,C1716b78c23
62,0,R47b423aed8,Cf9bfd622c0
62,0,Rb9bfb84dd7,C03e8862482
62,0,R6140279b34,C53037e6a6a
62,0,R73b91c0492,Ca2ff6b34df
62,0,R824cebef21,Cf7e794afd0
62,0,Rb4f6b5fb12,C35fc121af3
62,0,R616b2807a6,C4f12488e05
62,0,R04e266bdec,C4473c3cf5c
62,0,Rc13e1df55b,Cb8572e346a
62,0,R0d33bb780f,C80bea669bb
62,0,R7cf3ddc03f,C95e0355797
62,0,Rd8d1abd296,Ccc9a0483b4
62,0,R39da15ed9d,C8ee05364a3
62,0,R70636505e3,C8f9f66e72d
62,0,R4a66e13a93,C86bb124f48
62,0,R0c37c6993d,C910ea40233
62,0,R2dc7c2c4f6,C0ade7fb186
62,0,Rc1d8a22466,Cef9bcbb4c4
62,0,Rdc4f2c0949,C02c8a60b2e
62,0,R72aaf88f24,C46ae1c75fe
62,0,Rbe5d7897f2,C8c1b93302e
62,0,Rb764757ee6,Cf3c291593b
62,0,R8255a367a8,C4ca909e174
62,0,R41676b8a34,C748ca00d82
62,0,R2b9cca3db7,Cf092177a80
62,0,R07e3261a9d,Cff77ae3477
62,0,Re71490b2ce,Cd3b07e12b0
62,0,Rda783fc3d2,Cbafa044791
62,0,R340db66e6e,C7f65385f8c
62,0,R78f611c1de,C938a1d19ce
62,0,R27461b47c7,C17491c0d3d
62,0,Rd74efc5240,C919884d10e
62,0,R77e1f62242,C869648b3b8
62,0,R0448b4d636,Cd3dcc5f495
62,0,R2305bca064,Cb5dc74c1e3
62,0,Ra52297be75,C519cf27ee8
62,0,Rc7ee842a1d,C5aac13fe0a
62,0,Rfb8a82155a,C13d221a8b7
62,0,R22f07db65e,C4b37eb37ae
62,0,Rdca51334ad,Cacd553e665
62,0,R3859797a17,C5ca0e1cf74
62,0,Ra3a6715b38,C0d38a977f1
62,0,Rb7bfd88e06,C5daf9890c8
62,0,R3aecc96f8a,C5e10158e74
62,0,Rb43605cf94,C0d3365a95d
62,0,R27b1b56f24,C71cfed6998
62,0,Rfd81157ea6,C0ed1846461
62,0,R97e1e5f2a1,C9dad4c115e
62,0,R503dd9da61,C79df93ef48
62,0,R8b257ef7a7,C4a8ad9941d
62,0,R75173a0c2e,Cd64aceb626
62,0,R7fecad935a,C4bff954595
62,0,R389d3d14dc,Cff2d3fc2b8
62,0,R51bca8aed9,C6d219e1224
62,0,Rb23a123205,Ce7d4a68359
62,0,Rb0d7ea913b,C324d289440
62,0,R77b403a4ea,Ce168457b21
62,0,R86712d176a,Ca88fd93155
62,0,Re82eabfc6f,C835e23000f
62,0,Rb89defcc11,Cac67dd5b15
62,0,R75876e652a,Ccf3530916c
62,0,R412a776f24,C5a2517ba60
62,0,R37c5d9c9f5,Cb562305292
62,0,R081d030416,Cc2b4bcedf6
62,0,R95e6414db5,C8b6b00532e
62,0,R05011f6dfa,C2742e0513c
62,0,R75a6912332,C2c06bb7a74
62,0,R7d15dbc488,C310bc5b22a
62,0,R37f6ba379c,Ccdfaccd490
62,0,Ra28f92ca6b,C2f2e4d623c
62,0,R4b10c3c168,C29c4dc9efb
62,0,R14d7b208a4,C2b72d93747
62,0,Raccebc4548,C77564d1e61
62,0,Rbb96b1c64a,C2b4a5274d7
62,0,R672c7fbc87,C37eec3dd3b
62,0,Rb8f2a82f58,C1856b3ee5b
62,0,R92fae8b4d8,C38ceb8f439
62,0,R50dcee35e4,C4fb57f1b8c
62,0,R35c49d4302,C51012b2b77
62,0,R7ae0742b50,C4c743e81ac
62,0,R36fa86cde3,Ce2287deadc
62,0,Rd60c95b6ad,Cfbf76c4540
62,0,R70cf2f5bda,C1c90a2a263
62,0,R969ecc7d8e,Ccaac05ab5f
62,0,Rb8be4f0d26,C1629b4c351
62,0,R2f6d14f126,Cb59d0e6b13
62,0,Rcafd13a0f6,C6bacd10317
62,0,R472c10068d,C7b1673ea5f
62,0,R7d3738266f,C4773c2f890
62,0,R9231b9115c,C58b927ec04
62,0,R2ddc8dd375,C716b3a3b0c
62,0,R1165f80689,C5024cf3576
62,0,R34bda00ffc,C29fcc36cdc
62,0,R8c8fff857c,C9143529f1b
62,0,R6aa2839a83,C6be47510f1
62,0,Rcdca28777f,C59341af9bf
62,0,R971720fa87,C4bb54f68b5
62,0,Ra17ce0dcfa,C49bc2c9d86
62,0,R6833dc83dc,C4bd2dc3748
62,0,R861d006361,Ce0f639323f
62,0,Rd04e566279,C5629b3482c
62,0,R06e81bb1e0,C99e252c532
62,0,Rcf062f6ad7,Ce0df7540e2
62,0,Rad3ec0ad8a,C0858eb42e7
62,0,R5a7a96f53d,C154e6387da
62,0,R4e43d9e1c1,C2aef65cf21
62,0,R5e9e900eee,C5a56e1639b
62,0,R205f252d0b,Cd93fb8b936
62,0,R896870096e,C90e17054e6
62,0,R06468f8aec,Cc8ff5f1722
62,0,Rb25fcc776b,Cf84465eba5
62,0,Rf72b75f60e,C91ab802f17
62,0,Rc60fc18411,C630c6e0f36
62,0,R71f7bc61aa,C1e358ccb93
62,0,R8b641878c7,C00a61ec52d
62,0,R1ffbf14000,C381cc433ee
62,0,R0b968be708,Cfd88b54bc3
62,0,R9d68fe8f12,C30e9bf3098
62,0,Rc8737f2032,C1b4cff72a0
62,0,R886059e501,C95b33248af
62,0,R346ca3d07e,C77759b27f9
62,0,R3f741f0197,Cc48f07a535
62,0,R8bccc87668,C8d7c8bcd05
62,0,Rb95af1e61b,C496cca79a4
62,0,Re3e2344b60,Ccc95f61b6e
62,0,R64924513e2,C5b111a388f
62,0,R73f6341487,Ceffa6c38a9
62,0,R5bb0d9c8eb,C0536a59429
62,0,Rab5107dfe8,C057e5f7dc7
62,0,R588f55aceb,Cd430b6a7bd
62,0,Ra502d46cd3,C4278d4a511
62,0,R81bf35abb5,Cbd0e2d7b0b
62,0,R02fc0cb1e6,C48385451ef
62,0,Rba671b9505,C263bed4816
62,0,Rc1b5eebedd,Ce6236879b5
62,0,R4213b90aa2,C1e55c426d0
62,0,R5906a9080d,C2d9a8d9994
62,0,R8d92b12dae,Ce943e40ae6
62,0,R48b912a733,C363cb2a2d5
62,0,R7f28d2ebfc,Ceb790ed136
62,0,Rca3496b9c8,C7caa519e39
62,0,Rcf0e614c85,C14f51c9e27
62,0,Rf44690598b,C436ebe4019
62,0,R136b609747,Ca31b530d83
62,0,Re37e512238,Cfabda15605
62,0,Rc33c7793bf,C57228ab899
62,0,Rd3e5cce00a,C1cc9a00062
62,0,R2f165c92f1,C50a7e739a1
62,0,Rcdb969aabd,Ccc7e547031
62,0,R1baed46271,C6031298028
62,0,R264d76027a,Cd73afff289
62,0,R58113ea58c,C8db061c6bd
62,0,R387a78395f,Cdf441bed04
62,0,R758d35dda9,C9589ab4378
62,0,Rda6ce6d067,C038e431c5b
62,0,R1f6a4dba9b,C74532c81a5
62,0,R15fe98ad8d,Ce9fefd87fc
62,0,R006b6e239b,C92c1fe6002
62,0,Rf8650bb3ab,Cb3c89efcc9
62,0,R262da439bf,C0c03d8df98
62,0,Rf4cb304fcf,C295845a2ff
62,0,Rf28c54be16,C4f9e1d6237
62,0,R7c97ab646f,C1af0856dd8
62,0,Rf7f211be1e,C3df34fd469
62,0,R8c86d955d7,Ca869460556
62,0,R774d348915,C4158e787a5
62,0,R8b971688c6,C50d43c0600
62,0,R21e3f5e128,C6ac7a623b6
62,0,R23669f90b9,C2b761cf10d
62,0,R9d35618702,C66e3c7fbf1
62,0,Rfc0e7bb1d7,C756253abe2
62,0,R59b896575d,C1ba101dffc
62,0,Ree46091779,Cb845d23f80
62,0,R08f78a714d,C19f5ad28f7
62,0,Ra19e96dda2,C04b06e93c8
62,0,R553bc5ee9f,Ca81d44f02a
62,0,Rf8658bf0b2,C6c161cec24
62,0,R198e5ff7de,Cfdbc8571e0
62,0,R980dd2db61,Ce881fd02a4
62,0,Rac6d371af1,Cde7e80ec67
62,0,R3dbf2ef484,Ca81b60e752
62,0,R643cfad50f,C0e4df57159
62,0,Red2dfb99ad,Ccb4488850e
62,0,R7065f54e24,C1431c1136a
62,0,R374b48fe1a,C2af94c5835
62,0,Rb713dabc67,C6f1ecf14f3
62,0,Re0910efca9,C34c2ceba6e
62,0,Rbcc85f161a,C21d37c0740
62,0,R2ad4235f54,C6bb5bd493e
62,0,Re904221878,Caf0d11c311
62,0,Rfea8c969d4,C6ea68c6a87
62,0,Rb10fa5ef5e,C788d8511de
62,0,R56672fc8a4,Cf2aeb8f56b
62,0,R74b2f18977,C3fd05c322c
62,0,Re34311fbb9,Cb48d3e8a02
62,0,R13c10435bd,Ca8d8f975b4
62,0,Rb91bbdc354,C5aa94b4582
62,0,Re44fa5cfbe,C9fb9ba3570
62,0,R3a3d52fc6a,C6f11b3f94c
62,0,R9c854b0dc2,Cd0069256ac
62,0,R1926566a58,Cb4bd6075a0
62,0,Rc02c1089de,C3c2ad0c7e2
62,0,R032190fdb7,Ceac869343a
62,0,R1702aa5590,C3d916b22c5
62,0,Rf18e7e58fc,C8cdc51fed4
62,0,Rec9e66a205,Cd124630d4e
62,0,R11cc9dcbe6,Ce5d4f14b66
62,0,Rc950ed363b,Cfce169e168
62,0,R6ef8eb8d24,C4668de4ab2
62,0,R7226612213,Ca343a168c4
62,0,Re75e0bb2ee,C0e1ff731a7
62,0,Rf84cdc5865,C82093c1e54
62,0,Re67846777b,C1c92a7270f
62,0,Rfb94a37b9a,C8aac237893
62,0,R386907d7cf,C52665e8c0e
62,0,R110a77f160,C32d50bd874
62,0,Rf481f6c3d4,C7e50d39ab2
62,0,R197aad70f4,C8f1744cc3c
62,0,R9f266e6c5c,C64275cce93
62,0,Rcf9192bc20,Ceabd5f1773
62,0,R8a1a2e7483,C47aef31fdc
62,0,Rc3b154c241,Cac8aee25d1
62,0,Rbd65188bc9,Cc11bc66576
62,0,R43d36b0590,Cc58e316b3a
62,0,R0dbc198813,C1e029f0b75
62,0,R202033795a,Cd960a81d8f
62,0,Rb3fb4fb0fe,C6b6e55588b
62,0,Rdfddf06c08,C3d5800a45d
62,0,Rc765a6f353,C6bd41a8a13
62,0,R990c5bdc13,Cf4f6826934
62,0,R35f529c61e,C40a4b6c6ff
62,0,R99052e0983,C89e6fd85f8
62,0,R3ae0f5c08f,Cc4b273cbd0
62,0,R91d67e113a,C5cba0f7650
62,0,R8906930090,C5a9eeaa32c
62,0,R518a342619,C2150772939
62,0,Rea3ef681d2,C8eaead874b
62,0,R01e8842edb,C2117e9657b
62,0,Rd1328caa8e,Cb4f4326e6c
62,0,Rc78b0fd298,C8d462d2e55
62,0,Rfcb3ae6a19,C50121de22d
62,0,Rae9bde026d,Ce4e866b7a8
62,0,R4800b4c833,Ca46dad437d
62,0,Rbab67090b2,Cb7015a52e3
62,0,R5e7591bd12,C388f9dc16a
62,0,Rd53729e31e,C752bd98ead
62,0,Rfdfb92f64b,C3382041c58
62,0,R820084f80d,C004616ccb3
62,0,R11f777525b,Cdf0186d5f9
62,0,R1fb4d0bbd9,C0dc6b6c1ea
62,0,R13bc15df2f,C318fd15b4b
62,0,Rfe71579a02,C4060593297
62,0,R5cf7e20919,Ce750a5d6f9
62,0,R2dacf9a008,C46d1c6ad18
62,0,Re1d02ac036,C29d9b26241
62,0,R7751e6a306,Ce9587846e4
62,0,R6dd754f4dd,Ccb0a80f426
62,0,R144721a2a0,C10d7e723ee
62,0,R3dad026edb,Cc159d748fc
62,0,R3eb015465d,Cdec6cdd857
62,0,R7b2ed70e19,Ca6cc47c81d
62,0,Rb8610d5132,C37d7673577
62,0,R8980f43c22,C23cff916e6
62,0,Rb7a3928e3a,Cbcfadedc9c
62,0,R07d893819e,C32234cb714
62,0,Rcb33be3a0f,C2dabfa5512
62,0,R7c5002d8f1,C4762e4f3b1
62,0,R84beb35845,Cbfa2ea251c
62,0,Ra21a595938,C26111928c5
62,0,Ref03faab81,C58b7c81731
62,0,Reff3cde780,Cea6e4ca96e
62,0,Rf531ec4351,Cee45a5142a
62,0,Rf75f5f6ac4,Cadc4347a82
62,0,R07baa6f15d,C0ca6f9bde9
62,0,Rb8301c0a06,C5ce9d21ec9
62,0,R43582009b0,Cfa4e732767
62,0,R380810eecb,Cd9b4be5bfd
62,0,R051a04bcdd,C3d4f2dac4f
62,0,R5dba306c1b,Cde4ae82b41
62,0,R3eb8bfb4cf,C472cf6263f
62,0,Rb7adf09ef1,C64360f11e4
62,0,R3f6afdf779,C59cd7087d6
62,0,R5847e2fb20,C0212a4504f
62,0,R99319b950c,Ca197089988
62,0,Ra626137c4f,C8dd8359b91
62,0,R8fd544c4ff,C3428df10ae
62,0,Rc46e7f5ac0,Cda47ad6fab
62,0,R331f498d0a,C853bd4e13a
62,0,Rcb87f024af,C0b46456792
62,0,R09ccc0489a,C3e5780a8e3
62,0,R728127ccf5,Caf16d52ca9
62,0,R332afc8532,C031d466b05
62,0,R9cc70e8be3,C94a2edb5dd
62,0,R4f5a827702,C55f92eee92
62,0,R6d88bb4bd2,Cb9d8dfcf26
62,0,Rf1c608b258,C071fdda27a
62,0,Rf5424e0ec0,Cd3c9e9947c
62,0,Rb1cda9b916,C16143d46a4
62,0,Re69f158f81,C03ac293477
62,0,Rf7e10eb3ce,Cc04b3e6629
62,0,Ra94e3a246e,C14ee9a8429
62,0,Rb81b522c93,Ce75421c04e
62,0,R5cf23e6e86,Cb01ca23a8f
62,0,R04d45c14a1,C0ca9e2189a
62,0,R6adc25a1bc,C9fcfa12ba9
62,0,Rb6c4ceb192,Cf2204bfcf0
62,0,R71b1e03b3b,Ce7c8b1706c
62,0,R852ee888cf,Cff007821f1
62,0,R15543af48b,Cb108fd5758
62,0,Rae5421b5bf,C058d2c4024
62,0,R4f36d83775,C7e9323081a
62,0,Re2958a96a0,C0fd6375f6a
62,0,R038a237fde,Cdb9c4decba
62,0,Rc10e22f397,C648bf95f4b
62,0,Raaea423e6a,C396c89c014
62,0,R9b31740eba,C31273546f3
62,0,R547ef92192,Cd002ce7a7b
62,0,Rfaac5fd1b5,Cd7e3628e33
62,0,Rc93e70de60,Cc28b9eb810
62,0,R2892f27a64,C4cc88e98a6
62,0,Rbafbb3a434,Ca1077a7e10
62,0,R4855cb2f73,C635fb2a56e
62,0,Rbd67c6dda3,Ca2aa89dbbb
62,0,R595e1b0f7f,C2eee2170f3
62,0,Reeca6611e8,C23d96ebdd8
62,0,R7e016a0046,C33ed698000
62,0,Rafff17d6f8,C4e0f3e9b81
62,0,Rdb4c65a85f,C48f1df46f4
62,0,R72290d947d,Cafb927e652
62,0,Ra3f4c4b7c7,C5d6bc0cea9
62,0,R357f273309,Cd99e072af6
62,0,R62779ec64a,C2b2be6773d
62,0,Rac3f39be8d,C10cffd5023
62,0,R0e78d2519b,Cb086f41d2e
62,0,R7245d87206,C1f72dfe02b
62,0,R1435f26a0f,Cee4f6bf5eb
62,0,Rdc5abb13ba,C3955d5ad10
62,0,R093c8afd30,Cbde4c5c8ab
62,0,R331721a384,C5cd0c4b79c
62,0,Rd1920c73f0,C1c847038cd
62,0,R08b65b319a,Ca0e6dced0e
62,0,R59875d6a44,C8cc2d90989
62,0,R3094b71ac5,Cfca41dc5cf
62,0,Rf93605ed0a,Ca28c64b6ca
62,0,Rf21e6028ec,Ce801cf9e9d
62,0,R1771f82910,Cf67825ce64
62,0,R7ed5b19858,Cbade65eea0
62,0,Rec2d0c41b1,C08e3d3769d
62,0,R941ea282b0,C1d19df2cc3
62,0,Ra52e295c27,C62a8a1a98a
62,0,Rbd008e1750,C306e0e248d
62,0,R58b1df1e5a,C4295cfe2c8
62,0,Raf4ffbba2b,C2baf91c05f
63,0,Rb4f6b5fb12,C35fc121af3
63,0,Ra1d88ad464,C1009e2f43c
63,0,R47b423aed8,Cf9bfd622c0
63,0,Rfb8a82155a,C13d221a8b7
63,0,R824cebef21,Cf7e794afd0
63,0,R5ca608d59d,Ce2b69d0efe
63,0,R073757ca00,C1cc941af55
63,0,Rb10fa5ef5e,C788d8511de
63,0,Reb28ef3add,C031d466b05
63,0,Rd60d12bd87,C811d367796
63,0,R739daeacf1,C8a4cafc657
63,0,R616b2807a6,C4f12488e05
63,0,R7eaeb0a9b8,Cdbd3910a34
63,0,R0d33bb780f,C80bea669bb
63,0,R835977315b,C1261ab5001
63,0,Rf10d1fb814,Caef362c3f4
63,0,R1df5678f84,Ccfc3f77c4a
63,0,R3b443d486e,Cca2968e3c7
63,0,Rd8d1abd296,Ccc9a0483b4
63,0,R9d68fe8f12,C30e9bf3098
63,0,R74a91dac45,C5ae5c95677
63,0,Rb89defcc11,Cac67dd5b15
63,0,R2f6d14f126,Cb59d0e6b13
63,0,Rcde56d9683,Cfa8078588b
63,0,Rbb009e76b0,Cd3c9e9947c
63,0,Red5ae93f5a,C5186015b6c
63,0,R67e3d20c51,C1deec398f4
63,0,R045878eea9,Cb3215ea4ed
63,0,R0c37c6993d,C910ea40233
63,0,R2305bca064,Cb5dc74c1e3
63,0,R26e23bd104,C6e7d482d23
63,0,R087ad5321a,C10b76d69fd
63,0,R3859797a17,C5ca0e1cf74
63,0,R3fcece5f23,C51f7de3836
63,0,R24a04107ec,C7de377c6a7
63,0,Rd60c95b6ad,Cfbf76c4540
63,0,Rda783fc3d2,Cbafa044791
63,0,R04e266bdec,C4473c3cf5c
63,0,R3a6fdb5856,C47b77dc20e
63,0,R50253ab58b,C0630f427e0
63,0,Rb83ee31a76,C5c03d86908
63,0,Rc13f2b919b,Cf65f4e7f10
63,0,R63d84c22bb,C0f53c551aa
63,0,Rbb416f6454,C833cc43986
63,0,Rb2017acbf7,Cd05b967c5b
63,0,R75a6912332,C2c06bb7a74
63,0,R5906a9080d,C2d9a8d9994
63,0,R38537ce6d9,C209ecb2712
63,0,R43fad74ee8,C04cadb6fbc
63,0,Ra28f92ca6b,C2f2e4d623c
63,0,R14d7b208a4,C2b72d93747
63,0,R7d15dbc488,C310bc5b22a
63,0,Rc1c6bea3c1,C853bd4e13a
63,0,R50dcee35e4,C4fb57f1b8c
63,0,R0d5a23555c,Cd7d71d9d1f
63,0,Rc01d4fc39f,C01437ffd19
63,0,Re8abc3b2e4,C3cc2b3a485
63,0,Rc3f4307bb1,Ca5176c2b40
63,0,R1d66f8de87,C985e5e3c32
63,0,Rf7f211be1e,C3df34fd469
63,0,R1ae7e08c3f,C91fa899da9
63,0,R264d76027a,Cd73afff289
63,0,R8f8ba0bc74,C10cffd5023
63,0,Rdca51334ad,Cacd553e665
63,0,R971720fa87,C4bb54f68b5
63,0,R73745c5b65,Ca18c962be5
63,0,Rcadf513fee,C75b0b01334
63,0,R6aa2839a83,C6be47510f1
63,0,R7fecad935a,C4bff954595
63,0,Rbb96b1c64a,C2b4a5274d7
63,0,R92fae8b4d8,C38ceb8f439
63,0,R36fa86cde3,Ce2287deadc
63,0,Re8a6f2bbec,C853555a7dd
63,0,Rfe314dfa5e,Cd6342ca529
63,0,Re23e1a8188,C6b09fec855
63,0,R601ac75250,Cbaabeaccd8
63,0,R2ddc8dd375,C716b3a3b0c
63,0,R4a66e13a93,C86bb124f48
63,0,R37f6ba379c,Ccdfaccd490
63,0,Ra52297be75,C519cf27ee8
63,0,R081d030416,Cc2b4bcedf6
63,0,R8b257ef7a7,C4a8ad9941d
63,0,Re0f450470c,Ce07396f3e8
63,0,R975b8b64af,Cf1b37d5d7f
63,0,R28419d682e,C406868fab5
63,0,R9517676c27,C66b075ae5e
63,0,Ra3a6715b38,C0d38a977f1
63,0,R8b641878c7,C00a61ec52d
63,0,R5bad4fe4b8,Cad7e9d5e0e
63,0,R24f2360a6a,Cb6394519bb
63,0,R6f6e37f19d,C91bee2024e
63,0,R92b390ab96,Cbade59bc1f
63,0,R136b609747,Ca31b530d83
63,0,Re942b91eca,Ca0261227d0
63,0,R1165f80689,C5024cf3576
63,0,R5975b27937,C3f91d96538
63,0,Rc723147a4c,Cb108fd5758
63,0,R39a1261dd4,C7e9323081a
63,0,R472c10068d,C7b1673ea5f
63,0,R09d5df755e,Ce75421c04e
63,0,R6c40091886,C167eea457c
63,0,R359cf91b35,C8aaaa39232
63,0,Rb10ec6f5ad,C2142278027
63,0,R1b2020fcc4,C99e94beef6
63,0,R0962ddec23,Cff860833e5
63,0,R7ae0742b50,C4c743e81ac
63,0,Re67846777b,C1c92a7270f
63,0,R57f22e4e5c,Cbe67705479
63,0,Re420650e73,Ca751cd48df
63,0,R7180a7751b,C8297c77901
63,0,R1cd6ed96e7,C4bce13e473
63,0,R814a1937ec,C683758c9b2
63,0,R672c7fbc87,C37eec3dd3b
63,0,R2ce18acede,Cf2204bfcf0
63,0,Rc1b5eebedd,Ce6236879b5
63,0,Rebeaad8e27,C4a29a7b034
63,0,R6b1c1af053,C071fdda27a
63,0,R198e5ff7de,Cfdbc8571e0
63,0,R64924513e2,C5b111a388f
63,0,R8f57433ee4,C412c34fbb8
63,0,Rad3ec0ad8a,C0858eb42e7
63,0,R3bc3125147,C40065f016f
63,0,R2c76b94d7e,C5e650ea147
63,0,Rc9fa47213b,C6de560d234
63,0,R8b971688c6,C50d43c0600
63,0,Re82eabfc6f,C835e23000f
63,0,Re37e512238,Cfabda15605
63,0,Rc33c7793bf,C57228ab899
63,0,R73f6341487,Ceffa6c38a9
63,0,R2c1ebbff1a,C989e5d437b
63,0,Ra399b917c0,C77bdd6c7d6
63,0,R5e9e900eee,C5a56e1639b
63,0,R4213b90aa2,C1e55c426d0
63,0,Rcd7c58b6ad,C3df3871c70
63,0,Rd6475e78be,Cc27e987285
63,0,R6f97c7a577,C0faf857317
63,0,R42f30684b7,C2169795eb3
63,0,R08f78a714d,C19f5ad28f7
63,0,Rd116568444,Cc137b39295
63,0,R701474f98a,C9fa4b5ca9d
63,0,R33c49c5f38,Cab16e0ee82
63,0,R9b178e18e7,Cfa9142132e
63,0,R76610f40a7,Cace1a513b1
63,0,R7f28d2ebfc,Ceb790ed136
63,0,Rba671b9505,C263bed4816
63,0,R9dccadf93e,Cc4710a72fe
63,0,R969ecc7d8e,Ccaac05ab5f
63,0,R3dc46878fa,C84346adeca
63,0,R0ec26fe759,C4cc88e98a6
63,0,R1ea638daa4,C7f86859d75
63,0,R24ca9cc61b,C8384d62392
63,0,R862535669b,C268ec2d4ef
63,0,R784160c0a5,C8230e26805
63,0,R4999a85528,C31273546f3
63,0,Rd3e5cce00a,C1cc9a00062
63,0,Raca5a95e48,Ca0e6dced0e
63,0,R896870096e,C90e17054e6
63,0,Rfb250e526d,Ca94a2caf61
63,0,Rac1838c3ff,Cbabcc491a9
63,0,R116eec9a57,C31246b6c51
63,0,R8c86d955d7,Ca869460556
63,0,Re400b0b568,C19c2d70ac3
63,0,R886059e501,C95b33248af
63,0,Rd04e566279,C5629b3482c
63,0,Rf3f99aa719,Ce3a55596ad
63,0,R3b6af61ca3,C908b14a817
63,0,Rd58f8ffbd9,C905c0607ba
63,0,R13ad4c637d,C82d5b6693e
63,0,Rc1f0c90638,C9ec2ef0748
63,0,Rd9e2fddc79,C2d26a05264
63,0,Rb6497d303a,Ca1077a7e10
63,0,Rd7d05cc28a,Ca0284ee45a
63,0,R71f7bc61aa,C1e358ccb93
63,0,R844ce92283,C2b2be6773d
63,0,Rf447fad72f,Ca9f378b107
63,0,R1c59c069bf,Cad2d0e7c6e
63,0,R6a68e34799,C4d5e437189
63,0,R21e3f5e128,C6ac7a623b6
63,0,R7bbca4f965,C8ed786f2fb
63,0,Rf4a17fbac8,C993be102b0
63,0,R16f2ae66ce,C0689c9d345
63,0,Rb7bfd88e06,C5daf9890c8
63,0,R8f23ba8083,C62e66880e1
63,0,R58113ea58c,C8db061c6bd
63,0,R1926566a58,Cb4bd6075a0
63,0,R3a74238724,C6e229a4c82
63,0,Rac6d371af1,Cde7e80ec67
63,0,R3969478771,C4f7da7ef39
63,0,R0f685de70b,Cf5f7b56588
63,0,Rf53a355a96,C3955d5ad10
63,0,R6b51fbe746,C8cc2d90989
63,0,Rb713dabc67,C6f1ecf14f3
63,0,Rcf0e614c85,C14f51c9e27
63,0,R9f266e6c5c,C64275cce93
63,0,R6833dc83dc,C4bd2dc3748
63,0,R13c10435bd,Ca8d8f975b4
63,0,R15fe98ad8d,Ce9fefd87fc
63,0,R9c854b0dc2,Cd0069256ac
63,0,R59b896575d,C1ba101dffc
63,0,Rd1328caa8e,Cb4f4326e6c
63,0,Rc78b0fd298,C8d462d2e55
63,0,Rec9e66a205,Cd124630d4e
63,0,R74b2f18977,C3fd05c322c
63,0,R7faa5c0d34,Cfca41dc5cf
63,0,Rd7f43ce65c,Ca28c64b6ca
63,0,R72aaf88f24,C46ae1c75fe
63,0,Rc02c1089de,C3c2ad0c7e2
63,0,R197aad70f4,C8f1744cc3c
63,0,Rfb94a37b9a,C8aac237893
63,0,R13849e3a3f,C08e3d3769d
63,0,Rcf9192bc20,Ceabd5f1773
63,0,Rc1267ba2fe,C62a8a1a98a
63,0,R99052e0983,C89e6fd85f8
63,0,Re75e0bb2ee,C0e1ff731a7
63,0,Rf84cdc5865,C82093c1e54
63,0,R202033795a,Cd960a81d8f
63,0,Rde697ac7e1,Cf67825ce64
63,0,R2c0417c854,C1a44a23b17
63,0,R11cc9dcbe6,Ce5d4f14b66
63,0,R2ad4235f54,C6bb5bd493e
63,0,Rf481f6c3d4,C7e50d39ab2
63,0,R386907d7cf,C52665e8c0e
63,0,R8a1a2e7483,C47aef31fdc
63,0,R7226612213,Ca343a168c4
63,0,R110a77f160,C32d50bd874
63,0,R91d67e113a,C5cba0f7650
63,0,R43d36b0590,Cc58e316b3a
63,0,R5e7591bd12,C388f9dc16a
63,0,R35f529c61e,C40a4b6c6ff
63,0,R13bc15df2f,C318fd15b4b
63,0,R032190fdb7,Ceac869343a
63,0,R990c5bdc13,Cf4f6826934
63,0,R3a3d52fc6a,C6f11b3f94c
63,0,Rb3fb4fb0fe,C6b6e55588b
63,0,R8906930090,C5a9eeaa32c
63,0,Rea3ef681d2,C8eaead874b
63,0,Rbab67090b2,Cb7015a52e3
63,0,Rbd65188bc9,Cc11bc66576
63,0,R1702aa5590,C3d916b22c5
63,0,Rb91bbdc354,C5aa94b4582
63,0,R07baa6f15d,C0ca6f9bde9
63,0,Ref674f28f8,C9aa7798679
63,0,R3dad026edb,Cc159d748fc
63,0,Rfde2c74990,C48f1df46f4
63,0,R4800b4c833,Ca46dad437d
63,0,R95b8695089,C1d19df2cc3
63,0,R81fd5b705a,Cbade65eea0
63,0,R7751e6a306,Ce9587846e4
63,0,R11f777525b,Cdf0186d5f9
63,0,R5cf7e20919,Ce750a5d6f9
63,0,R2dacf9a008,C46d1c6ad18
63,0,R54a59b90be,C26ae5a6d5e
63,0,R7b2ed70e19,Ca6cc47c81d
63,0,R79c14ea0c1,C84cadf225a
63,0,R8980f43c22,C23cff916e6
63,0,R7c5002d8f1,C4762e4f3b1
63,0,R3eb015465d,Cdec6cdd857
63,0,R144721a2a0,C10d7e723ee
63,0,Reff3cde780,Cea6e4ca96e
63,0,Ref03faab81,C58b7c81731
63,0,R07d893819e,C32234cb714
63,0,Rb7a3928e3a,Cbcfadedc9c
63,0,Rf75f5f6ac4,Cadc4347a82
63,0,R3ae0f5c08f,Cc4b273cbd0
63,0,Ra21a595938,C26111928c5
63,0,Rf531ec4351,Cee45a5142a
63,0,Rb8301c0a06,C5ce9d21ec9
63,0,R961c439dfe,C2baf91c05f
63,0,R43582009b0,Cfa4e732767
63,0,R051a04bcdd,C3d4f2dac4f
63,0,R380810eecb,Cd9b4be5bfd
63,0,R3eb8bfb4cf,C472cf6263f
63,0,R96e7e145c4,Ca645ee38da
63,0,Rf00a3e9792,Cff572d30de
63,0,Rc8ce25343f,C0ade7fb186
63,0,R9a4b0c0db8,C1e0186a374
63,0,R36a46497fd,C956ad397ee
63,0,R3665ba98a8,C179433d6b9
63,0,R596302da41,Cb8572e346a
63,0,Re52f2dac91,C467928605a
63,0,Rd818af500e,Cd92784d2fa
63,0,R9e54ad7b6d,C5384e6f401
63,0,R9078e4690d,Cd9aa6da254
63,0,R97c1789c32,Ca8c0533445
63,0,R778245166b,C765296235a
63,0,Rb019bcb580,Cd647c29de9
63,0,R18b2d1928d,C263d152aab
63,0,R2719bdfd5b,C0ea9a2a3d0
63,0,R7da99f2cfd,Cf78a1a54ab
63,0,R4a412aade6,Cc395f9fec2
63,0,Rfafcf83c9d,C56e69af986
63,0,Rf6e4ed39ee,C8c1b93302e
63,0,Rf861baaaca,C3af5915302
63,0,R5bbbdd9926,Cc989bffde9
63,0,Rc33fe1fcff,C71cfed6998
63,0,R592da6c6e5,C17491c0d3d
63,0,R09e22cd5cf,C55c103f2db
63,0,R713b3eac55,C3883eb3c44
63,0,R9b49fc33ea,Cbd4f4d071b
63,0,R96b6b1e195,C549d03ff6e
63,0,R3ca88a14a0,C262376abfa
63,0,R0326fd8397,C03b1ff39d8
63,0,R33753189d3,C475f588843
63,0,R7eb90210c3,Ce670a67408
63,0,R1554d93287,C8156dd7e64
63,0,R82fc026097,C52ab8e2ff1
63,0,Ra7e8390d91,C3de8667176
63,0,R54f027461e,C94616e5e73
63,0,R515b070e3c,C50b71b6fd6
63,0,R91e87e97d2,C2df164ea86
63,0,R7996bfb456,C10527f583f
63,0,R0e44e1a501,C1b8b219dc6
63,0,R5ca92fbed9,Cb2a7d14fe8
63,0,Rc173bdb38f,C2c93f98937
63,0,R4f7b6a275e,Cc07405bb55
63,0,Rfa6a25ba90,Ccf0dbb7932
63,0,Rd177200ab9,Ce943e40ae6
63,0,R91dabe3f1b,Cef9293ea01
63,0,R84107e54cd,Cd80a6721af
63,0,Rc708e6f476,C8c08fce0e7
63,0,Rbad7d83a82,Cbd4904a196
63,0,R939401fe41,Cdcf840292b
63,0,Rb92684afe8,Cb18f1773af
63,0,R3217628fa1,C1af0856dd8
63,0,R81e00136e6,C432e7f1cf2
63,0,R1ecc29da46,C2aef65cf21
63,0,R389e93c424,Ce0df7540e2
63,0,R27f384e9eb,Cea86101bc5
63,0,Rc6b81fbe5a,Cbd5fa65246
63,0,Rcdb7b7e5fc,Cbd5454b9c1
63,0,Re0d4a26da2,C9517f19e98
63,0,Rdd7929492f,C48385451ef
63,0,Rb204bc6a92,Cdc6d0dcad4
63,0,R8351d86fc7,C8b8bdcade7
63,0,R8c7f845ea6,C91ab802f17
63,0,R11f8183cbc,Ca81d44f02a
63,0,Rb65f6a2fc5,Cc382ae3471
63,0,R180839b0bb,Cecddcfb5d7
63,0,R8b8c015b26,Cb845d23f80
63,0,R0eec7f2e9d,C496cca79a4
63,0,R1745a08037,C9589ab4378
63,0,Rfa030f07fe,Cc7a0fae53d
63,0,R2a61f9f204,C365ecf1d61
63,0,R1b8d876de7,C6bacd10317
63,0,R1bf5adf82c,C30244e4ad3
63,0,Rc649d457bb,C0ae96bbee6
63,0,R5dcaa9fbb8,C14bbc23727
63,0,R9a37d95b6f,C657b6c0dab
63,0,R1422829de3,Ce3c396eb86
63,0,R3d8ab98a94,C0ba0b2b0f2
63,0,Rae73fc4184,Cd64295cc65
63,0,Rd69a30b8cd,Cf440db54ff
63,0,R5c8cce987b,C7a8f6135ae
63,0,Ra07b8b53c7,Cc9995f0737
63,0,R56bf6c47d7,Cb65b398f79
63,0,R2fc86b042d,Cfbe91ad560
63,0,Rcff6d11368,Caae9bcdbf1
63,0,R79844794b1,C4060593297
63,0,R054ca02cd5,C1e029f0b75
63,0,R2dfa6eb146,C58f89dd167
63,0,R49e747c8b3,Cb48d3e8a02
63,0,R7cb98982a5,C4be3574ace
63,0,R60d393d2ae,Ccfd4313992
63,0,Re486129517,C1fae85a03c
63,0,R0c25c8a13d,C6bd41a8a13
63,0,R23ab1d3c31,C50121de22d
63,0,Rf21e6028ec,Ce801cf9e9d
63,0,R1b08b8e3e2,Ce4e866b7a8
63,0,R1b2d2853cb,C004616ccb3
63,0,R5879003b1c,C0b0131f488
63,0,R58b1df1e5a,C4295cfe2c8
64,0,R9d905d158b,C077133b10d
64,0,Rb4f6b5fb12,C35fc121af3
64,0,Rbfd6502f48,C8a586cd607
64,0,Re8abc3b2e4,C3cc2b3a485
64,0,R47b423aed8,Cf9bfd622c0
64,0,Rab5107dfe8,C057e5f7dc7
64,0,Ree2cf1e7bc,C5ad314f1df
64,0,Rce1069e496,C1e0186a374
64,0,R7eaeb0a9b8,Cdbd3910a34
64,0,Re7bc953bf7,Ccf6fbd54ae
64,0,R0015e6d28b,C64360f11e4
64,0,Ra076716476,C62e70baa9b
64,0,Rff25727bbc,Ca7347b660c
64,0,R85f560ec2b,Ca2ada99096
64,0,Rfd81157ea6,C0ed1846461
64,0,Rc79fcae0e6,C3de8667176
64,0,R5cb586bee7,C02800e456f
64,0,Rd78acb988b,C577148e027
64,0,R488dbf03db,C0f2db699bc
64,0,R9a94f725fa,C12e036dd56
64,0,R04e266bdec,C4473c3cf5c
64,0,R0962ddec23,Cff860833e5
64,0,R7ae0742b50,C4c743e81ac
64,0,Rcf0e614c85,C14f51c9e27
64,0,Ra1611b0e86,Cffd1c004e6
64,0,R09d5df755e,Ce75421c04e
64,0,Read27df1a8,C263d152aab
64,0,Rbb3893270d,Cad30aab2ff
64,0,R5412b72720,Cff007821f1
64,0,R3859797a17,C5ca0e1cf74
64,0,R67e8b039c6,C56e69af986
64,0,Raf2787eb38,C467928605a
64,0,Ra1d88ad464,C1009e2f43c
64,0,R0456fe7ffb,C861203bd90
64,0,R876501df9c,Cd0261686ea
64,0,Rde70e400a8,Ce4c8ef23ce
64,0,Rd9193f7469,Cd9aa6da254
64,0,R13a09c6aa6,Cbd4f4d071b
64,0,R37f6ba379c,Ccdfaccd490
64,0,R84396dd78f,Cf2d86ce94b
64,0,R64924513e2,C5b111a388f
64,0,R1b2020fcc4,C99e94beef6
64,0,Re6b43c5867,C92a6be9f1b
64,0,Rc5157d600e,C4d351c16b5
64,0,R5bad4fe4b8,Cad7e9d5e0e
64,0,R4466b3e773,C2bf14afc4c
64,0,Rde3381918d,Ca79c24857b
64,0,R62256434be,C3af5915302
64,0,Ra28f92ca6b,C2f2e4d623c
64,0,Rbb416f6454,C833cc43986
64,0,R6410b3cea7,C8156dd7e64
64,0,Rffb2add2e7,C69ecf06214
64,0,R4af62a87b8,Cab1529bfac
64,0,R91df0cde85,C6b7e85c9d4
64,0,R407f61b100,Cfba762bde7
64,0,Rd8d1abd296,Ccc9a0483b4
64,0,Ra52297be75,C519cf27ee8
64,0,R36fa86cde3,Ce2287deadc
64,0,Rb10ec6f5ad,C2142278027
64,0,R8d92b12dae,Ce943e40ae6
64,0,Rab428355ac,C52ab8e2ff1
64,0,Rf0a5a23859,C9445d093a9
64,0,R8b971688c6,C50d43c0600
64,0,R3dc46878fa,C84346adeca
64,0,R6f6e37f19d,C91bee2024e
64,0,Rd70a2d6575,C7021117d30
64,0,Rd67a727cd5,C246eff19b2
64,0,Rcc990bcce9,Ccf0dbb7932
64,0,R5906a9080d,C2d9a8d9994
64,0,Rbb96b1c64a,C2b4a5274d7
64,0,Rcdf18d9d45,Cf5d8089b00
64,0,Rd9e7754bdc,C1a8c945f6f
64,0,Rc028fe4656,C3a31ae56db
64,0,Racef8def32,Cd2e8e183ac
64,0,Re3af0eb0ca,Cef9293ea01
64,0,Rc8737f2032,C1b4cff72a0
64,0,R1c90795a20,C432e7f1cf2
64,0,Re03ee22249,C475f588843
64,0,R672c7fbc87,C37eec3dd3b
64,0,R325dc1ae16,C517ecee7c8
64,0,R24ca9cc61b,C8384d62392
64,0,R8b257ef7a7,C4a8ad9941d
64,0,Rba671b9505,C263bed4816
64,0,Rb9048eeab4,Cb1a007565d
64,0,R4fac3751b7,Cc382ae3471
64,0,Rfcdd089c1c,Cc07405bb55
64,0,R5e30a5bba5,C3a1f396b78
64,0,R3ced5861d7,Ce2de6c66b1
64,0,Rb4d122d95e,Cf0d1aa7f47
64,0,Re91da02630,Ceebca92d48
64,0,R86fa189be1,C860b6e0978
64,0,Rbb009e76b0,Cd3c9e9947c
64,0,R264d76027a,Cd73afff289
64,0,Rfe86a504a9,C8b8bdcade7
64,0,R2305bca064,Cb5dc74c1e3
64,0,Rf28c54be16,C4f9e1d6237
64,0,Rd58f8ffbd9,C905c0607ba
64,0,R42071cf341,C211e485694
64,0,R7e672d831e,C442224c40b
64,0,R580602ffe3,Cd056bee129
64,0,Rf447fad72f,Ca9f378b107
64,0,R8ec4704964,C33ed698000
64,0,Rd3f4ea849c,Cbd5454b9c1
64,0,Re0910efca9,C34c2ceba6e
64,0,R8b641878c7,C00a61ec52d
64,0,R79683fd429,Cf8a16c73b6
64,0,R136b609747,Ca31b530d83
64,0,R13849e3a3f,C08e3d3769d
64,0,R925e375c72,Cb8e55d5d44
64,0,Rcf062f6ad7,Ce0df7540e2
64,0,R6b9f64f9ab,Cb0db8c95ea
64,0,Rc7492deb2e,C4277a747bc
64,0,R319a71fa8a,Cf32cba8768
64,0,Ra6c2320db3,Cc9bbae3cce
64,0,Rb92d615f3d,C98294d8d6c
64,0,Rebeaad8e27,C4a29a7b034
64,0,Rfb250e526d,Ca94a2caf61
64,0,R7ba93446f2,C0ae96bbee6
64,0,R59b896575d,C1ba101dffc
64,0,R898d19f947,C8890bfd338
64,0,R774d348915,C4158e787a5
64,0,R6c61f54dbe,C30244e4ad3
64,0,R2c1ebbff1a,C989e5d437b
64,0,Ra86db67e4f,C6528c675ac
64,0,R387806375d,C67c5a744a6
64,0,R844ce92283,C2b2be6773d
64,0,Re46abeaa4f,Ca3693ca72f
64,0,R758d35dda9,C9589ab4378
64,0,Rd837a26293,C7846585eed
64,0,R8aff09a52a,C9b930a06c7
64,0,Rdb38fa5e16,C0c1c46c11e
64,0,R6167a06a50,C365ecf1d61
64,0,Rcdb969aabd,Ccc7e547031
64,0,R1a3c99dc28,C079a64c0ed
64,0,R886059e501,C95b33248af
64,0,R8965caa1f9,Cdca76d3f17
64,0,Rfc0e7bb1d7,C756253abe2
64,0,R3e9ae8ba62,C45be0ffc17
64,0,R70c8910c88,C114ca50408
64,0,R3ef2565f01,C1221c561a5
64,0,R64410982f3,C32233c3a3f
64,0,R3265757b26,C7446ec8e47
64,0,R4999a85528,C31273546f3
64,0,R92fae8b4d8,C38ceb8f439
64,0,Re8cb2e6e7d,C8f854430e1
64,0,R1b6d0d3062,Cbe4a2bb3fb
64,0,R0d1f275213,Ceaba67ae9f
64,0,Rbb7061556a,C657b6c0dab
64,0,Redbae18bb4,C50e9e086d0
64,0,R4123a62532,Cc9995f0737
64,0,R44c24b4cda,Cbde4c5c8ab
64,0,R58936d6e3f,C5954cde1f0
64,0,R9c854b0dc2,Cd0069256ac
64,0,Racacccc48e,C4a0a8946e7
64,0,R2ce18acede,Cf2204bfcf0
64,0,R50a7782f20,C7991344f1b
64,0,Rd170761ac5,C82453b8e82
64,0,Rb713dabc67,C6f1ecf14f3
64,0,Re67846777b,C1c92a7270f
64,0,R6b51fbe746,C8cc2d90989
64,0,R7226612213,Ca343a168c4
64,0,R7faa5c0d34,Cfca41dc5cf
64,0,R13c10435bd,Ca8d8f975b4
64,0,Rb91bbdc354,C5aa94b4582
64,0,R7d15dbc488,C310bc5b22a
64,0,Re75e0bb2ee,C0e1ff731a7
64,0,R13bc15df2f,C318fd15b4b
64,0,R11cc9dcbe6,Ce5d4f14b66
64,0,Rde697ac7e1,Cf67825ce64
64,0,R198e5ff7de,Cfdbc8571e0
64,0,R35f529c61e,C40a4b6c6ff
64,0,Rd7f43ce65c,Ca28c64b6ca
64,0,R202033795a,Cd960a81d8f
64,0,R1926566a58,Cb4bd6075a0
64,0,Rf84cdc5865,C82093c1e54
64,0,R8a1a2e7483,C47aef31fdc
64,0,R74b2f18977,C3fd05c322c
64,0,R15fe98ad8d,Ce9fefd87fc
64,0,R1702aa5590,C3d916b22c5
64,0,R197aad70f4,C8f1744cc3c
64,0,R9f266e6c5c,C64275cce93
64,0,R3a3d52fc6a,C6f11b3f94c
64,0,R81fd5b705a,Cbade65eea0
64,0,Rbd65188bc9,Cc11bc66576
64,0,R386907d7cf,C52665e8c0e
64,0,R5e7591bd12,C388f9dc16a
64,0,R110a77f160,C32d50bd874
64,0,Rf8e8b07b6a,C1fae85a03c
64,0,R032190fdb7,Ceac869343a
64,0,Rf481f6c3d4,C7e50d39ab2
64,0,Reff3cde780,Cea6e4ca96e
64,0,Rfb94a37b9a,C8aac237893
64,0,Rea3ef681d2,C8eaead874b
64,0,R43d36b0590,Cc58e316b3a
64,0,Rd53729e31e,C752bd98ead
64,0,R2ad4235f54,C6bb5bd493e
64,0,R3dad026edb,Cc159d748fc
64,0,Rb3fb4fb0fe,C6b6e55588b
64,0,Rbab67090b2,Cb7015a52e3
64,0,Rc513cac6d8,C5e12f4dba6
64,0,Refccebdd57,Cbf61239b5d
64,0,Rc78b0fd298,C8d462d2e55
64,0,R7751e6a306,Ce9587846e4
64,0,R4800b4c833,Ca46dad437d
64,0,R8906930090,C5a9eeaa32c
64,0,Rfde2c74990,C48f1df46f4
64,0,R91d67e113a,C5cba0f7650
64,0,R2265774611,C8bf7d09806
64,0,R2dacf9a008,C46d1c6ad18
64,0,R3ae0f5c08f,Cc4b273cbd0
64,0,Rd1328caa8e,Cb4f4326e6c
64,0,Ref03faab81,C58b7c81731
64,0,Ra21a595938,C26111928c5
64,0,Rf531ec4351,Cee45a5142a
64,0,Rc1267ba2fe,C62a8a1a98a
64,0,Re1d02ac036,C29d9b26241
64,0,Raf0c98b363,C17748f40ef
64,0,Rbdfc230ba0,C6534adc029
64,0,R07d893819e,C32234cb714
64,0,Rb7a3928e3a,Cbcfadedc9c
64,0,Rf75f5f6ac4,Cadc4347a82
64,0,R6add8646f9,C4295cfe2c8
64,0,R5dba306c1b,Cde4ae82b41
64,0,R0a489861bf,Cfbaf8d37e3
64,0,R3e303cf806,C96a565f0cc
64,0,R051a04bcdd,C3d4f2dac4f
64,0,R380810eecb,Cd9b4be5bfd
64,0,Rb60aa49b35,C64c1cc10b0
64,0,R3eb8bfb4cf,C472cf6263f
64,0,R99e24b7ace,C26255290b9
64,0,Rbb98a86f65,C7185ec0ecf
64,0,R3063d6fcbb,C8ee05364a3
64,0,Rd3ec0c29ee,Ced3f408679
64,0,R0692c00dd7,Cb65a067e30
64,0,Rc415a4512f,C4facf3833b
64,0,Rde7b15036e,Cb3215ea4ed
64,0,Rb5f4ac9b22,Cafe4651130
64,0,R6c22baa66e,C1a5756821e
64,0,R91e4b11fda,C502f7d18d2
64,0,R2ef8166916,C9e4f615cde
64,0,R9083593aa7,C8aaaa39232
64,0,R6ac2c90b26,C088f91d3ed
64,0,R5a70f50225,Ccaac05ab5f
64,0,R6e6eac079d,C0d0eb39f0b
64,0,Rf840c4872b,Cb7181bd8de
64,0,R1a5ae4efce,C1b03a21148
64,0,R4d13dd8558,Cfc8ccb2c42
64,0,R76ff0ebcc6,C910ea40233
64,0,R1144f6455c,C611c4e26c1
64,0,Re2f78bafe5,Cb6e5f37995
64,0,R23461ee834,Cbe4c67380e
64,0,R44bb9fc36e,C76a19f32a1
64,0,R36a0e03a4b,Cf5f7b56588
64,0,R085c8311c9,C51551470a8
64,0,Ra277666b2a,Cecaac1a6ed
64,0,R54c0b7a1f4,Cd124630d4e
64,0,R02719cd013,Cb3eb73edb8
64,0,R437a297841,Caf0d11c311
64,0,Rf21e6028ec,Ce801cf9e9d
65,0,Rbfd9e81ade,C8e105b2115
65,0,R9d905d158b,C325c48bc3d
65,0,Rb4f6b5fb12,Cff6935eb77
65,0,R2dc7c2c4f6,C8ee60f4be8
65,0,Rc13e1df55b,Cec4d5b4c7b
65,0,Ra9f18483b8,Ccced35bd88
65,0,R045878eea9,C679376d8cf
65,0,R4ea1da09f0,Ccf88c41b45
65,0,R73c5d0f39b,C048d53cc62
65,0,R2d31b9247d,C9eb5b842c9
65,0,R8d92640904,Cfd7a01a277
65,0,R8578f0cf45,C2d89db44d3
65,0,Ra677dbbaac,Cc8e9adb7c5
65,0,Rce1069e496,C3e1d4e9797
65,0,R76d934e14f,Cc2b0c8be8d
65,0,Re8085841e6,Ce57c2f2341
65,0,R30e98dec0e,C7793d5560c
65,0,R5b09abc32a,C40f7eaa95e
65,0,R2e004f373a,C979a3b1388
65,0,R6140279b34,Ca9127757a8
65,0,R386a45db2f,C59089f61ae
65,0,R27461b47c7,C2cb2d6d289
65,0,R7a355d09fc,C7f2e3eae29
65,0,R7f2f50b5ed,C7bd8ece854
65,0,Rd78acb988b,Ce41781f91b
65,0,R407d16f737,C521048fe0f
65,0,R947dc9d10d,C1738f1fc9a
65,0,Rf020db12d5,Cd90d4d4890
65,0,R50b7c195a0,C71b0131c52
65,0,R8a01ba1679,C3ad47fc502
65,0,Rde2db29c30,Ca2f265a33c
65,0,Radece755fe,C4a106d7a75
65,0,R9d5c2f8668,C3e691c670f
65,0,Ra1611b0e86,C88ffe7e0fb
65,0,R37f6ba379c,Cea93ffe088
65,0,Rab428355ac,Ce77531bb3f
65,0,Rfbf5c12d40,Cf8af73a92d
65,0,R70cab2b37e,C508ad74b13
65,0,R154f320592,Cec6bff6077
65,0,R2e5bf4cdac,Cb21d1165b9
65,0,R6d8e8ff07f,C2c9ab08cef
65,0,Re67846777b,Ca655d3af49
65,0,R9e5beb46b6,C5e65ce51cb
65,0,Rc13f2b919b,C1e6f968f4f
65,0,R04e266bdec,C58f31dbaa4
65,0,Rd056c2bf27,C231fc126ac
65,0,R95435ed730,Cb294dd9dd4
65,0,R1fbbbfe4fd,C4e5bd8adc8
65,0,Rbb3893270d,C59754ecfbe
65,0,Rb5f1ee207b,Cbdddadc191
65,0,Rd70a2d6575,C32a0d193c0
65,0,R8bd07890ce,Cfa8fa354f9
65,0,R5277914661,C82c36cae5e
65,0,R3859797a17,C165b7945bf
65,0,R82feb57f61,C32ccada9b3
65,0,Re17026426c,C3f9e8521c4
65,0,R8d151c94ac,C961d8d8792
65,0,Re0910efca9,C9310ecfdae
65,0,Rbb96b1c64a,Ce7b113359e
65,0,R876501df9c,Cf19faf8fbe
65,0,Rc2469b92d2,Ca2c63ad540
65,0,Re28fe16c42,C7156da0a0a
65,0,R4b99520fdb,C9df34ab686
65,0,Re3b2b4cdad,C56b892e52e
65,0,R3a6fdb5856,C09c15acc3c
65,0,Rcd0a21928a,C0ff9498642
65,0,R0962ddec23,C7a2c689179
65,0,R1ac76284f8,Cd649206724
65,0,R9ff21d0fa1,Cd8fcabd04a
65,0,R41676b8a34,Cb998bf3f99
65,0,R7d15dbc488,C8f39844ae6
65,0,R92fae8b4d8,C6dacb96f9b
65,0,R06c32d10c8,C52f349e1eb
65,0,Rebeaad8e27,Ccf51bd4ca0
65,0,Rd7843676c3,C147323b101
65,0,R940f5a71f6,Cdc755664ed
65,0,Rfb250e526d,Cbabe89a1b0
65,0,Ra3a6715b38,C1164c0bb13
65,0,R87d2f013c3,C3d8d5699ac
65,0,R86d2922598,Cb3c456f1b1
65,0,Rd58f8ffbd9,Ce80fc8c0c5
65,0,Ra64f34cab1,Ccbf14b5a2f
65,0,R9167e8b933,C6e2e43d435
65,0,R1f605f4275,Cb61f16a3ab
65,0,Rc7b92d7e03,C4e7ad37b9f
65,0,R77cf9f359f,C46ae3024d2
65,0,R8d92b12dae,Cee12111af3
65,0,R95b85b59a8,C2d83f7f6e7
65,0,R84b63e432d,Cc085172124
65,0,R86fa189be1,Ca5829fa651
65,0,R4eaee6d126,C6c4f6202dd
65,0,Rdb2841e460,C5f631c78c6
65,0,R9b1ece44fb,C272a3da53a
65,0,Rb9876a14d2,C98744a64f6
65,0,Rdeaf44bfd9,C0947356348
65,0,Rb92d615f3d,C3f208bde90
65,0,Rfcdd089c1c,C1c6376cf8d
65,0,R58aee85438,C576a1cae45
65,0,Reae6bc9237,C99294ce6b7
65,0,R770b0c6969,Ccc137c99aa
65,0,R969ecc7d8e,C8cdaad8109
65,0,Re03ee22249,C347ae3401d
65,0,R32611334f2,Cb63dac2779
65,0,Rf8efc81634,C99af0e63ca
65,0,R64924513e2,C1f82513288
65,0,Rb10ec6f5ad,C9a9c9a12cb
65,0,R9517676c27,C69860ae641
65,0,Rbb416f6454,C074f25697d
65,0,R2ce18acede,Ca1cd35d4c1
65,0,Rf28c54be16,Cc13fffbba5
65,0,Rf935aac953,Ce7412952ee
65,0,R81c5f130aa,Cfc45ddffa9
65,0,Raca5a95e48,C6d9c8b3b76
65,0,Ra3332e425c,C7d2bd999b4
65,0,R16713ab672,Ccf141cea64
65,0,R3fcece5f23,C1524b49af9
65,0,R8b971688c6,C381f60c257
65,0,R8b641878c7,Ce710899c5b
65,0,Rf786ca9e84,C686e2c5de6
65,0,Rc028fe4656,C7906931012
65,0,Rde0313ac9c,C0a59a1808d
65,0,Reaf8e1c7ff,C36f846fbb4
65,0,R289dcb8284,C24a63df883
65,0,R8bccc87668,C91eb797e43
65,0,Rb6497d303a,Cef8c39dc88
65,0,R1a9c2357de,Cc1d30c0e9d
65,0,R20b91afd06,C4da4f27663
65,0,Rae967f1cb2,C00d54d678f
65,0,R8c1a10cd34,C6286e002bc
65,0,Re3872bb89b,Cae9bd0758a
65,0,R8387c49c95,Cfa9947d4e8
65,0,R9dde896440,C3238b70ca1
65,0,R42a003128f,C19ca7c1c61
65,0,Reb28ef3add,Cfa37e349a8
65,0,R82f015d0df,Cc8f49d0497
65,0,R1ab9e8c8e3,C860b65b655
65,0,R0c31e73259,C3309a6ee90
65,0,R0deb59d80a,C34c9aacb5c
65,0,Rba5d717168,Cf8d9913ca7
65,0,R7431013e51,C39585d75ac
65,0,R3f741f0197,C53f584863f
65,0,Rb1808031eb,Ca98fee32d5
65,0,R953702e140,C023edead5d
65,0,Rc3f4307bb1,C1d750c66ca
65,0,R7dc9df6c68,C5d16f22e44
65,0,R8b257ef7a7,C1be8b59b3d
65,0,R71f7bc61aa,C16733260ac
65,0,Rf561ba2182,C01c5527309
65,0,R1ae7e08c3f,C3b9e3c5980
65,0,Rf48750f5b4,C25221d7ba2
65,0,R580602ffe3,C4acb8ab137
65,0,R288780c3da,C23725735a1
65,0,R02fc0cb1e6,Ce642df2f14
65,0,Rf447fad72f,C0421fbbbe4
65,0,Re37e512238,Cb9f63c0225
65,0,Rd49013ca30,Ca1d56d433b
65,0,Rf65f84bc5c,Cdfd894a893
65,0,R86a91e1860,C687bddbd0a
65,0,Rcc902a68b2,C9bd3aa06c6
65,0,Rdb38fa5e16,C4e2812d6a9
65,0,Rbe97774312,C6cc219a268
65,0,R4825bb2144,C5d2cb8f77a
65,0,R1ef3f585a6,C03623de15c
65,0,R72aaf88f24,C39d1881b06
65,0,R13849e3a3f,C024faa9b5e
65,0,R09d20fe0fb,C5a95cff736
65,0,Racf227c9c1,C160a774ac5
65,0,R9dc822d8d8,Cc15b3caf8d
65,0,R1b701948f1,C1f759df3b1
65,0,Re730e34aa8,C323b654f0a
65,0,R9f0c82e633,C67a1947256
65,0,R871cb6f080,C5088bbbf39
65,0,R74b2f18977,C32f1f91ceb
65,0,R9c854b0dc2,Ce5e9ea0fee
65,0,R35f529c61e,Ce70c995c0a
65,0,Rbc304953e5,C6fce29a72b
65,0,R0dbc198813,Ca742656796
65,0,Rfe71579a02,C09299da42a
65,0,Rb25fcc776b,C3e3fd59621
65,0,R73b91c0492,C5d64b6ecf2
65,0,Ra502d46cd3,C18b7979d2e
65,0,R5e7591bd12,C194ba40079
65,0,Re75e0bb2ee,C431aaf3d26
65,0,Rde697ac7e1,Cb87d06df8c
65,0,Rb7bfd88e06,C37ab334784
65,0,R11cc9dcbe6,Cb2b332736d
65,0,R56672fc8a4,Cfd68a1fd34
65,0,R2c0417c854,C13392996d4
65,0,R8a1a2e7483,C7853e0c416
65,0,Rf84cdc5865,Ca0f0fe1997
65,0,Rb9aeef6f31,C1d1077e2d6
65,0,R5dba306c1b,C5f6fe4fbcb
65,0,Rfdfb92f64b,Cbd65528a1a
65,0,R9f266e6c5c,Cc74890ebde
65,0,R110a77f160,C1c599227b8
65,0,Rb713dabc67,Ca83a9d7269
65,0,R99052e0983,C2475d2e4ff
65,0,R3a3d52fc6a,C772d254fda
65,0,R198e5ff7de,Cbd782045c2
65,0,R43d36b0590,C93fd18c450
65,0,Rbab67090b2,C1b398e6ba6
65,0,R8980f43c22,C23a1bcca7d
65,0,R1926566a58,Cb08b07580e
65,0,Rd63ff1b79f,C177ffc1032
65,0,R202033795a,C36f97263aa
65,0,Rb91bbdc354,C5e340a8046
65,0,Rafed4be59c,Ca849e9706a
65,0,Rac41625b8a,C35eba9ebd0
65,0,Reff3cde780,C55d6254574
65,0,R7c5002d8f1,C1d6bff3442
65,0,R2ad4235f54,C609abf5bd7
65,0,R3ae0f5c08f,C200f7ff35c
65,0,Rc78b0fd298,Ccc192ad874
65,0,R522730241c,Cc6d479f9cc
65,0,R58d21fafaa,C541b7ec30d
65,0,R8c2b25ba3d,C0723e83cf6
65,0,R32de8c2dba,C28789968f0
65,0,Rfe6b91192c,C2228cf5555
65,0,R7751e6a306,Ce1a119e965
65,0,R2dacf9a008,C09665e15d3
65,0,Rbdfc230ba0,C2b07c3f13c
65,0,Rcb33be3a0f,C418350801d
65,0,R518a342619,C22cab5648c
65,0,Rae9bde026d,Ce2736553ac
65,0,R690486da54,C2c50f05338
65,0,R5c04b123dd,Cefbd523c0b
65,0,R9febe82230,C9efca47036
65,0,R54a59b90be,C70bd4c0c49
65,0,Rf18ad6d60b,Ce2b48eca62
65,0,Rcf0e614c85,C6ab4c35013
65,0,R1d584c9bed,C26a60362e2
65,0,R27978ab537,C2ff88a4534
65,0,R5b920b1520,C6cd4361a0a
65,0,R380810eecb,C8695c81389
65,0,R4580760da3,C09a344332a
65,0,R051a04bcdd,Cebe1c1a2b7
65,0,Rc2286b46cc,C3e1331370e
65,0,R2061d2edf4,Cad47472fda
65,0,R0e7a976549,C3aba9461c9
65,0,Rd3281187dd,Cf38fb75dd3
65,0,R28419d682e,C08dec2de12
65,0,R896870096e,C3047238f93
65,0,Rc7492deb2e,C301703dd10
65,0,Reac081642e,C664b5beab3
65,0,R79348f06f8,Cc44d1f68bf
65,0,Rb7f0d2cba6,Caffd0f8960
65,0,R755d75fb3b,Cbd82ab4fd1
65,0,Rdd73281d0e,C839e048915
65,0,R8f8ba0bc74,C666aad0280
65,0,Rb30ed401b7,C5fe5616079
65,0,R4123a62532,C1da4d5e864
65,0,R6b1c1af053,Cdf557de328
65,0,R9ca134c311,C6a3b6e3c3f
65,0,R00ce787ebd,C2f922b58f4
65,0,Rca41376fe2,Cdabd6a2e24
65,0,R6b51fbe746,C85bb6f77a9
65,0,R81fd5b705a,C5753c70167
66,0,R9d905d158b,C325c48bc3d
66,0,Rbfd9e81ade,C8e105b2115
66,0,Rb4f6b5fb12,Cff6935eb77
66,0,Re8085841e6,Ce57c2f2341
66,0,Re28fe16c42,C7156da0a0a
66,0,Rac2bba908d,C4dc99ab100
66,0,R5412b72720,C3a0b7bc85a
66,0,Rce1069e496,C3e1d4e9797
66,0,Ra9f18483b8,Ccced35bd88
66,0,R6fb64f597d,Cb88ed57021
66,0,R13a09c6aa6,Cf495183fe5
66,0,R3c0866c8d9,Cc9f1ff6cee
66,0,R664f44b1ee,Cc3bed0923f
66,0,Rbb96b1c64a,Ce7b113359e
66,0,R6bf396420a,Cb0efdfb9a5
66,0,R00cb857c57,C2ae8234695
66,0,R386a45db2f,C59089f61ae
66,0,R055a98d3c3,Ce9bd7221f5
66,0,R37f6ba379c,Cea93ffe088
66,0,R045878eea9,C679376d8cf
66,0,R3701da4721,C0de7eaf643
66,0,R407d16f737,C521048fe0f
66,0,Rbcb1aa1faf,C1f1397aa27
66,0,R4fac3751b7,Cb404bc3473
66,0,Rbe66fab903,Cbf2276baa3
66,0,Rc2469b92d2,Ca2c63ad540
66,0,R984c17b8ee,C0f2e397a8a
66,0,R9a94f725fa,C680e265446
66,0,R4399e47f1d,C1fed50d004
66,0,Rca32c1fa47,Cdee2932985
66,0,R926a7c1c52,Cbed391085b
66,0,R9e5beb46b6,C5e65ce51cb
66,0,R969ecc7d8e,C8cdaad8109
66,0,Ra1611b0e86,C88ffe7e0fb
66,0,R24a04107ec,C446f987ebf
66,0,R3a6fdb5856,C09c15acc3c
66,0,R4eaee6d126,C6c4f6202dd
66,0,R23cf48d18b,Cf40e355ae3
66,0,R8a815a9432,C1d8e3feb75
66,0,Rc13f2b919b,C1e6f968f4f
66,0,Re67846777b,Ca655d3af49
66,0,R8d151c94ac,C961d8d8792
66,0,Rc4e5b8446d,Cf2e957315c
66,0,R92fae8b4d8,C6dacb96f9b
66,0,Rb726d40a9f,Ccbce0141dc
66,0,R4b99520fdb,C9df34ab686
66,0,Rde2db29c30,Ca2f265a33c
66,0,Rae817d93da,C5723eebee2
66,0,R3859797a17,C165b7945bf
66,0,R3b6af61ca3,C2fecb46319
66,0,R77cf9f359f,C46ae3024d2
66,0,Rb92d615f3d,C3f208bde90
66,0,Re3b2b4cdad,C56b892e52e
66,0,R6b4ab5baa2,C8dda43da47
66,0,R4ea36eeb40,C538dbb4234
66,0,Reff842576a,Ccc34c0f5be
66,0,Re0910efca9,C9310ecfdae
66,0,R325dc1ae16,Cbc6b6ba19e
66,0,Rf447fad72f,C0421fbbbe4
66,0,Rb09d4a5e25,C8a931bf2f0
66,0,Re3872bb89b,Cae9bd0758a
66,0,Rd70a2d6575,C32a0d193c0
66,0,R7d15dbc488,C8f39844ae6
66,0,Rab428355ac,Ce77531bb3f
66,0,Rf8efc81634,C99af0e63ca
66,0,Rfcdd089c1c,C1c6376cf8d
66,0,R6c40091886,Cdbaf6dea23
66,0,Rc7b92d7e03,C4e7ad37b9f
66,0,R642a09c515,Cab1ca3c095
66,0,R9dde896440,C3238b70ca1
66,0,R52f131404f,C3a1849e891
66,0,R36fa86cde3,C1fc1e9acad
66,0,Rb10ec6f5ad,C9a9c9a12cb
66,0,Rc6940065ee,C112c46cef0
66,0,Rdeaf3fe277,Cb5a198d879
66,0,Rbb416f6454,C074f25697d
66,0,Raca5a95e48,C6d9c8b3b76
66,0,Rbbb0540a71,C24f30e9618
66,0,R9dc822d8d8,Cc15b3caf8d
66,0,R95cbc2e2a7,Cbb913c0101
66,0,R49fc135c63,Ccd39621591
66,0,R8f8ba0bc74,C666aad0280
66,0,R42071cf341,C8fc6ca046c
66,0,R2ce18acede,Ca1cd35d4c1
66,0,Rd3281187dd,Cf38fb75dd3
66,0,R86fa189be1,Ca5829fa651
66,0,Rfb250e526d,Cbabe89a1b0
66,0,Rb7f0d2cba6,Caffd0f8960
66,0,R770b0c6969,Ccc137c99aa
66,0,R8b971688c6,C381f60c257
66,0,R6b9f64f9ab,C5219f42183
66,0,R7fcbc398b2,C3d78131855
66,0,R104dbcf2e1,C767d6ece78
66,0,R86d2922598,Cb3c456f1b1
66,0,R8f768f4c6e,C90a06b906b
66,0,R0ae952774c,C783a990f14
66,0,R8c95f5a543,C91c25f7d86
66,0,R95b85b59a8,C2d83f7f6e7
66,0,R8bcba3e5ad,Cb244700a5d
66,0,R896870096e,C3047238f93
66,0,Rf8e8b07b6a,C93d8b55cd5
66,0,R4123a62532,C1da4d5e864
66,0,R006b6e239b,Ccf3085aa03
66,0,Rbd79395d3f,C385d4b0a30
66,0,Rebeaad8e27,Ccf51bd4ca0
66,0,R9167e8b933,C6e2e43d435
66,0,R8b641878c7,Ce710899c5b
66,0,Rc3f4307bb1,C1d750c66ca
66,0,Rba5d717168,Cf8d9913ca7
66,0,R8ed59903f7,C9d9a084191
66,0,Rb6497d303a,Cef8c39dc88
66,0,Rcdb969aabd,C5602847b68
66,0,R64410982f3,C934907258b
66,0,R0962ddec23,C7a2c689179
66,0,Rc78b0fd298,Ccc192ad874
66,0,R876501df9c,Cf19faf8fbe
66,0,R58113ea58c,Cfd74945fa8
66,0,Rf48750f5b4,C25221d7ba2
66,0,R13849e3a3f,C024faa9b5e
66,0,Rd7d05cc28a,C7e403c2177
66,0,Rdb2841e460,C5f631c78c6
66,0,R7431013e51,C39585d75ac
66,0,R953702e140,C023edead5d
66,0,R86a91e1860,C687bddbd0a
66,0,Ra19e96dda2,C67b09cb22a
66,0,R774d348915,C49be8ebc11
66,0,R74b2f18977,C32f1f91ceb
66,0,Rd6475e78be,C03a743993d
66,0,Rb30ed401b7,C5fe5616079
66,0,R4999a85528,C48e858e8e7
66,0,R314cadb9d3,C1a64a8318e
66,0,R8b257ef7a7,C1be8b59b3d
66,0,R580602ffe3,C4acb8ab137
66,0,R44c24b4cda,C8520230d61
66,0,R314c742854,Cf09b5b47bb
66,0,Rd3f4ea849c,C82bc43121f
66,0,R71f7bc61aa,C16733260ac
66,0,Rca41376fe2,Cdabd6a2e24
66,0,R29a52a804a,Cc0704edf1a
66,0,Re89ba40601,C7c934f7ae4
66,0,Ra74dc8c886,C41c4074171
66,0,Rc7492deb2e,C301703dd10
66,0,R42a003128f,C19ca7c1c61
66,0,R4825bb2144,C5d2cb8f77a
66,0,R471b4f3d8e,C59233f6594
66,0,R1ef3f585a6,C03623de15c
66,0,R3ff8fe2a75,Cee86d75d99
66,0,R11b14eb040,Cf230a1c4e1
66,0,R34ae05478c,C9d8d1e8921
66,0,Re730e34aa8,C323b654f0a
66,0,R82884e67e1,C4a22ea4974
66,0,R319a71fa8a,C74f7733856
66,0,R5d43be1039,C7c5549fe7e
66,0,R43d36b0590,C93fd18c450
66,0,R6b51fbe746,C85bb6f77a9
66,0,Rde697ac7e1,Cb87d06df8c
66,0,R5dba306c1b,C5f6fe4fbcb
66,0,R72aaf88f24,C39d1881b06
66,0,R871cb6f080,C5088bbbf39
66,0,Racf227c9c1,C160a774ac5
66,0,Rb25fcc776b,C3e3fd59621
66,0,Rb713dabc67,Ca83a9d7269
66,0,Ra502d46cd3,C18b7979d2e
66,0,Rb7bfd88e06,C37ab334784
66,0,R7838a22da3,C7df3c3bd99
66,0,R1c4c4871dc,C71a2e53e4f
66,0,Re75e0bb2ee,C431aaf3d26
66,0,Rbc304953e5,C6fce29a72b
66,0,Rf84cdc5865,Ca0f0fe1997
66,0,R11cc9dcbe6,Cb2b332736d
66,0,R5e7591bd12,C194ba40079
66,0,R2c0417c854,C13392996d4
66,0,R7c5002d8f1,C1d6bff3442
66,0,R8a1a2e7483,C7853e0c416
66,0,Rf53a355a96,Cc69277f646
66,0,R110a77f160,C1c599227b8
66,0,Rc513cac6d8,C93e37ed722
66,0,Reff3cde780,C55d6254574
66,0,R99052e0983,C2475d2e4ff
66,0,Rafed4be59c,Ca849e9706a
66,0,R3a3d52fc6a,C772d254fda
66,0,R198e5ff7de,Cbd782045c2
66,0,Reb6b4b82f5,Cfc8b333ed2
66,0,Rb91bbdc354,C5e340a8046
66,0,R35f529c61e,Ce70c995c0a
66,0,R1926566a58,Cb08b07580e
66,0,R202033795a,C36f97263aa
66,0,R5c04b123dd,Cefbd523c0b
66,0,R2ad4235f54,C609abf5bd7
66,0,R81fd5b705a,C5753c70167
66,0,R8980f43c22,C23a1bcca7d
66,0,Ra60c303d82,C3446e1aa48
66,0,R7751e6a306,Ce1a119e965
66,0,R54a59b90be,C70bd4c0c49
66,0,R2dacf9a008,C09665e15d3
66,0,R9febe82230,C9efca47036
66,0,Rbab67090b2,C1b398e6ba6
66,0,R5b920b1520,C6cd4361a0a
66,0,R690486da54,C2c50f05338
66,0,R522730241c,Cc6d479f9cc
66,0,Rcf0e614c85,C6ab4c35013
66,0,Rbdfc230ba0,C2b07c3f13c
66,0,R380810eecb,C8695c81389
66,0,R3ae0f5c08f,C200f7ff35c
66,0,R051a04bcdd,Cebe1c1a2b7
66,0,R18d168aa96,Ca892e9429b
66,0,Rd56073fca0,C3f550e8d66
66,0,R78f611c1de,C498f08f187
66,0,R6e2d4ab66f,C91f0972090
66,0,R94210ccbb1,C2c25abbbd7
66,0,R2dc7c2c4f6,C8ee60f4be8
66,0,Rb1d117bc74,C940c94715e
66,0,Rd22dad8ad0,C3b9993b407
66,0,Rdc8ffad489,Cbde6dd9179
66,0,R49b1d2ee75,Ca892e9429b
66,0,R0e975e766c,C72ba7c03dd
66,0,Rf37e68603e,C3f550e8d66
66,0,Rf006617d4d,C2fe8209e57
66,0,R221b88b00c,C1607c1cfca
66,0,R842843d1f3,Cf587fbc46b
66,0,R6cb4bc9741,C9b3f4edaff
66,0,Rc13e1df55b,Cec4d5b4c7b
66,0,Radece755fe,C4a106d7a75
66,0,Rfb8a82155a,C440df99319
66,0,R1a03b3459a,Ca59a0acc3e
66,0,Ra1d88ad464,C1caeb3f07e
66,0,R7ed9d25ec0,C648513ef2e
66,0,Rd0a51e8b72,C7881727a6a
66,0,R42e7d1a243,C55bf4077c5
66,0,R2261a98959,Cd5b8eb298b
66,0,R7eaeb0a9b8,C88e97dd781
66,0,R75a6912332,Cb0731cdad7
66,0,R6dfb165560,C9e301b86a1
66,0,Rbcce1d5df4,Cfed9a9f47e
66,0,R9bd9a1ecdd,C2433bda032
66,0,R543411ef8b,C5605ee3005
66,0,Rc12b7e839a,Cd8443d4d20
66,0,R7d26d4569b,C25726e798d
66,0,Rf2ce7c0090,C2be04b6b91
66,0,R616b2807a6,C42e341fc3a
66,0,Rf7704c727f,C3d37bf0187
66,0,R087ad5321a,C0b6ea7bcfd
66,0,R26cf93846a,C3fed419add
66,0,R1dd861495b,Ce5d098becf
66,0,Rdb1219a196,C76317da685
66,0,Rd0297d4044,Cb96b49939a
66,0,R6140279b34,Ca9127757a8
66,0,R27a7729302,C4c4fbcdd66
66,0,R0d33bb780f,Ca44a48a1a7
66,0,R6f1af6ee20,Cf2704af632
66,0,R2e5bf4cdac,Cb21d1165b9
66,0,R67e8b039c6,C7bc80218ef
66,0,R8d9fdfd8c4,C212f8429cd
66,0,Rf641384098,C6a8f5a6502
66,0,Rd9d39d9c0d,Cf51ff7b5f5
66,0,Rb89defcc11,C77a184ae54
66,0,R97b48446f3,Caab1f82e01
66,0,Rc19f17c92b,C16fc7eaffa
66,0,R05d1d02cc7,C037f3c3970
66,0,Rc25bb6b28a,C2b28ec2607
66,0,R73f6341487,Cb546b524de
66,0,Rc01d4fc39f,Cce2301c034
66,0,R5bcb77de81,C09438ab2ce
66,0,Re8abc3b2e4,C860b057f0f
66,0,R82c6f16cd9,Cf855a654a0
66,0,R50dcee35e4,Cac23a8c9b7
66,0,Re03ee22249,C347ae3401d
66,0,R2e36d15be6,C8b19c28e70
66,0,R58936d6e3f,Ce837158e37
66,0,R9685110622,C58daf8263d
66,0,Rbad4db0101,Cf53f6538a6
66,0,Rd2596d7942,C952cca58ba
66,0,R2f6d14f126,Cff9e1c15ea
66,0,R41676b8a34,Cb998bf3f99
66,0,Ra5dd8d1448,Ceabf33baaf
66,0,Reb53c664da,C053c92917a
66,0,Ra147e4b3d1,C7fd73abbb1
66,0,R7fb4114c6e,C1c60cbabef
66,0,R1f1e8b20dc,Caab249ae65
66,0,Rbf7e6dd90c,Ce7c2aa61ac
66,0,Rea94649026,C4490daa538
66,0,R82feb57f61,C32ccada9b3
66,0,Rf7c5b546b8,C3c70b8ddb4
66,0,R3fff07a8d0,Cfdaef28096
66,0,R14d7b208a4,C131b7bdbb2
66,0,R8ec4704964,C33f616e002
66,0,R2ca0cb9ee1,Cfa3a245868
66,0,Rbf7f89313d,C41074387c8
66,0,R70d093a9da,C60edb7c055
66,0,R792969d679,C8f32c28ebd
66,0,R93f9d8922a,C5b3081e662
66,0,R6f1d6aac0f,Cae0a9bd667
66,0,R5725b8dc42,Cb783352c62
66,0,R0c1decb067,C73cb83bc32
66,0,Reb28ef3add,Cfa37e349a8
66,0,R26ca98a262,C803c179b5f
66,0,R3c4be5e3a0,C6ff7768ff4
66,0,R1749ff43fe,Ce63a350754
66,0,R529443dee0,C648135d78d
66,0,R82f015d0df,Cc8f49d0497
66,0,R3b6c394637,C5ae1ef1dc6
66,0,Re631daa591,C3aec08bd1c
66,0,R02fc0cb1e6,Ce642df2f14
66,0,R418efcdc75,C3fd31dd35c
66,0,R8a61d0c868,C4775cb3a25
66,0,Ra3332e425c,C7d2bd999b4
66,0,R3cd5108ea0,Cb1f87679bd
66,0,Rb252b720d5,Ce2316be57d
66,0,R8c68b973c2,C72a2efbc6a
66,0,Rd04e566279,C568d9a6f9a
66,0,R07fe08cbf9,C86249482a9
66,0,Rbed2cf6b15,C295197f577
66,0,R706a1424ea,Cfd0f555827
66,0,Re9a06e6321,C342b34a5ec
66,0,R5303aac2af,Cb8bdd66a39
66,0,Re4fe312d2e,C615c764a70
66,0,R57bdbeade7,Cd1f2146557
66,0,R75a81a6d30,Cbce9c91f36
66,0,R97fed2474f,Caca2b176f7
66,0,R6a68e34799,Cf90a31e53d
66,0,R47a91f275c,Cc95047b7c7
66,0,Rad3ec0ad8a,C163929bbf4
66,0,Rb9876a14d2,C98744a64f6
66,0,Rf0083b7b8d,C5c13b6b4e3
66,0,Rd82aeca543,Ca8c5f584d5
66,0,Rd58f8ffbd9,Ce80fc8c0c5
66,0,Racef8def32,C4f39bd086d
66,0,R37d999ebe6,C51157c9355
66,0,Rc58191c60f,Cb89c74c1f7
66,0,R9f543b5585,Cf0716d8ab6
66,0,R00d982f975,C164146cb55
66,0,R9b178e18e7,C98b2ac0d35
66,0,Rcf062f6ad7,Ce6e70c6328
66,0,R5a08243487,C38a6cc947c
66,0,R27abe58351,Cceb842e3d5
66,0,R466cf9cabe,Cc7dc7a632b
66,0,R264d76027a,C8934006333
66,0,R92bc7a8b38,C9b5bc0faeb
66,0,R3dbf2ef484,C85e5e62ecb
66,0,R971720fa87,C60682671c3
66,0,R1d16eff93e,C280ae37ea5
66,0,R4406f5efda,Cd1f901420d
66,0,Rb4aa25902a,C6198c5c7ec
66,0,R2c1ebbff1a,C4b01cfd481
66,0,R859231020a,C39dded5ebc
66,0,R0abb8cf4ee,Cc60d5401cb
66,0,R084528a63d,Cadcd471d04
66,0,R6b11a2df1e,C1452750ea2
66,0,R149fda8660,C46c0fba03c
66,0,R897582facf,C724a2fd9c9
66,0,R6b1c1af053,Cdf557de328
66,0,Rf72b75f60e,Cb1dfaaa8a8
66,0,R4b376c46da,C823f492e12
66,0,R4f6970480b,Cb6083a0ece
66,0,Rc1f0c90638,Cdf15d9dd10
66,0,R884d2c7b81,C6dc3b4bd87
66,0,R6928dfcfd5,C2110071d55
66,0,R70f021aa1d,C86d5316493
66,0,R9dbcac2ba3,Cc91d88ee64
66,0,R27461b47c7,C2cb2d6d289
66,0,R9ca134c311,C6a3b6e3c3f
66,0,R7869e1162c,C80ad684d7f
66,0,Rf786ca9e84,C686e2c5de6
66,0,R1d3d0ee277,C51e070a742
66,0,R0c31e73259,C3309a6ee90
66,0,R26d3b6cc62,Ccfd5ef4607
66,0,Re46abeaa4f,C8f20ed8205
66,0,Re90e7beb78,Cc3ba6230b9
66,0,Rf06f657636,C6f60d169a1
66,0,R7468b362d3,Cea7d8c752d
66,0,R5bb0d9c8eb,C9f4374cf14
66,0,Rd88fca55f6,Cbe05b45335
66,0,Rf0e2aba6dc,C642f300149
66,0,Re1ebac95aa,C2f35909c29
66,0,R74c3b23e7d,C35b5666412
66,0,Rd3e04936ea,C8420aabc74
66,0,R92951fcae4,Cf6d0cde1c5
66,0,R1b701948f1,C1f759df3b1
66,0,R7b908c1890,C5ed5c1f604
66,0,Rbb7061556a,C317794b5e6
66,0,R4a6b95c29b,C23c7808290
66,0,R1702aa5590,Cf5781f8634
66,0,R45776d979a,Ce39c13852e
66,0,Rf01deb024b,C5502d19028
66,0,R79c14ea0c1,C2f50d53955
66,0,R1e0377f1a5,Cad3828f026
66,0,R58d21fafaa,C541b7ec30d
66,0,Rc993dcfc3f,C75af068667
66,0,R73b91c0492,C5d64b6ecf2
66,0,R9f266e6c5c,Cc74890ebde
66,0,Rfe71579a02,C09299da42a
66,0,Rac6d371af1,C4fbef218f8
66,0,Rd7f43ce65c,C5a628549f6
66,0,R1a4ba35ab0,C638090acb7
66,0,R0538db065e,C18c511b6df
66,0,Rb647a2a071,Cf951b27c6a
66,0,R0dbc198813,Ca742656796
66,0,R7faa5c0d34,C5e4c5818ee
66,0,R650d5f26cf,C4d7c6c0185
66,0,Rc1267ba2fe,Cf1dba2aac9
66,0,Rcb33be3a0f,C418350801d
66,0,R197aad70f4,Caea24872d7
66,0,R9aa60196b5,C32999d6e6b
66,0,R01cb8aaa99,C9693bf5982
66,0,Rfb94a37b9a,Ccdb55c94dc
66,0,Ra21a595938,C83937765e9
66,0,R2edabac9c7,C9be8f97151
66,0,R44d4152ae7,Cc872342783
66,0,Rae72adf855,C9b34d5ee31
66,0,R3dad026edb,Cfca8990621
66,0,Rce3687abc2,Cf0604ba716
66,0,Rfdfb92f64b,Cbd65528a1a
66,0,Re23e1a8188,C9f04daad56
66,0,R820084f80d,C113d91c622
66,0,R13bc15df2f,C93b0d0f49c
66,0,Rbd65188bc9,C5c89be3367
66,0,R518a342619,C22cab5648c
66,0,Re1d02ac036,C5aa1f0e8b3
66,0,Rae9bde026d,Ce2736553ac
66,0,Re0d0833c61,Ca45f43d532
66,0,R32de8c2dba,C28789968f0
66,0,R43f00d8c0e,C75a9b09836
66,0,Ref674f28f8,Cff05ce9a88
66,0,R2265774611,C8b5f2deccd
66,0,R4cd034974f,C5b42166517
66,0,Raf5e88456a,C736bc83dfa
66,0,R8c2b25ba3d,C0723e83cf6
66,0,Re29b28ec13,Cdd13a0c25a
66,0,Rb7a3928e3a,Cd48aff260c
66,0,Rf75f5f6ac4,Cffcd3d450b
66,0,R0cb12b107f,Ce6101561eb
66,0,Rf497a0eb9a,Cc99677a862
66,0,Rb89e1c8599,C1064ed7cf6
66,0,Rf18ad6d60b,Ce2b48eca62
66,0,Rc6aa02f26a,C3b52b243c1
66,0,R26a2168ccb,Caea5ad2724
66,0,R33c8951b9e,C9f9c394003
66,0,Rd53729e31e,C74704e57c5
66,0,Rd1328caa8e,Cdda946c120
66,0,R56672fc8a4,Cfd68a1fd34
66,0,Raed2e77f66,C294b306e97
66,0,Rf531ec4351,C5b80985731
66,0,R8906930090,C8ca398d796
66,0,R1d584c9bed,C26a60362e2
66,0,R961c439dfe,C15a7126d97
66,0,Rc2ac9c1d07,C417119b021
66,0,R3eb8bfb4cf,C7164e6ec07
66,0,R47b423aed8,C5847c1f02c
66,0,Ra28f92ca6b,C7dd8444167
66,0,Rf216d191c0,C194b1237dd
66,0,R080863c4c4,Cc3f8125e90
66,0,R3d8572cd5a,Ceaa8d725e8
66,0,R59419af843,C6a0508cebd
66,0,R5906a9080d,Cc80f9ad7c6
66,0,R64924513e2,C1f82513288
66,0,Ree66962a42,C11204daeb1
66,0,Rde1951f404,Cc506eea393
66,0,R217df2c21b,C3b7c5dccde
66,0,R3367cb8aca,Ca8562eda62
66,0,Rf69825c59f,C06bb53caca
66,0,Rb03a2b1957,C234e577444
66,0,Rac311aa333,Ced7e3ed2a2
66,0,Rb3fb4fb0fe,C494af7c423
66,0,R91d67e113a,C854e452bff
66,0,Rdfddf06c08,Cb12bc8a48b
66,0,Rfde2c74990,Cda00df7b4a
66,0,R11f777525b,C7b81eac09c
66,0,Rf9bc963335,C102ce24359
67,0,R0b42d0385e,Cc84783476f
67,0,Re8abc3b2e4,C860b057f0f
67,0,Rfb8a82155a,C440df99319
67,0,R8b257ef7a7,C1be8b59b3d
67,0,Radece755fe,C4a106d7a75
67,0,R842843d1f3,Cf587fbc46b
67,0,R24ca9cc61b,Ca05292bfea
67,0,R75a6912332,Cb0731cdad7
67,0,R5cb586bee7,C2e52420640
67,0,R757f818997,C080fbbb810
67,0,R1f605f4275,Cb61f16a3ab
67,0,R67e8b039c6,C7bc80218ef
67,0,R9d68fe8f12,Cfe85f11c6d
67,0,R33756b542d,C345de33450
67,0,R65833e529c,Cc3d35b9e9c
67,0,Rc2469b92d2,Ca2c63ad540
67,0,Rfb250e526d,Cbabe89a1b0
67,0,R2dc7c2c4f6,C8ee60f4be8
67,0,Rcd783f2407,C922d592210
67,0,R26e23bd104,Ccc2bc8cebc
67,0,Rad19efbc3f,C4e854a4376
67,0,Ra4671823b2,C2f68a6f2c6
67,0,Re969f606be,Cbf04be870e
67,0,Rc36e2479e5,Cbc6c7df4d7
67,0,R58936d6e3f,Ce837158e37
67,0,Rc94b215ad2,C37abafaebc
67,0,R29a05ff55e,C6cdea4b96d
67,0,R4a1e5632f6,Ca9b392118f
67,0,R4399e47f1d,C1fed50d004
67,0,R74a91dac45,C996165b810
67,0,R81609672fa,C3dc8a21883
67,0,Ra8ff2da7c2,Cbe107019b3
67,0,Rb4f6b5fb12,Cff6935eb77
67,0,Ra28f92ca6b,C7dd8444167
67,0,Rde70e400a8,Cf765c04d59
67,0,R5e04591210,C47fbd3985c
67,0,R9685110622,C58daf8263d
67,0,Rab428355ac,Ce77531bb3f
67,0,Rf58f283684,C94abead976
67,0,R9c1fd8b7ce,C94924f15a8
67,0,R37f6ba379c,Cea93ffe088
67,0,Re8085841e6,Ce57c2f2341
67,0,R75f30ee8c5,C643b1a43f0
67,0,Rc19f17c92b,C16fc7eaffa
67,0,R7fecad935a,Cd60506be5b
67,0,R49b1d2ee75,Ca892e9429b
67,0,R72d49b39c4,Cd73c27a1b8
67,0,R1dd861495b,Ce5d098becf
67,0,R0848357098,C1b53b711b5
67,0,R3cca755e4a,C81cc4bdc22
67,0,R418efcdc75,C3fd31dd35c
67,0,R74b3810145,Cc786b31426
67,0,Rc319e9a5c8,Ccd7b97c34d
67,0,R27abe58351,Cceb842e3d5
67,0,Rb1808031eb,Ca98fee32d5
67,0,R13a09c6aa6,Cf495183fe5
67,0,Rb89defcc11,C77a184ae54
67,0,Re0a6618b40,C52a6f7800a
67,0,Rce1069e496,C3e1d4e9797
67,0,R73f6341487,Cb546b524de
67,0,R23cf48d18b,Cf40e355ae3
67,0,R0cd9f2fbbd,Ca3f20539e2
67,0,R7fde01a2f0,Cfc75fb3135
67,0,R851cb07161,C50ae98c85d
67,0,R01c991f0e6,Cd8e11147ed
67,0,R14d7b208a4,C131b7bdbb2
67,0,Rc662f757bc,Ca9305768bb
67,0,R7e085912d8,C2eed0e152d
67,0,Rb7bab838ba,Cfd604b0729
67,0,Rf415bc0c1f,C17540259b4
67,0,R087ad5321a,C0b6ea7bcfd
67,0,Rfdb798b794,C87d92a9896
67,0,R14ca3a32a3,Cc0781ae052
67,0,R0f685de70b,C3dd9e95e63
67,0,R0e41ef0f66,Cfc508c9c2e
67,0,Rbad4db0101,Cf53f6538a6
67,0,R2e5bf4cdac,Cb21d1165b9
67,0,Red5ae93f5a,Cd2703c6f98
67,0,R4af62a87b8,C6618f79195
67,0,Rdeaf44bfd9,C0947356348
67,0,Re3b2b4cdad,C56b892e52e
67,0,Rdc8ffad489,Cbde6dd9179
67,0,Rd45adce802,C3fb8fcd4d1
67,0,R24f4b20d63,Caa162d0090
67,0,R149fda8660,C46c0fba03c
67,0,Rb92d615f3d,C3f208bde90
67,0,R52a4fe8b25,C98a4e685a6
67,0,R58113ea58c,Cfd74945fa8
67,0,R8c0aaf03f3,C80bd6dd56b
67,0,R5936ae7da1,Cc813622ff4
67,0,R1270090370,C451d40a792
67,0,R309849d9e3,C141b100557
67,0,R93f9d8922a,C5b3081e662
67,0,R6410b3cea7,C796dc9623e
67,0,Rdc102b2ab0,C9a0e7e163d
67,0,Rd58f8ffbd9,Ce80fc8c0c5
67,0,R3cfd8deff9,Ca0741665bf
67,0,Re67846777b,Ca655d3af49
67,0,R18d304dee3,C3604043b5f
67,0,R5277914661,C82c36cae5e
67,0,Re90e7beb78,Cc3ba6230b9
67,0,Raf01301c1c,C9d81535302
67,0,R897582facf,C724a2fd9c9
67,0,Re18df9698f,C1c8a9e3016
67,0,Racef8def32,C4f39bd086d
67,0,R925e375c72,C3da0a102e0
67,0,Raf2787eb38,Ce5584a2f7d
67,0,R2f6d14f126,Cff9e1c15ea
67,0,R64924513e2,C1f82513288
67,0,Rd04e566279,C568d9a6f9a
67,0,Rdca51334ad,C59a877e177
67,0,R82f015d0df,Cc8f49d0497
67,0,R92fae8b4d8,C6dacb96f9b
67,0,R616b2807a6,C42e341fc3a
67,0,R3b6c394637,C5ae1ef1dc6
67,0,Rd3f4ea849c,C82bc43121f
67,0,R5725b8dc42,Cb783352c62
67,0,Rbff1cb3503,Caed830990c
67,0,R8d9fdfd8c4,C212f8429cd
67,0,Rdeaf3fe277,Cb5a198d879
67,0,Rd461caae1e,C59b55e4e8e
67,0,R97fed2474f,Caca2b176f7
67,0,R59419af843,C6a0508cebd
67,0,Rad3ec0ad8a,C163929bbf4
67,0,Rcfd95aa234,C40dbed886d
67,0,R8af60ea6c3,Cf5a2986238
67,0,R3859797a17,C165b7945bf
67,0,R0c1decb067,C73cb83bc32
67,0,R0d33bb780f,Ca44a48a1a7
67,0,R4f6970480b,Cb6083a0ece
67,0,Ree642bf54f,C2b364eedba
67,0,Rf0d8cb1b18,Ce545a866a9
67,0,R89a0622261,C4234ced6ff
67,0,R26ca98a262,C803c179b5f
67,0,R79683fd429,Cdfbb57936b
67,0,Rfd64f62036,Cccd2888c9b
67,0,Rcc6b302f58,C708d808b61
67,0,Rdfb8dda500,C4f14fe02a6
67,0,R876501df9c,Cf19faf8fbe
67,0,R6a68e34799,Cf90a31e53d
67,0,R23669f90b9,C28ea4c0630
67,0,R9167e8b933,C6e2e43d435
67,0,R5a08243487,C38a6cc947c
67,0,Rfe07f416e6,Ceae644960e
67,0,Rb9876a14d2,C98744a64f6
67,0,R971720fa87,C60682671c3
67,0,Rb4aa25902a,C6198c5c7ec
67,0,R3d8572cd5a,Ceaa8d725e8
67,0,Ra6c2320db3,Cca368e8a7d
67,0,Rca5ed6b679,C433ea0fd67
67,0,R264d76027a,C8934006333
67,0,Rd01c1989a2,C3349434c36
67,0,R450582df83,C393cdd412f
67,0,Rcf062f6ad7,Ce6e70c6328
67,0,R47b423aed8,C5847c1f02c
67,0,R3ced5861d7,Cb72dbb85da
67,0,R49fc135c63,Ccd39621591
67,0,R8b641878c7,Ce710899c5b
67,0,R1d1c260491,C32f5da2cc7
67,0,Rebeaad8e27,Ccf51bd4ca0
67,0,Rb0080b4ca9,C50934981ba
67,0,R25bd28c10b,Cafbfbaa8c5
67,0,R859231020a,C39dded5ebc
67,0,R006b6e239b,Ccf3085aa03
67,0,R0f22df25d2,C880b0f38ec
67,0,R9ce48aefc5,C6d23ed89ab
67,0,R1ff3cbd264,Cf0ce0d62c7
67,0,Rc993dcfc3f,C75af068667
67,0,R8b971688c6,C381f60c257
67,0,R6b11a2df1e,C1452750ea2
67,0,Rd706b5fcc6,C8ce05e49f5
67,0,Rf28c54be16,Cc13fffbba5
67,0,R18e4924f1d,C1d4e3e3cb8
67,0,R7536d7d2bb,Cd4c6d1a7c7
67,0,Rb7cfedeff7,Cec8bd19e57
67,0,R4123a62532,C1da4d5e864
67,0,R68acb531c1,Cd983dab88e
67,0,Raff1368d5b,C62d0df4bdb
67,0,R79b00e64b9,C2cb8a9b0a6
67,0,R9b178e18e7,C98b2ac0d35
67,0,R0c31e73259,C3309a6ee90
67,0,R2c1ebbff1a,C4b01cfd481
67,0,R5e9e900eee,C6aa67295f0
67,0,Ra3332e425c,C7d2bd999b4
67,0,R387ebc334f,C29231dee0e
67,0,Rd9e2fddc79,Ce6f65ef8ef
67,0,R262da439bf,C9af30fb964
67,0,Rd547fd2893,C4c80918da4
67,0,R9509abdb63,Cf4f128dc0b
67,0,Raddf29b1b4,C809183424e
67,0,R92951fcae4,Cf6d0cde1c5
67,0,R00cb857c57,C2ae8234695
67,0,R374b48fe1a,Cae8e56d167
67,0,R4406f5efda,Cd1f901420d
67,0,R8289f81f2e,Cc8f69d24da
67,0,R0df7424664,Cf8e2d0363a
67,0,R20b91afd06,C4da4f27663
67,0,Ra7d30c3097,Cfcd16d9c0b
67,0,R7dc9df6c68,C5d16f22e44
67,0,R9a64e5bf71,Cd668f87224
67,0,R2de80221b2,C8cbf151c42
67,0,R8bccc87668,C91eb797e43
67,0,R5ea337f39e,C503c1d86d2
67,0,R8f8ba0bc74,C666aad0280
67,0,Rbb416f6454,C074f25697d
67,0,R5c0b14ffb7,Cafa3fff659
67,0,R39e4627c1a,C50d77da413
67,0,Re46abeaa4f,C8f20ed8205
67,0,R0ec26fe759,C972a41126b
67,0,Ra05a0e5a8c,C6bf37e9cbf
67,0,R4ed12a9020,Cad47ffd070
67,0,R35f529c61e,Ce70c995c0a
67,0,R1ef3f585a6,C03623de15c
67,0,R95c88e4c08,C04c4e557ad
67,0,R71f7bc61aa,C16733260ac
67,0,Rdedfa9eb94,C787e7a539d
67,0,R2ce18acede,Ca1cd35d4c1
67,0,Rf4a17fbac8,Cacaabf1fb9
67,0,R4fac3751b7,Cb404bc3473
67,0,Raca5a95e48,C6d9c8b3b76
67,0,R9d6ee464b8,Cca3976fe34
67,0,R6b51fbe746,C85bb6f77a9
67,0,Rb67534f1e4,Ce224b76574
67,0,Re631daa591,C3aec08bd1c
67,0,Ra502d46cd3,C18b7979d2e
67,0,R79c14ea0c1,C2f50d53955
67,0,Rde697ac7e1,Cb87d06df8c
67,0,Rd7f43ce65c,C5a628549f6
67,0,R44d4152ae7,Cc872342783
67,0,R9dc822d8d8,Cc15b3caf8d
67,0,R432d90577f,C0db4e57f7e
67,0,R0538db065e,C18c511b6df
67,0,R01cb8aaa99,C9693bf5982
67,0,R13849e3a3f,C024faa9b5e
67,0,Racf227c9c1,C160a774ac5
67,0,Re6d06f27f3,Ccab912be35
67,0,Rb7bfd88e06,C37ab334784
67,0,R7faa5c0d34,C5e4c5818ee
67,0,Rac311aa333,Ced7e3ed2a2
67,0,R99052e0983,C2475d2e4ff
67,0,Re0910efca9,C9310ecfdae
67,0,R74b2f18977,C32f1f91ceb
67,0,R13c10435bd,C1d5d4d0804
67,0,R2265774611,C8b5f2deccd
67,0,R197aad70f4,Caea24872d7
67,0,R11cc9dcbe6,Cb2b332736d
67,0,Re75e0bb2ee,C431aaf3d26
67,0,Rf84cdc5865,Ca0f0fe1997
67,0,Rbc304953e5,C6fce29a72b
67,0,Rb713dabc67,Ca83a9d7269
67,0,R1702aa5590,Cf5781f8634
67,0,Rc1267ba2fe,Cf1dba2aac9
67,0,R8a1a2e7483,C7853e0c416
67,0,R110a77f160,C1c599227b8
67,0,Rc513cac6d8,C93e37ed722
67,0,R202033795a,C36f97263aa
67,0,R43d36b0590,C93fd18c450
67,0,R5e7591bd12,C194ba40079
67,0,R73b91c0492,C5d64b6ecf2
67,0,R198e5ff7de,Cbd782045c2
67,0,Rb3fb4fb0fe,C494af7c423
67,0,R3dad026edb,Cfca8990621
67,0,R3a3d52fc6a,C772d254fda
67,0,R871cb6f080,C5088bbbf39
67,0,R831813be78,C958b35a690
67,0,Rb91bbdc354,C5e340a8046
67,0,Rfb94a37b9a,Ccdb55c94dc
67,0,R1926566a58,Cb08b07580e
67,0,R7eaeb0a9b8,C88e97dd781
67,0,R5dba306c1b,C5f6fe4fbcb
67,0,R2ad4235f54,C609abf5bd7
67,0,Reb6b4b82f5,Cfc8b333ed2
67,0,R9f266e6c5c,Cc74890ebde
67,0,R7d15dbc488,C8f39844ae6
67,0,Re23e1a8188,C9f04daad56
67,0,R13bc15df2f,C93b0d0f49c
67,0,Rc6aa02f26a,C3b52b243c1
67,0,Rf53a355a96,Cc69277f646
67,0,Rb89e1c8599,C1064ed7cf6
67,0,Rbab67090b2,C1b398e6ba6
67,0,R58d21fafaa,C541b7ec30d
67,0,Ref674f28f8,Cff05ce9a88
67,0,Rbd65188bc9,C5c89be3367
67,0,Ra60c303d82,C3446e1aa48
67,0,R9aa60196b5,C32999d6e6b
67,0,Ra21a595938,C83937765e9
67,0,R2edabac9c7,C9be8f97151
67,0,R690486da54,C2c50f05338
67,0,Rd1328caa8e,Cdda946c120
67,0,R95b8695089,Caa53b2c731
67,0,R522730241c,Cc6d479f9cc
67,0,Re29b28ec13,Cdd13a0c25a
67,0,Rc78b0fd298,Ccc192ad874
67,0,R0cb12b107f,Ce6101561eb
67,0,Rf75f5f6ac4,Cffcd3d450b
67,0,R8980f43c22,C23a1bcca7d
67,0,R43f00d8c0e,C75a9b09836
67,0,R5b920b1520,C6cd4361a0a
67,0,R5c04b123dd,Cefbd523c0b
67,0,Raed2e77f66,C294b306e97
67,0,R8c2b25ba3d,C0723e83cf6
67,0,Rd53729e31e,C74704e57c5
67,0,Rce3687abc2,Cf0604ba716
67,0,R33c8951b9e,C9f9c394003
67,0,R81fd5b705a,C5753c70167
67,0,R11f777525b,C7b81eac09c
67,0,R2dacf9a008,C09665e15d3
67,0,Rcf0e614c85,C6ab4c35013
67,0,Rb7a3928e3a,Cd48aff260c
67,0,R7c5002d8f1,C1d6bff3442
67,0,Rfde2c74990,Cda00df7b4a
67,0,R26a2168ccb,Caea5ad2724
67,0,R380810eecb,C8695c81389
67,0,Rf531ec4351,C5b80985731
67,0,R8906930090,C8ca398d796
67,0,Rbdfc230ba0,C2b07c3f13c
67,0,Rb60aa49b35,C1089b93efd
67,0,Rb8301c0a06,Cab051d4b77
67,0,R91d67e113a,C854e452bff
67,0,Rdb16a816ac,C8d74e59300
67,0,R051a04bcdd,Cebe1c1a2b7
67,0,R961c439dfe,C15a7126d97
67,0,R3eb8bfb4cf,C7164e6ec07
67,0,R2061d2edf4,Cad47472fda
67,0,Rc46e7f5ac0,C8e7d909f66
67,0,Rb56f540576,Cfe1c9f985f
67,0,Rc415a4512f,C521048fe0f
67,0,R9adacc2c6a,C7fa05d2bc2
68,0,Re8abc3b2e4,C860b057f0f
68,0,Ra9f18483b8,Ccced35bd88
68,0,Red5ae93f5a,Cd2703c6f98
68,0,Reb28ef3add,Cfa37e349a8
68,0,R6cb4bc9741,C9b3f4edaff
68,0,Rfb8a82155a,C440df99319
68,0,Rff25727bbc,C4a5b3912fa
68,0,Refa3a49cde,Cbf036bee6d
68,0,R1ed8df90f0,Ce3a8cc7771
68,0,R34d1a39b2f,C97d491837a
68,0,R3ee291093d,C88836fcc84
68,0,Rd9193f7469,Cae6303517c
68,0,R3a6fdb5856,C09c15acc3c
68,0,Rc13f2b919b,C1e6f968f4f
68,0,R045878eea9,C679376d8cf
68,0,Ra28f92ca6b,C7dd8444167
68,0,Re3b2b4cdad,C56b892e52e
68,0,R92fae8b4d8,C6dacb96f9b
68,0,Rdeaf44bfd9,C0947356348
68,0,Re481b5a794,C672c91c92a
68,0,R9dc822d8d8,Cc15b3caf8d
68,0,R8bcba3e5ad,Cb244700a5d
68,0,Rfb250e526d,Cbabe89a1b0
68,0,Rca32c1fa47,Cdee2932985
68,0,R6b1c1af053,Cdf557de328
68,0,Rc53978d4d9,C0b52064e90
68,0,R1d3d0ee277,C51e070a742
68,0,R50dcee35e4,Cac23a8c9b7
68,0,Rc7492deb2e,C301703dd10
68,0,R149fda8660,C46c0fba03c
68,0,R9d5c2f8668,C3e691c670f
68,0,Rf415bc0c1f,C17540259b4
68,0,Rc1c6bea3c1,C091f7284fe
68,0,R18b58b4bcd,Cba9c2ab853
68,0,Re6461e6498,Cb8a28ea702
68,0,Rc60fc18411,C368db25122
68,0,R616b2807a6,C42e341fc3a
68,0,R58113ea58c,Cfd74945fa8
68,0,R8144dc5745,Ce38945c1d4
68,0,R7e085912d8,C2eed0e152d
68,0,R5b1f82be9d,Cb4fce02311
68,0,Rb92d615f3d,C3f208bde90
68,0,R264111e76c,C993e74ab9c
68,0,R156b9d3f31,Ce7dd7f7753
68,0,R4eaee6d126,C6c4f6202dd
68,0,Ra838eb0f67,C019bbde6cd
68,0,Ra32e1c4cf3,C9bd85ee872
68,0,Ra17ce0dcfa,C0d75b0ef1f
68,0,R7dc9df6c68,C5d16f22e44
68,0,R8ec4704964,C33f616e002
68,0,R52a4fe8b25,C98a4e685a6
68,0,R86d2922598,Cb3c456f1b1
68,0,R264d76027a,C8934006333
68,0,Rc028fe4656,C7906931012
68,0,R2d46aeea8a,C086ca89f66
68,0,R11ce233347,C4d7bb984e1
68,0,R75a6912332,Cb0731cdad7
68,0,Rdef4345ea1,C397c0e4e3c
68,0,Rf7c81c3871,C1fbafc1b60
68,0,R288780c3da,C23725735a1
68,0,Rc3f4307bb1,C1d750c66ca
68,0,R22f07db65e,Cc16b8f52db
68,0,Rca41376fe2,Cdabd6a2e24
68,0,R647a8ac320,Cf5a1e3eb61
68,0,R770b0c6969,Ccc137c99aa
68,0,R7b908c1890,C5ed5c1f604
68,0,R47b66599d5,C541175679b
68,0,Rbf7e6dd90c,Ce7c2aa61ac
68,0,R9167e8b933,C6e2e43d435
68,0,Rcf062f6ad7,Ce6e70c6328
68,0,Rd04e566279,C568d9a6f9a
68,0,Rd58f8ffbd9,Ce80fc8c0c5
68,0,R18505b599d,C934b36f9a9
68,0,R1702aa5590,Cf5781f8634
68,0,Rf8efc81634,C99af0e63ca
68,0,Rcafc099b26,C9d564cd2a8
68,0,Rcf9b510d80,Cc74c20ddf7
68,0,Rb8ae80e9d3,C496c9ecbe6
68,0,Rfeb6114619,C741d070ae7
68,0,R3be457ac0a,C5d2b6fd027
68,0,R2ac7c90680,Cda7f18a822
68,0,R224ebe18a1,C23bab1d4d6
68,0,Rdb38fa5e16,C4e2812d6a9
68,0,R95ee803ed2,Cf1bc78c166
68,0,Rf53a355a96,Cc69277f646
68,0,R99a042262a,C34ea267033
68,0,R25bd28c10b,Cafbfbaa8c5
68,0,R73745c5b65,C459ffc92e5
68,0,R98d76a26be,Cb96a1a30f5
68,0,R9dde896440,C3238b70ca1
68,0,Rb0766e0e29,C8a65cb3a89
68,0,R36fa86cde3,C1fc1e9acad
68,0,R9b072bf760,C6a53bcbfb0
68,0,R5e9e900eee,C6aa67295f0
68,0,R1ae554190a,C0cb6cf96d9
68,0,Rb37c260712,C8b43b1b2eb
68,0,R43d36b0590,C93fd18c450
68,0,Rc565ef78f3,C762c5847af
68,0,Rde70e400a8,Cf765c04d59
68,0,R63cd8c820c,Cceacd33d7a
68,0,R6fdb49c12c,C2648915edd
68,0,R0fa0df7b6f,C1736c1aaef
68,0,R2001af2cb3,C416c12c050
68,0,R95b8695089,Caa53b2c731
68,0,R0538db065e,C18c511b6df
68,0,Rd7f43ce65c,C5a628549f6
68,0,R7faa5c0d34,C5e4c5818ee
68,0,R44d4152ae7,Cc872342783
68,0,Rb3fb4fb0fe,C494af7c423
68,0,Rc993dcfc3f,C75af068667
68,0,Rbc304953e5,C6fce29a72b
68,0,Rac311aa333,Ced7e3ed2a2
68,0,Rb713dabc67,Ca83a9d7269
68,0,Reb6b4b82f5,Cfc8b333ed2
68,0,Rcf9192bc20,Cc2f7516a69
68,0,R2c0417c854,C13392996d4
68,0,R197aad70f4,Caea24872d7
68,0,Rfb94a37b9a,Ccdb55c94dc
68,0,Reff3cde780,C55d6254574
68,0,R7eaeb0a9b8,C88e97dd781
68,0,R3dad026edb,Cfca8990621
68,0,Rbd65188bc9,C5c89be3367
68,0,R79c14ea0c1,C2f50d53955
68,0,Rce3687abc2,Cf0604ba716
68,0,R9f266e6c5c,Cc74890ebde
68,0,R9aa60196b5,C32999d6e6b
68,0,R9febe82230,C9efca47036
68,0,Rd53729e31e,C74704e57c5
68,0,Ra4e6a45208,Ca8807b91e4
68,0,Rf75f5f6ac4,Cffcd3d450b
68,0,R43f00d8c0e,C75a9b09836
68,0,R54a59b90be,C70bd4c0c49
68,0,Raed2e77f66,C294b306e97
68,0,R0cb12b107f,Ce6101561eb
68,0,Rc983090078,C6d6e7b1804
68,0,Ra21a595938,C83937765e9
68,0,R9f0c82e633,C67a1947256
68,0,Rc1267ba2fe,Cf1dba2aac9
68,0,Rc6aa02f26a,C3b52b243c1
68,0,Rd1328caa8e,Cdda946c120
68,0,Rf531ec4351,C5b80985731
68,0,R051a04bcdd,Cebe1c1a2b7
68,0,R3eb8bfb4cf,C7164e6ec07
68,0,R61cb474a43,C57b6079a66
68,0,R03c9029196,Ccef1226116
68,0,Ra8186bd42e,Cb29d71acb1
68,0,R30a20fe118,Cf09d8e24de
68,0,R9a19ff8578,C9634a056f7
68,0,R16b7fd8f42,C0be9366d47
68,0,R52676a1060,Cd92b1fbaa9
68,0,R8c1f4fcbfe,C7d03dd1ad2
68,0,R210ea6fa64,Cb989c2943d
68,0,Re81ff7767d,C0a22bfb4fc
68,0,R03f0d40dcf,C3819805320
68,0,Rdbdeced946,C19275ffd86
68,0,R1baf29682d,C9895bcde0e
68,0,Rf61eff09f6,Cd3a3ea1f70
68,0,R0afbeac1bf,C45f348916e
68,0,R69e444bc39,Cbb0f326142
68,0,R5997a5518e,C95f0c2cc22
68,0,Rba7e99491d,C880b7c5d0d
68,0,Rb1e43b41ef,C4b8fa879ae
68,0,R56e4993242,C83cc04fb99
68,0,Rd11cf8258d,Cc1e9763008
68,0,Ra08f1d8f6b,C369499b9b1
68,0,Rdfb0d6bf05,C9f96721c50
68,0,R4de6c9de8a,C6c0fd190aa
68,0,R66f2df54e0,C9c5c93d087
68,0,R1a19134c74,C4349f3874e
68,0,Rded1cd6276,C74a26b8b34
68,0,Rccbefe64dc,C819e73de98
68,0,R0a77ec0c50,Ce32791b52e
68,0,R0fbace45b8,C2ad162874d
68,0,Rba2205142c,Caa860261de
68,0,R034ce008fd,Cea12c9facc
68,0,Rc80af43888,Cc4a823fb77
68,0,R97ff9d970f,C6197cb28d2
68,0,R90c671bfc7,Cf8c7fa71c3
68,0,R6dcf32e0b7,Cf7eb95f136
68,0,R2d8e2ae6ff,C49e03a6ab3
68,0,R9a464da7ab,C751f174e44
68,0,Rb22c03b765,C64836f3e7f
68,0,R179a0c7f88,Ca3eaa97664
68,0,R5da4caa26f,C6c86edde41
68,0,R102b24d7cd,C926f405bb5
68,0,Rb04e47c134,C7f43afe87b
68,0,R4a16381425,C0830a0aa8e
68,0,R4c5a4630d7,C453a433918
68,0,R9b681759ee,C37da5c96e7
68,0,R8ee330fdc0,C16186a6684
68,0,Rcf8ee4d278,Cd9b1e4e533
68,0,Red3f0e9616,C7da0448e31
68,0,R72a8bfae5a,C2cae01bbdf
68,0,Rb75b8a11a8,C3ab89c63c4
68,0,R494de12e18,C2e4a5f5fd6
68,0,R37aaa95e49,C4ed20f6e85
68,0,R0abe1521a4,Ce152c5751e
68,0,R4af2a80351,C0bd9f0be73
68,0,Re960b9090e,C37f9a2f7a3
68,0,R73852fee67,Cc7dcee8539
68,0,R9a657a32db,C6029fee955
68,0,R9d633d5d82,Ceea778eaf1
68,0,R3c79e18443,Cd50de6edc1
68,0,R5b59472bed,C3109d1e17b
68,0,Rcf2dccb9cd,Cb502912bc5
68,0,R91f7dba8b1,C3930cb5574
68,0,R77c46d1e26,C62260c948d
68,0,R4fc74f1640,C6116c6561b
68,0,R2aa4921a95,C0d7fc54c17
68,0,R7d0967be52,C00a95489ce
68,0,Rcf83aa0a53,C0694fd9eac
68,0,R5af9cd37b4,C0d4dbe9233
68,0,R9ab5b57527,C72087f5387
68,0,R0d4cb8a67c,C8dfed1c110
68,0,Rae680e2f11,C2c822d5dde
68,0,Rea42f335ac,Ce7d2d05395
68,0,R4e37a25b1d,C03b4ef6afe
68,0,Rafed502fc2,C2c517fc241
68,0,Rc724e0af72,Ca4becc863f
68,0,Rdd0999d4c0,C2999d35b47
68,0,Rae5cfbe53d,Ca880618f38
68,0,R06e8fe7963,C45306b8c50
68,0,Rbe256f91be,Caadeb1d618
68,0,R398e3a870b,C1a46be7fe3
68,0,R1ca653c9a8,Cbbbcc10e62
68,0,Re0ada8f602,Cd290ea9e15
68,0,Rfa46dc240a,Cfebfe174ac
68,0,R579de63b94,C92dae2b00b
68,0,R1d941580d4,C114b65cb7e
68,0,R4cf7177ff0,C945492ab75
68,0,Rc9ea598409,C6f5ed51ab0
68,0,R4c7d2ef29c,C8e584bcf15
68,0,R450d5ad9d5,Ce124dedfc0
68,0,R52d6327d3d,C881d249912
68,0,R6815615934,Ce8512de698
68,0,R41f756585f,C1c510a9def
68,0,Rddade20caf,C86c21ae7d5
68,0,R2bd0ce5dd3,C41760592a4
68,0,Re9a3ef00dd,C7746d38e06
68,0,Rc4ea60aa06,C58f9e83305
68,0,R82eb8fa0be,C9dbeace184
68,0,Re44e83d9ce,Ced196118bc
68,0,Rdd89754253,C465f8464e4
68,0,R9251990bb9,Cd006906087
68,0,R9894fd3d0b,C54eedebf76
68,0,R0637e7f8b8,Cc86fe27976
68,0,R21b2df1a77,Cbf77899f78
68,0,R11e2ba471c,Cf9553078eb
68,0,R503536a281,C8dee962c9a
68,0,R4a7fc31161,Ce5f78eb2b8
68,0,R0039b3986e,Ca8915e790f
69,0,Ree2cf1e7bc,C1d4cd75f9b
69,0,R7d08754bed,C366e871039
69,0,R7fecad935a,Ce5f78eb2b8
69,0,R662a2fdce7,C06b9cc3aeb
69,0,R980dd2db61,C8688f4fa1e
69,0,Rb89defcc11,Ca8915e790f
69,0,R824cebef21,Cca1bb0eb79
69,0,R14d7b208a4,Cf5d6f7ca8d
69,0,Radb8eb3365,C1094a18e10
69,0,Rf43e29fc70,Cddaa8e7706
69,0,R110b520278,C0673a6acee
69,0,Rf8ec220325,C761f8555ea
69,0,Rd024bc0b92,Cc893c59481
69,0,Rfd81157ea6,C881cfcc1ea
69,0,R0de5f77c87,C7d51e96034
69,0,R6161a0c57a,C96fe1f6a5b
69,0,Rfc30b693c0,C67b8b77020
69,0,R5bad4fe4b8,Ca413d523b5
69,0,Rb2ace76d2b,C8127ce0ac2
69,0,Ra502d46cd3,C43030a245d
69,0,R859231020a,C78e8db7fff
69,0,R5412b72720,C8a67f72b38
69,0,Re0910efca9,C05dccf2276
69,0,Re67846777b,Ca2f4a713fa
69,0,R04e266bdec,C064cd73d50
69,0,Re81e8ea3ac,C95ae74e889
69,0,R876501df9c,C649457b362
69,0,Red565a9e9c,Ca787ba4c39
69,0,Re90e8ec59a,Cf43d3288ac
69,0,Red56af38ca,C892d38d2f3
69,0,R28419d682e,C915e2f7b87
69,0,R44ee6e0621,C2e7a7468ae
69,0,R5975b27937,Cac4be9427f
69,0,R7e672d831e,C806eaf46af
69,0,R97993e4abc,C77ec7d445a
69,0,R971720fa87,C67daed4360
69,0,R7bbca4f965,Cdd0cd4214a
69,0,R7ed7879cc9,Cf373c607df
69,0,R8f9129d8f5,Cc576233905
69,0,Rebeaad8e27,Cd90c0c3ca9
69,0,R2676cc22e7,C85ff336996
69,0,Rd116568444,C6d7ab3516e
69,0,R5dd445fbe3,Cc18c808129
69,0,R1c2e16c8dd,C86bbf892eb
69,0,R262da439bf,Cf5c311f6d2
69,0,R9a64e5bf71,Cfd6f725d90
69,0,R1f084b3c60,C9d8bf607d3
69,0,Re75e0bb2ee,C4ac07ce834
69,0,R6951d6249a,Cc0571e6dc0
69,0,R11cc9dcbe6,Cb8b30032fe
69,0,R4843fc01a8,Cc35a12a230
69,0,R8a1a2e7483,Caef1ee180c
69,0,Rabbd565622,Cc9a6db77fc
69,0,R580d82fcee,Cf9801a7a76
69,0,R2ad4235f54,C0a565c7750
69,0,R5e7591bd12,Ca1f4783a70
69,0,R202033795a,Ccd7ba08f77
69,0,Rd53d14d041,Cebab6be6c0
69,0,R81fd5b705a,Cbb033e1d98
69,0,Rdfddf06c08,C44305d8caf
69,0,Rc513cac6d8,C85c38e7796
69,0,R13bc15df2f,C3560cfc07f
69,0,R8906930090,C18d38067b4
69,0,R33c8951b9e,Cbf97c0958a
69,0,Rd6c5bb7535,C2361464030
69,0,Rb8301c0a06,C6547455f6a
69,0,Ra50ed93ae5,C06c23b33c6
69,0,Reed144b1bc,Cb794279b6b
69,0,R4fc3c9369e,C6fac389823
69,0,R229ba06b18,C5a799b496d
69,0,R73633b951f,C4474406de1
69,0,R111ba8befd,C6a865e6fa5
69,0,R54d9ce6d2e,C97d5c8bc35
69,0,Raa6db72ac7,C21da8c560a
69,0,Rf8c2ee601a,Ceb584d41a6
69,0,Rf5148a4c1e,Cf451903805
69,0,R89ec499393,Ceffb7feddd
69,0,Rb4f6b5fb12,Cf1d8efe7ae
69,0,R2dc7c2c4f6,C0a360b6b2f
69,0,R72a95953df,Cd0fb08d3f7
69,0,Rbfd6502f48,Cf124665efa
69,0,Ra9f18483b8,Cf7ceb402bd
69,0,R990dbc89e8,C8df1cc4c58
69,0,Red5ae93f5a,Cdac231bdc4
69,0,R36b4d32274,Cc01e55c6b3
69,0,Rc19f17c92b,C3f48fb3c4b
69,0,R9d5c2f8668,Ceffb7feddd
69,0,R0014110b91,C2e13422ef0
69,0,R4c3b738ca0,C699d4224a8
69,0,R3d8572cd5a,Cf451903805
69,0,Rdcbd881ba9,C77106aa831
69,0,Ra338af5dbc,Ce73a4154dd
69,0,R498b4ffbcd,C9d2e499b97
69,0,R64c5c6f991,C50830dbd3f
69,0,Ra1611b0e86,C73e0dc5a6c
69,0,Re860a0d448,Cf62114bcb3
69,0,R99659e503f,C912f470d4b
69,0,R3a6fdb5856,Cc8a2beda62
69,0,R6140279b34,C2051dd1a01
69,0,R9ddeba2ace,C3f2a2497a1
69,0,R1b7a3c1796,Cf78b3341eb
69,0,R95b85b59a8,Cb961f183f7
69,0,R64c6e272cb,C589179b24b
69,0,R5127b2488b,Ca93c57f8f7
69,0,R366b58b033,Cdec1802643
69,0,R359cf91b35,Cde13aa7e96
69,0,Refa3a49cde,C8475b53f2c
69,0,R5501f42b8d,Cf49cd5104a
69,0,Rbb0794a4c0,Cec8502f9dd
69,0,R88c5f03b10,Cec1cfe2084
69,0,Rb764757ee6,C6613b3509a
69,0,Rc2469b92d2,C1adcecf07a
69,0,Re8abc3b2e4,C2d7838a228
69,0,Rc13f2b919b,C9c619afb03
69,0,Rfb8a82155a,C7a3ac34a1b
69,0,Re4fb499997,C87aa412db4
69,0,R7e085912d8,C177897586b
69,0,Re3a61627d4,C79217fb736
69,0,R67e841d879,C845fec4c01
69,0,R2147df6bb2,C0f324ef921
69,0,Rf95d22c8c0,C0af488753f
69,0,R37d999ebe6,C49a072c59e
69,0,Rfe6b91192c,C9f62f97271
69,0,R918ff1468f,C713becce50
69,0,R6410b3cea7,C61345183bb
69,0,R8b641878c7,C6e985a6a57
69,0,R5116c12ad7,Cfc35dcb805
69,0,R8ff5c8460e,Ca2e1fe8cdf
69,0,Rae9afa1062,C1b5bbd8409
69,0,R378bc08145,Cf47e5cb155
69,0,R50dcee35e4,C225e00c33d
69,0,Rc3c6b07ffc,Cb6a0f65d24
69,0,R22135f94a7,C0185b50b0b
69,0,R08fac31b68,C4fa9948231
69,0,Rfbf33936de,C04d1bb9e17
69,0,R1877f7aea1,C7c06c5b9d1
69,0,R5e9e900eee,C3ff52f2cd9
69,0,Rc57f128074,Ccf31c1f666
69,0,Rb10ec6f5ad,C36e608782e
69,0,Rbb3893270d,C29712aff53
69,0,R214bd53feb,Ceb08861e73
69,0,R9ff21d0fa1,C5361b7edaf
69,0,R325dc1ae16,Ce9981a00a6
69,0,Reaf851d01b,C949992bd48
69,0,Rc12b7e839a,C5996fd702a
69,0,R7d15dbc488,Ca0991d201e
69,0,Ra28f92ca6b,Cc8a19b6692
69,0,R688155a2f1,C91f910e0cc
69,0,R309849d9e3,C9574535e76
69,0,R00ce787ebd,C241d77acc1
69,0,R77cf9f359f,C7c86d91a87
69,0,R616b2807a6,Cb310f78808
69,0,Rbdb58b0db0,C4721aac70c
69,0,R59419af843,Cb334fca173
69,0,R84b63e432d,C870dcab4fc
69,0,R08aa72526f,C6525e69611
69,0,R53eef1a0a7,C066f27b542
69,0,R618778cd58,C91c4e956b3
69,0,Rbad4db0101,Cd049e3cabd
69,0,R8e036591aa,Cfb885b7064
69,0,R3859797a17,C4364cfaad7
69,0,R17e82339cf,Caea5a04681
69,0,Rdaf41d5bad,Cd513823657
69,0,Rbf7e6dd90c,Ceeaf25f05d
69,0,Ra80c2b255c,Ca3e7841d42
69,0,R58aee85438,C6d80bea533
69,0,Rd9e7754bdc,C6acc68fd5a
69,0,Rb92d615f3d,C763a13326c
69,0,R64924513e2,C0398ddc851
69,0,R3ced5861d7,Cbb992ee51a
69,0,R7f28d2ebfc,C3d415f26e5
69,0,R23cf48d18b,C743a06ad98
69,0,R09d20fe0fb,C397ed46b45
69,0,R0962ddec23,Ce7046d8beb
69,0,R02fc0cb1e6,C1292fc3a62
69,0,R861d006361,Ccebf39f053
69,0,R9494b766db,Cc821575212
69,0,R6d3a9c141f,C2f543e4d5a
69,0,R8bccc87668,C78c6e545e4
69,0,R149fda8660,C58476cb841
69,0,R8920609d17,Ce267a8a6e9
69,0,R104dbcf2e1,C40cc3bef35
69,0,Rb90c131bcf,C4e54927a5b
69,0,R89a0622261,C498ba5b428
69,0,Rad3ec0ad8a,C160794870a
69,0,Rd04e566279,C0056795a5a
69,0,Rc3f4307bb1,C5a1b8aebe7
69,0,R770b0c6969,Cb991076b82
69,0,R21bac5a714,C63e9f5ddfb
69,0,Rf0e2aba6dc,C003fa0a72b
69,0,Rf28c54be16,Cc45ba41848
69,0,Rb04cb69459,Cd7b0879df0
69,0,R8b971688c6,C991888a71e
69,0,R7f98820c41,C1b4809e15a
69,0,R5c0b14ffb7,C7cf50caa76
69,0,R3be457ac0a,C4800723ce5
69,0,Ra20eee0bf6,Cfe109b8c6d
69,0,Rf3f99aa719,C8fc1c9c03e
69,0,R64db4995f7,C8bae2638e8
69,0,Rd76cf29845,C38b9590c39
69,0,R690bfcfa28,Cf7a37d8c1f
69,0,Ra65c546663,C489efe2e4f
69,0,Rb9876a14d2,Ceba3462e22
69,0,Rbfa2d4e2e0,C0f202cec84
69,0,Ra4bfd8dd2e,C5f6247f8da
69,0,R647a8ac320,Ce2d5bf4b4a
69,0,R0f9375dfcc,C3c5c49b125
69,0,R8d151c94ac,C4281f3dfd5
69,0,Reb6f1f43d3,C313ee990bc
69,0,R5e9715e59a,Cc48d38036b
69,0,R4e11cb597b,Cf4a3ac088b
69,0,R8944a64351,C8704f46207
69,0,Rc64b319cb6,Cdbf73d3283
69,0,R8b5174c2b0,C61b1a5abcd
69,0,Raa7670851a,Cdda50c3519
69,0,Rcafd13a0f6,Ce348df5674
69,0,Rf3d9ca4d86,Cb29d0dbfd7
69,0,R86a91e1860,C69df3be870
69,0,Rbb009e76b0,C86a82e255e
69,0,R111007f171,C08715ae5a0
69,0,R264d76027a,C6a6485d4aa
69,0,R617dee7aa4,Cd1830fc3b9
69,0,R52f131404f,Cba29820350
69,0,Rfb250e526d,C27dd0ddc9e
69,0,R6a40c3a7a3,C882ff81a76
69,0,Reff3cde780,C20f0cf747c
69,0,Ra084bfd507,C678520142e
69,0,R1b2020fcc4,Cc86a38dbc2
69,0,Rf40d46c974,Cdeaf15108a
69,0,R8b257ef7a7,C0c16caf122
69,0,R4ead1c18cd,C15fff31f39
69,0,Rf7c81c3871,C88354d17d4
69,0,R2079ca8440,C3d56a48a1d
69,0,R6c348c98d5,Ccf12e54608
69,0,R580602ffe3,Ce2c1c07d54
69,0,R1926566a58,Ccc6df74d80
69,0,R6b11a2df1e,Ccf2ca448c0
69,0,R224ebe18a1,C809a243076
69,0,Re26b1f35bf,C7a03e26540
69,0,R9b072bf760,Ccc313af6dc
69,0,R7869e1162c,C251667167d
69,0,R0b091b9bc7,C132e02f170
69,0,R11b14eb040,Cc0b4ddf469
69,0,R5bffcd6402,Cad6a42ce8a
69,0,R0c1a343cc8,Cd8687d813d
69,0,Rd9fed4d5aa,C1b22544d8b
69,0,Re3b326bcf5,Cac3953e97e
69,0,R51c2eed190,Cd890a1c8a6
69,0,R92fae8b4d8,C745fe12edb
69,0,R6d2a8c7b1f,C518d7e8018
69,0,Ree642bf54f,Ccc84ec3fd4
69,0,R1b6d0d3062,C2fae88251a
69,0,R92877d6967,C0c0ca8be41
69,0,Rba671b9505,C673dba4749
69,0,R827fcedf4f,C74b27b3736
69,0,R27abe58351,Ccda85c002e
69,0,Rf447fad72f,C08f2e2d567
69,0,R9ca134c311,C68a717189f
69,0,R2ce18acede,Cc59aae94a7
69,0,R681d760533,C40995ad25a
69,0,Rf8650bb3ab,Ca5e79c010d
69,0,R82884e67e1,C91e0775a90
69,0,Rac06f1200b,C55e2d4f867
69,0,R198e5ff7de,Cd8cb0dbf5d
69,0,R36c33f304b,Cbec1c05f9f
69,0,R788e89c851,C3b63d4e55c
69,0,Ra7195d8dfb,C130243cc19
69,0,R2dc8d90c8f,Cf58e21c2b6
69,0,Rb713dabc67,C6873e13b35
69,0,R7838a22da3,C356e70eb8c
69,0,R79003317d1,C8e6d6f8fef
69,0,Rc13e1df55b,C501ec74401
69,0,R2d67bdfbc6,Cb9c0f2eaf4
69,0,R7faa5c0d34,Cb334a6e37f
69,0,R1f6a4dba9b,C1c576ac191
69,0,R739daeacf1,C0310ef0e9e
69,0,Rfe71579a02,Ca458cbf1da
69,0,R5ae234812b,C157170d083
69,0,R74b2f18977,C45a1f56781
69,0,R1702aa5590,C3411809575
69,0,Rf84cdc5865,Cc66a47f82a
69,0,Rd7f43ce65c,C5a4b6c1b05
69,0,R197aad70f4,Ca84315db1b
69,0,Ra7d5648b22,Cc57a40897e
69,0,R0538db065e,C42f2b3f803
69,0,Rbf0e4d8bdd,Cdc41ea7f0b
69,0,R95b8695089,Cb2c8b5ba43
69,0,R00265c582e,C3cd83fa508
69,0,R2a6716bbcc,C49062ad566
69,0,R88d0ee9328,C920f20202d
69,0,R1d84e6d929,C295644a3ff
69,0,Rde697ac7e1,Cf1c9cdc7b1
69,0,R35f529c61e,C8127ade122
69,0,R01cb8aaa99,C70d54b76f3
69,0,Rcf9192bc20,Cc4d7b34879
69,0,R6b51fbe746,C2ced914e00
69,0,R2c0417c854,Cb59c9353dc
69,0,R7c5002d8f1,C61fce8e117
69,0,R75a81a6d30,C1a6f58eabd
69,0,R7065f54e24,Ce3bdee61d6
69,0,Rb91bbdc354,C21ad842945
69,0,Re44fa5cfbe,Cf5b9a71377
69,0,Rfb94a37b9a,Cc71d3f3f18
69,0,R110a77f160,Ce23fafd170
69,0,Rdcf170327b,Cc765cb5f26
69,0,R6833dc83dc,C565f3d4cbc
69,0,Rf53a355a96,C80a74118da
69,0,Rc78b0fd298,Caae57bffdc
69,0,R9cadd5c1eb,C4400d4d269
69,0,R820084f80d,C9d72854b69
69,0,R032190fdb7,C7407f14ff7
69,0,R91d67e113a,C722bf4e297
69,0,Refe1a4bff0,C58b289bc04
69,0,R8980f43c22,C8d07ea3f49
69,0,R9f266e6c5c,C980af0ad31
69,0,Rbd65188bc9,C82a7792c7c
69,0,R5dba306c1b,C40085769ee
69,0,R3dad026edb,C6ef6617946
69,0,Rae9bde026d,Cc4e86e9a0d
69,0,R926a7c1c52,Cbcd12933ca
69,0,R43d36b0590,C5b4e1435e1
69,0,Rd53729e31e,C4c3dab145e
69,0,R1118dc5705,Ce713fdd26d
69,0,R896870096e,C058d22bdce
69,0,R541000d789,Ca67de389f5
69,0,R3a3d52fc6a,C1ebcaee9b3
69,0,R79c14ea0c1,C47b7ceb950
69,0,R7eaeb0a9b8,C6cac2459f1
69,0,R7751e6a306,C3a83e80dcf
69,0,Rc950ed363b,C945064b7fe
69,0,Rc6564a736f,C4581b8bb4f
69,0,R8607223667,C28a67bda09
69,0,R443392bc56,Ca05e67ffab
69,0,Rec8524ce45,C0e5d8a5295
69,0,Rcb33be3a0f,C97578bfb5a
69,0,R55b4d8dadf,Ceae15ea505
69,0,R2265774611,Cbccf536519
69,0,Rbab67090b2,Ceac657aae9
69,0,R72aaf88f24,C2f0c0ebb1e
69,0,Rd1328caa8e,C31c9852748
69,0,Rc1267ba2fe,C204ff085ea
69,0,R518a342619,C011cd4772d
69,0,R3ae0f5c08f,C947066f020
69,0,R63235b9e90,C883563ec53
69,0,Ra21a595938,C5c8ade16f8
69,0,Rcf0e614c85,C13bc8e3ff0
69,0,R623006933d,Ccfaae11cc0
69,0,R94d369c27c,C43916076b8
69,0,Rc6d7cef96b,Ca1c5f841a8
69,0,R2dacf9a008,C9be49c3e45
69,0,Rf75f5f6ac4,Cfe7693b8e9
69,0,R5e7e75606f,C5efe43d910
69,0,Rb7a3928e3a,Ca8952ec628
69,0,R838dbe0d58,C29b8bc5dde
69,0,Rf531ec4351,Cdb70c5c0a8
69,0,Rbdfc230ba0,Cb6589552b5
69,0,R380810eecb,Cc21865c189
69,0,Raf0c98b363,C558215fbca
69,0,R051a04bcdd,C08edf3b83c
69,0,Rdb16a816ac,Cd18fedd2ce
69,0,R961c439dfe,C476a096743
69,0,R3eb8bfb4cf,C07e714e3fe
69,0,R9a4b0c0db8,C44a56e9ab5
69,0,Rb92684afe8,C8653f150e3
69,0,R2b72be15d4,Ce90367fdfc
69,0,R817c9379cf,C1fc87b74d5
69,0,Rfafcf83c9d,Cbd5124a231
69,0,R331f498d0a,C19b6de53c8
69,0,R6c7bca07a1,C911b0165cf
69,0,R07b1be97aa,Cadbeaa5805
69,0,Rf9da229fe8,C853d8dd425
69,0,R4f4c7fdf42,C95ca8975a7
69,0,Rfbc9525f6f,Cb5dfbf93dc
69,0,R34bd01a6e7,C5b16da2189
69,0,R78e08675e5,C8f701a9460
69,0,R1947589b35,Ced1277de4a
69,0,R09e22cd5cf,C97b8fd5aaa
69,0,R7470b413ee,C5e88543173
69,0,R389e93c424,Ca80b141e4c
69,0,R6390ffcd2a,C7df70d1acb
69,0,Raaa135057e,Cf030bd0480
69,0,R2e3a765e70,C78dbc36c89
69,0,R152e2ad095,C3c703de145
69,0,R02a9f84515,C581406ca58
69,0,Ree0ce9c198,C90d6e8af80
69,0,R757730f8e9,C8a25114122
69,0,R97c1789c32,C4bae8e0da5
69,0,Rec2d0c41b1,Cec49c5167a
69,0,R45c4f45f2a,C5b4c6290d9
69,0,Ra7ca196dbd,C46251f0fc9
69,0,Ra6b8e107a0,C319f4d292f
69,0,R511569812f,C7332ee82c0
69,0,R41cfe3dd92,C982d51d4f5
69,0,R3d8ab98a94,C7a135ab769
69,0,Ra607adcc70,Cb6dc3dd913
69,0,R8c7f845ea6,Ce763bfa73f
69,0,Re791d2d348,C55b7244372
69,0,R1597922658,C6765ebf9e2
69,0,R244a0fb426,Cfc5f4368e0
69,0,R1a4b45ae97,C57811c500a
69,0,R62779ec64a,Cee154eefa5
69,0,R62d99317be,C38fe7c7ddf
69,0,Re57ce6ada7,Cfb78f33eac
69,0,Rd59b55799e,Cf2bb58c1f6
69,0,Rd81902a40b,Cf9459fb6c9
69,0,R27a436878c,Cec4d3370a5
69,0,R0e0588d84a,Cf5efb74c91
69,0,Rb65f6a2fc5,C05df650876
69,0,Ra6d4c506ba,C552110d6a5
69,0,Re41a44ae02,Ca148978eef
69,0,R5e05a2f481,C0a543a38f5
69,0,R7c0de53b87,C5840b84bd4
69,0,Rcfc33b1898,C78a54f8d79
69,0,Rd0210bc55f,C6750fc3acc
69,0,Rd9bd0d4425,C6b9d4d8107
69,0,Ra04e0e275d,C8f98aa33cd
69,0,R43b54bac75,Cf930a3e976
69,0,R8859cbe8bd,C7799988bbf
70,0,Rb4f6b5fb12,Cf1d8efe7ae
70,0,Re8abc3b2e4,C2d7838a228
70,0,Rdc8ffad489,C2ed4474874
70,0,Rce1069e496,C44a56e9ab5
70,0,Rfb8a82155a,C7a3ac34a1b
70,0,Ra9f18483b8,Cf7ceb402bd
70,0,Red5ae93f5a,Cdac231bdc4
70,0,R7d08754bed,C366e871039
70,0,R37d999ebe6,C49a072c59e
70,0,Rc19f17c92b,C3f48fb3c4b
70,0,R9d5c2f8668,Ceffb7feddd
70,0,R3d8572cd5a,Cf451903805
70,0,R7fecad935a,Ce5f78eb2b8
70,0,R3a6fdb5856,Cc8a2beda62
70,0,R9cab4ca5e1,C29476d49f2
70,0,R76c6e070fd,Cfc8b992a37
70,0,R6cb4bc9741,C2d112d683c
70,0,Rb89defcc11,Ca8915e790f
70,0,Rb7bab838ba,C2de981572a
70,0,Rdab9f3e163,C853f3802e5
70,0,Rd6b6ea7aff,C2be455f377
70,0,R23b30cfbfc,C817f1ed15e
70,0,R19ae1ecfbb,C16040b13c6
70,0,Rf8ec220325,C761f8555ea
70,0,Rc1c6bea3c1,C19b6de53c8
70,0,Ra1d88ad464,Ce8b289e1c5
70,0,Re4fb499997,C87aa412db4
70,0,R407d16f737,C4b2865c99d
70,0,Rc13f2b919b,C9c619afb03
70,0,R27b1b56f24,Cd06105db8d
70,0,R67e8b039c6,Cbd5124a231
70,0,R77cf9f359f,C7c86d91a87
70,0,R5ce8d0ba85,Ce44efbf7f4
70,0,R6410b3cea7,C61345183bb
70,0,Ra1611b0e86,C73e0dc5a6c
70,0,R6150aca106,C9a17253f96
70,0,R662a2fdce7,C06b9cc3aeb
70,0,R95b85b59a8,Cb961f183f7
70,0,R7c5002d8f1,C61fce8e117
70,0,Rbad4db0101,Cd049e3cabd
70,0,R325dc1ae16,Ce9981a00a6
70,0,Ra28f92ca6b,Cc8a19b6692
70,0,R2d9e25b640,C5da279a272
70,0,R7e085912d8,C177897586b
70,0,R14d7b208a4,Cf5d6f7ca8d
70,0,R2147df6bb2,C0f324ef921
70,0,Rcf521fefea,C63a12c276e
70,0,Rad3ec0ad8a,C160794870a
70,0,R4b99520fdb,C834062ca12
70,0,Rb10ec6f5ad,C36e608782e
70,0,Rf6441d86ba,Cbb47a9725f
70,0,R91a762c332,C72e4bb030c
70,0,R50dcee35e4,C225e00c33d
70,0,Rb2ace76d2b,C8127ce0ac2
70,0,Rc12b7e839a,C5996fd702a
70,0,Rae9afa1062,C1b5bbd8409
70,0,R23cf48d18b,C743a06ad98
70,0,Re481b5a794,C1c201a132d
70,0,R8b641878c7,C6e985a6a57
70,0,R35d7389b9d,C3ae73c8fe3
70,0,Rd024bc0b92,Cc893c59481
70,0,R9dc822d8d8,C64ba961b7d
70,0,R8e036591aa,Cfb885b7064
70,0,R7fe819a578,C694457812a
70,0,R359cf91b35,Cde13aa7e96
70,0,R58113ea58c,C69e20d4bf5
70,0,R9ddeba2ace,C3f2a2497a1
70,0,Ra502d46cd3,C43030a245d
70,0,Rab428355ac,C7769fb97a4
70,0,R7d15dbc488,Ca0991d201e
70,0,Ra52297be75,C5e88543173
70,0,R3cfd8deff9,C7a135ab769
70,0,R8b971688c6,C991888a71e
70,0,Rfd64f62036,C45d6c6e41f
70,0,Rc3f4307bb1,C5a1b8aebe7
70,0,R9685110622,C97b8fd5aaa
70,0,Rbbb0540a71,C0c2d153d2b
70,0,R60e778ee0b,Ccee6891235
70,0,Ra54ff3fd9b,Cd99b4bfce5
70,0,Re67846777b,Ca2f4a713fa
70,0,R2c1ebbff1a,C00db55351b
70,0,R770b0c6969,Cb991076b82
70,0,R1c138f726a,C1119435203
70,0,R616b2807a6,Cb310f78808
70,0,Ra8ed15cbed,C669bf522b1
70,0,R5e9e900eee,C3ff52f2cd9
70,0,R7f28d2ebfc,C3d415f26e5
70,0,Rbba18d067f,Cbf95cae3b7
70,0,Rcdf18d9d45,Cd86f848c1e
70,0,Rc723147a4c,C6a32e16504
70,0,Rde23c369cc,C29ff750e71
70,0,Rb92d615f3d,C763a13326c
70,0,R3be457ac0a,C4800723ce5
70,0,R893335ee18,C30d0aabfc9
70,0,R64924513e2,C0398ddc851
70,0,R09d20fe0fb,C397ed46b45
70,0,R3ced5861d7,Cbb992ee51a
70,0,R51bca8aed9,C581406ca58
70,0,R5975b27937,Cac4be9427f
70,0,R688155a2f1,C91f910e0cc
70,0,Rdeaf3fe277,C93fe5837b6
70,0,Rfc30b693c0,C67b8b77020
70,0,Rf481f6c3d4,C7e7422f1bd
70,0,R65adb60193,Cf5efb74c91
70,0,Red565a9e9c,Ca787ba4c39
70,0,Rbb3893270d,C29712aff53
70,0,R92fae8b4d8,C745fe12edb
70,0,Rf1537dd521,Cac7b4c5527
70,0,Rd170761ac5,C62088b0084
70,0,Rb5b000b109,C04fd39b8ed
70,0,R971720fa87,C67daed4360
70,0,Rb13470d00b,C222f8816f9
70,0,R1e7a38d5f2,C150822485e
70,0,R6b11a2df1e,Ccf2ca448c0
70,0,Rb12c89b951,C96b760af1b
70,0,R386a45db2f,Cf885171bfb
70,0,Rda4527e1b9,C3b0295d117
70,0,R861d006361,Ccebf39f053
70,0,R672c7fbc87,Ca7854dc6ea
70,0,Rcdd8b26589,Ccc1ddb4255
70,0,Rba671b9505,C673dba4749
70,0,R8e74ebf294,Cfc5f4368e0
70,0,R8bccc87668,C78c6e545e4
70,0,R6a68e34799,C3b0957aa07
70,0,Rcafd13a0f6,Ce348df5674
70,0,R5dd445fbe3,Cc18c808129
70,0,R86b8366657,Ccc235a797d
70,0,Rc79fcae0e6,C93fe5bbb5b
70,0,R20b91afd06,C59c7ea243e
70,0,Rb8be4f0d26,Ce62503131c
70,0,R12ccb868de,C0a543a38f5
70,0,Rff82bdcd17,C63ddc57a10
70,0,Rd9e2fddc79,C0e2fc86cf3
70,0,Rd6e3ffe5e2,C5e22eac2c8
70,0,R89a0622261,C498ba5b428
70,0,Re4fe312d2e,Ce8d7333c6f
70,0,Ra80c2b255c,Ca3e7841d42
70,0,Ra65c546663,C489efe2e4f
70,0,Rebeaad8e27,Cd90c0c3ca9
70,0,R346dd16ca2,Cd23cfc02eb
70,0,R74b2f18977,C45a1f56781
70,0,R52f131404f,Cba29820350
70,0,R6e9d21be5b,C2acea42751
70,0,R6d2a8c7b1f,C518d7e8018
70,0,R18d304dee3,C5671ffc57f
70,0,Rf36c932d1a,C85f0cf5b2f
70,0,R79b00e64b9,Cbb1bf82478
70,0,Rcdb969aabd,C432e1bf8c5
70,0,R9dde896440,Cdadbfc049a
70,0,Rbf7e6dd90c,Ceeaf25f05d
70,0,Rfb250e526d,C27dd0ddc9e
70,0,R925e375c72,Ce86b56665a
70,0,R3b6af61ca3,Cb7e5579bfa
70,0,R9494b766db,Cc821575212
70,0,Rf817d48276,Cf55ae4d03a
70,0,Rf3c44b8d97,Cdb1ff1af20
70,0,R8b5174c2b0,C61b1a5abcd
70,0,R4123a62532,C6dadcecb64
70,0,R224ebe18a1,C809a243076
70,0,R827fcedf4f,C74b27b3736
70,0,R33cfb51112,Cc22e4d8811
70,0,R3cbbc2045b,C0e86bbfd51
70,0,R1baed46271,C10522fc5c2
70,0,Rae808fcb29,C8ca61ea5ac
70,0,R00ce787ebd,C241d77acc1
70,0,R876501df9c,C649457b362
70,0,R38ff9483b7,C9bf46389f4
70,0,Rd67a727cd5,C3d96ac2631
70,0,Rd04e566279,C0056795a5a
70,0,R647a8ac320,Ce2d5bf4b4a
70,0,R63cd8c820c,C9b675293d1
70,0,Rbb416f6454,C57ab9c5eaa
70,0,R2de80221b2,C8e8ec57a85
70,0,R12f8aafb1f,C942a64cedf
70,0,Ra2ab72772f,C652fd1343e
70,0,R1b2020fcc4,Cc86a38dbc2
70,0,R8d364212cb,C0cdad53b7e
70,0,Rae56df3d59,C1d86be2f6b
70,0,R014a9697c5,Cd5b034931b
70,0,Ra6c2320db3,C3bc347cf5a
70,0,Rf447fad72f,C08f2e2d567
70,0,R35f529c61e,C8127ade122
70,0,R11b14eb040,Cc0b4ddf469
70,0,R633fc129eb,Cf9459fb6c9
70,0,R580602ffe3,Ce2c1c07d54
70,0,R73d6410580,Ca4a7b64321
70,0,Ra07bdd2836,Ced4e9b5e7d
70,0,Rb67534f1e4,C60533db04c
70,0,Rd58f8ffbd9,C455c981076
70,0,R5c0b14ffb7,C7cf50caa76
70,0,Rf28c54be16,Cc45ba41848
70,0,R006b6e239b,C8c516ec033
70,0,Re3b326bcf5,Cac3953e97e
70,0,Rf8650bb3ab,Ca5e79c010d
70,0,Rcf062f6ad7,Ca80b141e4c
70,0,Rb6d4b67d93,C7332ee82c0
70,0,R262da439bf,Cf5c311f6d2
70,0,R91d67e113a,C722bf4e297
70,0,Rf44690598b,C8fa568a1c1
70,0,R3969478771,Cb48dbb80c5
70,0,Rca6f9d4db8,Cec4d3370a5
70,0,Ra50b872b81,C55b7244372
70,0,Re90e7beb78,C4741113e0a
70,0,R51c2eed190,Cd890a1c8a6
70,0,R35d6206e9a,C07f642ba53
70,0,Rdcf170327b,Cc765cb5f26
70,0,Rf4a17fbac8,C89d1c19bfc
70,0,R643cfad50f,C1d41d2424a
70,0,R79cfc51671,Cd409485e53
70,0,Ra3332e425c,C2e11b66c34
70,0,R9c7b0ee921,C41fe6fc818
70,0,R091d056486,C49b5d2893f
70,0,Ra20eee0bf6,Cfe109b8c6d
70,0,R6bb6c9f760,C4a6518309f
70,0,R319a71fa8a,C8f3533cdcd
70,0,Re94f18124c,C4868e208e4
70,0,Rfc0e7bb1d7,C982d51d4f5
70,0,Re631daa591,C1c39ad728b
70,0,R2ce18acede,Cc59aae94a7
70,0,R617dee7aa4,Cd1830fc3b9
70,0,R471b4f3d8e,C552110d6a5
70,0,R681d760533,C40995ad25a
70,0,Rbc0993325b,C308c9e0b45
70,0,Rfeb6114619,Cf412b1b69e
70,0,R3265757b26,Ccbeaff20da
70,0,R42677b4106,C87babbdc4c
70,0,R6161a0c57a,C96fe1f6a5b
70,0,R9f0c82e633,C5b2a89851f
70,0,Re0910efca9,C05dccf2276
70,0,R6951d6249a,Cc0571e6dc0
70,0,R1926566a58,Ccc6df74d80
70,0,R13849e3a3f,Cec49c5167a
70,0,Rc78b0fd298,Caae57bffdc
70,0,Rf84cdc5865,Cc66a47f82a
70,0,Rb91bbdc354,C21ad842945
70,0,R5ae234812b,C157170d083
70,0,R198e5ff7de,Cd8cb0dbf5d
70,0,R6b51fbe746,C2ced914e00
70,0,Ra7195d8dfb,C130243cc19
70,0,Re75e0bb2ee,C4ac07ce834
70,0,Rd53729e31e,C4c3dab145e
70,0,Rde11bde54e,C6b9d4d8107
70,0,R95b8695089,Cb2c8b5ba43
70,0,R1f6a4dba9b,C1c576ac191
70,0,Rde697ac7e1,Cf1c9cdc7b1
70,0,R197aad70f4,Ca84315db1b
70,0,Ra21a595938,C5c8ade16f8
70,0,R7faa5c0d34,Cb334a6e37f
70,0,R739daeacf1,C0310ef0e9e
70,0,R11cc9dcbe6,Cb8b30032fe
70,0,Rc1267ba2fe,C204ff085ea
70,0,R8a1a2e7483,Caef1ee180c
70,0,R896870096e,C058d22bdce
70,0,R110a77f160,Ce23fafd170
70,0,R5e7591bd12,Ca1f4783a70
70,0,R4843fc01a8,Cc35a12a230
70,0,R13bc15df2f,C3560cfc07f
70,0,Rcf9192bc20,Cc4d7b34879
70,0,R2c0417c854,Cb59c9353dc
70,0,R580d82fcee,Cf9801a7a76
70,0,Rd7f43ce65c,C5a4b6c1b05
70,0,R6833dc83dc,C565f3d4cbc
70,0,R3a3d52fc6a,C1ebcaee9b3
70,0,Rf18e7e58fc,Ceaa777141a
70,0,R9f266e6c5c,C980af0ad31
70,0,R2a6716bbcc,C49062ad566
70,0,R032190fdb7,C7407f14ff7
70,0,Rfb94a37b9a,Cc71d3f3f18
70,0,R81fd5b705a,Cbb033e1d98
70,0,R72deb21f5f,C7bdf565d07
70,0,Rc513cac6d8,C85c38e7796
70,0,R43d36b0590,C5b4e1435e1
70,0,R10a32830f5,C9f4bbfccc8
70,0,Rf53a355a96,C80a74118da
70,0,Rc950ed363b,C945064b7fe
70,0,R8607223667,C28a67bda09
70,0,R8980f43c22,C8d07ea3f49
70,0,Refe1a4bff0,C58b289bc04
70,0,R202033795a,Ccd7ba08f77
70,0,R7751e6a306,C3a83e80dcf
70,0,Rabbd565622,Cc9a6db77fc
70,0,R79003317d1,C8e6d6f8fef
70,0,R2265774611,Cbccf536519
70,0,R0538db065e,C42f2b3f803
70,0,Rbd65188bc9,C82a7792c7c
70,0,R99052e0983,C6750fc3acc
70,0,R2ad4235f54,C0a565c7750
70,0,R79c14ea0c1,C47b7ceb950
70,0,R55b4d8dadf,Ceae15ea505
70,0,Rc6564a736f,C4581b8bb4f
70,0,Rc983090078,C8f98aa33cd
70,0,R443392bc56,Ca05e67ffab
70,0,R5dba306c1b,C40085769ee
70,0,R3dad026edb,C6ef6617946
70,0,R926a7c1c52,Cbcd12933ca
70,0,R8906930090,C18d38067b4
70,0,Rbab67090b2,Ceac657aae9
70,0,R72aaf88f24,C2f0c0ebb1e
70,0,Rd1328caa8e,C31c9852748
70,0,Rd53d14d041,Cebab6be6c0
70,0,R623006933d,Ccfaae11cc0
70,0,Rc6d7cef96b,Ca1c5f841a8
70,0,Rcf0e614c85,C13bc8e3ff0
70,0,Rd6c5bb7535,C2361464030
70,0,R5e7e75606f,C5efe43d910
70,0,Rbdfc230ba0,Cb6589552b5
70,0,R63235b9e90,C883563ec53
70,0,Rbf0e4d8bdd,Cdc41ea7f0b
70,0,R2dacf9a008,C9be49c3e45
70,0,Rf75f5f6ac4,Cfe7693b8e9
70,0,R380810eecb,Cc21865c189
70,0,Rb7a3928e3a,Ca8952ec628
70,0,R3ae0f5c08f,C947066f020
70,0,Rf531ec4351,Cdb70c5c0a8
70,0,Raf0c98b363,C558215fbca
70,0,R051a04bcdd,C08edf3b83c
70,0,R961c439dfe,C476a096743
70,0,R3eb8bfb4cf,C07e714e3fe
70,0,R2d76400276,Cd98f0327ec
70,0,R9463a73a7e,Cdb68d02d00
70,0,R348061b6f7,C4bdd14f967
70,0,Rc168e7fe90,Cc7fb5c049c
70,0,R98597c331e,C0d40fb3bfd
70,0,Rcfe54390cc,C97772468a6
70,0,Ra1b827ceb3,Ccfaaa32853
70,0,Refb486e55a,C5137fc3fea
70,0,Rcc60867ba7,C8daf46741e
70,0,R9d8b3c74dd,C7bbb8a6cba
70,0,R5700477887,C9853b7f91e
70,0,R8475db6480,Cbe7bd06522
70,0,R97aeffc5cb,Cfce51a0aa0
70,0,R4ca6bcc2f0,C52a6ff7ac8
70,0,R165f696993,Cf993fe259b
70,0,Rb09ba9d2e2,C24e0a48d4e
70,0,R5b1c028fab,C63cc8d26e1
70,0,R6f624d9b2a,C87a8d1efed
70,0,Rb7c1070e88,Ce9b2694cbe
70,0,R566f89ceb5,C877832a342
70,0,R9bfc51fc20,Ca7c9a262a9
70,0,R572270561f,C9d46134997
70,0,R15236302d3,Cd9d54e71b0
70,0,Rbc7d0da990,C8fc36bd105
70,0,R107fad7a13,Cbd3ac1ca3f
70,0,R47df2c8dfb,C24dfb0f997
70,0,R311a8df114,C9f62f97271
70,0,Rc8ce25343f,C0a360b6b2f
70,0,R14e15a42da,C1adcecf07a
70,0,R503eff2eb8,Cf124665efa
70,0,R18d168aa96,Caac7950dd0
70,0,Rb7adf09ef1,Ce3c4093e30
70,0,Reb9246c71e,C634d870fc4
70,0,R46ac8dc479,Ca6048c043e
70,0,Ra08e94b10a,C5a8456b430
70,0,R9f81b641d1,C3d75f30786
70,0,R6ac2c90b26,C16981d779c
70,0,Rf2ae78e64c,C058e24d484
70,0,R442c8946d4,C6c369a4bf8
70,0,R868d041e48,C2bf6dfee90
70,0,R517e4bbbbd,C04e36bf393
70,0,R6c7bca07a1,C911b0165cf
70,0,Re541cbb5de,C3122f29e27
70,0,Rf2359a35e0,C9c4999e2c0
70,0,R285cd78cbc,C3e3e03ab49
70,0,R02f78eccb7,C9dbf5f4d19
70,0,R79804fbb7b,C2051dd1a01
70,0,Rc1d6f88e8e,C0d83027f50
70,0,Rd449dbafbc,Ca95395b407
70,0,Rc1c9ca6693,Cb73d547a99
70,0,Rfbbacadab4,C15de781414
70,0,R3709ec392d,C3e3229b221
70,0,Rbb25f6f3de,Cef99676840
70,0,Rbec44bc860,Cce7f1b10dc
70,0,Rc3c27c0b92,C5361b7edaf
70,0,R2719bdfd5b,Ccd820f3480
70,0,Rf7e10eb3ce,C1b76341cf1
70,0,Rd59b55799e,Cf2bb58c1f6
70,0,Rf391ceefa6,C4e695475a7
70,0,Rbdae98f8cc,Ce9dfe72e71
70,0,R1a92fc24ee,C84d556da0a
70,0,R78c80e1066,C870dcab4fc
70,0,R04d45c14a1,C7c06c5b9d1
70,0,Rc441cbbf06,C5bb3b0b698
70,0,Re06b3d2bb9,C217a9d95e5
70,0,Rfdf18b4f5f,Ceba3462e22
70,0,R0133794776,C3251eeb4dd
70,0,R5796d79251,Cedfd5b67f2
70,0,Raab2c9e20c,C2fae88251a
70,0,R5ca92fbed9,Cae2c302200
70,0,R5fc53bf6f1,C0982b8d8e1
70,0,R1e3ac22356,Cf47c183be6
70,0,R12bf3aa337,C9fad23aaff
70,0,Re476baf0f8,C5e0119c1b6
70,0,R2a61f9f204,C53e06567ba
70,0,R2b241e8cf8,Cd4fbfc1cfd
70,0,R391386aad2,Ce53d20d861
70,0,R3a96bc2aef,C251667167d
70,0,R84d3c09834,Ca7951df1a8
70,0,R91dabe3f1b,C2fa90a4266
70,0,R0692c00dd7,C22be3f7402
70,0,R54bfef7d8a,C5f6247f8da
70,0,Rb23b3c4075,C48866c5ce1
70,0,R3762cd1f80,C003fa0a72b
70,0,R7e48ba7cd5,Ca4ce0954fd
70,0,R72cc9180dd,C808258e355
70,0,R2f401c68e8,C08715ae5a0
70,0,Rb4cd11158c,Cec341c155a
70,0,R90b87dd1f6,Ce2ccca9bf8
70,0,R700f2a40da,C924cd6b962
70,0,Ra6d5ed4567,C84757d2362
70,0,R37a4f08297,C3a1ae464a2
70,0,R7c0c893cb6,C01b470cbf0
70,0,Rae73fc4184,C88354d17d4
70,0,Rbf84bea656,Cf0c01357cf
70,0,Rfaf7188c62,Cc90b4e8160
70,0,R8f6a9852b5,Cbef5423c3f
70,0,Refc53cdf97,C0e9b311287
70,0,R29047977ae,Cfe3ee63e54
70,0,Rf34cb812df,Cf19f3aa678
70,0,Rfc4413d005,C82206a3024
70,0,Rcbdd202c1d,C6873e13b35
70,0,Ra271560ade,Cd34280f5b3
70,0,R7b962cdf91,C248f11231d
70,0,R9b31740eba,C255536d276
70,0,Rba96be79dd,Cd370fc041a
70,0,R8fed3ce6f4,C78d68a2da4
70,0,R481402afaf,Cd431e19dc7
70,0,Rf942ee30e2,C35edd072fc
70,0,R0f652273b3,C9782f88f9f
70,0,R60724ac65b,Cc57a40897e
70,0,R7eb7b96eeb,C5a6e6042ea
70,0,Rb115ea41a7,C74c153856b
70,0,R922fce3636,C9ad55fbe96
70,0,Rcf7c9e7273,C3411809575
70,0,Rd9eb95f026,C1a6f58eabd
70,0,R9c91283798,C6063ba9ded
70,0,R7c0de53b87,C5840b84bd4
70,0,Rcfc33b1898,C78a54f8d79
70,0,Rcff6d11368,C920f20202d
70,0,Rf21e6028ec,Cac8ea53fd3
70,0,R596302da41,C501ec74401
70,0,R0143afc057,C4400d4d269
70,0,R930f320f96,C356e70eb8c
70,0,R79844794b1,Ca458cbf1da
70,0,R6dc8830d32,Cb9c0f2eaf4
70,0,Raad3aa80b2,C97578bfb5a
70,0,Rbbe3756a3d,C011cd4772d
70,0,R83af9009ae,C438ced017f
70,0,R1b08b8e3e2,Cc4e86e9a0d
70,0,R5b00f9449b,C43916076b8
71,0,R4dbc3107b9,Cc6723a725d
71,0,Ra7cfa3ee23,C0df8cd7ead
71,0,Rb4f6b5fb12,Cf1d8efe7ae
71,0,Rff25727bbc,C1063a40316
71,0,R8bcba3e5ad,C63cc8d26e1
71,0,Radece755fe,C51266fde79
71,0,Rce1069e496,C44a56e9ab5
71,0,R58936d6e3f,C8fc36bd105
71,0,R8968446e5d,Cb06fc02312
71,0,Rb939737418,Cbcec0396b4
71,0,R78f611c1de,Cb3967c9067
71,0,R3e251d3e67,C0d3ca58a62
71,0,R24a04107ec,Cf62ff6f306
71,0,Rf7c5b546b8,C8fcf4ccf07
71,0,R76ed75a28b,Cb987cbb8a7
71,0,Rbada83fd2d,C1b6a86fea0
71,0,Rc19f17c92b,C3f48fb3c4b
71,0,Rc8986b5bbc,C87a8d1efed
71,0,Rc13e1df55b,C501ec74401
71,0,R62373df43d,Ca3e448cd60
71,0,R1e2874a134,C9e14bebfa1
71,0,R81609672fa,C3b1cc5570a
71,0,Ree6d60fb35,Ca4fe303e59
71,0,R5bcb77de81,C998cb81756
71,0,R73595042d8,C271b00c1c0
71,0,R0824123817,C0d83027f50
71,0,R35d7389b9d,C3ae73c8fe3
71,0,Rdc8ffad489,C2ed4474874
71,0,R1fcb25dab6,Cc162a718a4
71,0,Re3c46efe14,Cc2b3f79cfc
71,0,R15c4357378,Cc4bc710836
71,0,R09d20fe0fb,C397ed46b45
71,0,R49b1d2ee75,Caac7950dd0
71,0,Rf593a30828,C2f616b3648
71,0,R27abe58351,Ccda85c002e
71,0,R2961142538,C911b0165cf
71,0,R686791c4f2,Cd1f0e412ad
71,0,Rb43605cf94,C76b5597362
71,0,Rc1c6bea3c1,C19b6de53c8
71,0,Ra28f92ca6b,Cc8a19b6692
71,0,R37d999ebe6,C49a072c59e
71,0,R86b8366657,Ccc235a797d
71,0,Rad3ec0ad8a,C160794870a
71,0,Rdca51334ad,Cf5c723d9fe
71,0,R6f04da6944,C7b48231b57
71,0,Rdd37a70f5c,C9ab5117aa0
71,0,R9685110622,C97b8fd5aaa
71,0,R13a09c6aa6,C05dc4f162e
71,0,R64924513e2,C0398ddc851
71,0,R7ba7123bd6,C65e44fb0ff
71,0,Re8085841e6,C39de97a618
71,0,Rdfa3947a4d,Cb3302adc9c
71,0,Rfe8f302be8,Ca72c82738c
71,0,Rbfdb00eb52,Cf6a0100702
71,0,R75a81a6d30,C1a6f58eabd
71,0,R8b641878c7,C6e985a6a57
71,0,Rf9f41640c4,Cd066883510
71,0,R4e11cb597b,Cf4a3ac088b
71,0,Rd577108c31,C17652c307d
71,0,R647a8ac320,Ce2d5bf4b4a
71,0,Re67846777b,Ca2f4a713fa
71,0,R2f6d14f126,C55f4eaceee
71,0,R7c5002d8f1,C61fce8e117
71,0,Rd8bf5fb470,C1b76341cf1
71,0,Radc387d19a,Ce9dfe72e71
71,0,R6b11a2df1e,Ccf2ca448c0
71,0,R472c10068d,C7d77d88433
71,0,R309849d9e3,C9574535e76
71,0,R9337f41d57,C7620db735a
71,0,R6f6e37f19d,Cc56bca2098
71,0,Rc7492deb2e,C8a53f0ef95
71,0,R9301f60a42,C97e8b2cce5
71,0,R3ced5861d7,Cbb992ee51a
71,0,R4a66e13a93,C924cd6b962
71,0,R8087bfa736,C9b5ba26b51
71,0,R23cf48d18b,C743a06ad98
71,0,Rcadf513fee,C011e56247c
71,0,Rbd0fe1762f,C252b5351b4
71,0,R8d0545ef51,Cd963376498
71,0,R7e672d831e,C806eaf46af
71,0,Rbf0e4d8bdd,Cdc41ea7f0b
71,0,Recb851765e,Cb4daf055dc
71,0,R4b10c3c168,Cce7f1b10dc
71,0,Re3af0eb0ca,C2fa90a4266
71,0,Rfb75f7beb4,Ce6b6ce1c97
71,0,Rb1808031eb,Cda0ceae80f
71,0,R264d76027a,C6a6485d4aa
71,0,R019736a8f7,C3e160cd01c
71,0,Rb8be4f0d26,Ce62503131c
71,0,R5bad4fe4b8,Ca413d523b5
71,0,Rf3f99aa719,C8fc1c9c03e
71,0,Rfe314dfa5e,C183c071011
71,0,Rde3381918d,C634d870fc4
71,0,R6167a06a50,C53e06567ba
71,0,Rdb6ab94ea5,Cae2c302200
71,0,R7159ea954e,C859ce3d1ce
71,0,R52f131404f,Cba29820350
71,0,R79003317d1,C8e6d6f8fef
71,0,Ra1d88ad464,Ce8b289e1c5
71,0,Rebeaad8e27,Cd90c0c3ca9
71,0,R97fed2474f,Ca4ce0954fd
71,0,R7e085912d8,C177897586b
71,0,R980dd2db61,C8688f4fa1e
71,0,R4123a62532,C6dadcecb64
71,0,Rf7b018e100,C7de61a47a6
71,0,R87d16a2110,C5e0119c1b6
71,0,R50e3b6d8f8,C5e9af00cdd
71,0,R8bccc87668,C78c6e545e4
71,0,R20b91afd06,C59c7ea243e
71,0,R5dba306c1b,C40085769ee
71,0,Rd01d528d08,C0e6b09f564
71,0,R9dc822d8d8,C64ba961b7d
71,0,R1b6d0d3062,C2fae88251a
71,0,R8b257ef7a7,C0c16caf122
71,0,R5dd445fbe3,Cc18c808129
71,0,Re119d2542c,C576a7f67eb
71,0,R93f9d8922a,Cec341c155a
71,0,R2305bca064,C8e75a8d800
71,0,Ra502d46cd3,C43030a245d
71,0,Ra65c546663,C489efe2e4f
71,0,Ra773acca25,Cd61eb4a96b
71,0,Rf7c81c3871,C88354d17d4
71,0,R75a6912332,C42ae098e66
71,0,Ra4bfd8dd2e,C5f6247f8da
71,0,R4f6970480b,C7e6ce3d873
71,0,R876501df9c,C649457b362
71,0,R8f768f4c6e,C0982b8d8e1
71,0,R63ca6779d8,C16db06cceb
71,0,R92b390ab96,C093f6e291d
71,0,R6b1c1af053,Cc9ee0f8420
71,0,R25bd28c10b,C4cd547715d
71,0,R450582df83,C64ab168363
71,0,Rcee22f895f,Cb8c97a5e6d
71,0,R0de3cc71c6,C941cc48530
71,0,Rd3e5cce00a,Cac80df6184
71,0,R2de80221b2,C8e8ec57a85
71,0,R1d5acbb894,Ca5ab600d3c
71,0,Re942b91eca,Cc94754ef29
71,0,R3d2bccb48a,Cfdfaa02351
71,0,R7b908c1890,Ce184a1eda1
71,0,Ra5787e3ec5,Cb6dc3dd913
71,0,R385a0ced0a,C8547cf535c
71,0,R8b971688c6,C991888a71e
71,0,Rdc102b2ab0,Cd0c6026ef2
71,0,R8d364212cb,C0cdad53b7e
71,0,Rb0080b4ca9,C78cf1a7e50
71,0,R8e29e2465f,Ca7951df1a8
71,0,R07f445e84f,C1531dfe6a7
71,0,Rb9876a14d2,Ceba3462e22
71,0,R6f97c7a577,Cb3b1af40a9
71,0,R98d76a26be,C5a0fe2c99c
71,0,R04e266bdec,C064cd73d50
71,0,R7cfff74f78,Ccb5d8acdd5
71,0,Rba5d717168,Cd431e19dc7
71,0,R92fae8b4d8,C745fe12edb
71,0,Rc7f5a1e853,C101a79897f
71,0,Reff3cde780,C20f0cf747c
71,0,R1baed46271,C10522fc5c2
71,0,R7f28d2ebfc,C3d415f26e5
71,0,Rcf062f6ad7,Ca80b141e4c
71,0,R0faf6ffc61,C29a4e350b8
71,0,Raddf29b1b4,C4eb7fead96
71,0,R6951d6249a,Cc0571e6dc0
71,0,R5c0b14ffb7,C7cf50caa76
71,0,R3ae9a6a18b,Cd0aef43603
71,0,R9b9021d14e,C3a1ae464a2
71,0,Re90e7beb78,C4741113e0a
71,0,Ree642bf54f,Ccc84ec3fd4
71,0,R3b8bfe8530,C33427d2883
71,0,R4406f5efda,C8196153daf
71,0,R3859797a17,C4364cfaad7
71,0,R8ec4704964,C031f5ac972
71,0,R7c6f17c2d5,C180b1e7a77
71,0,Rb713dabc67,C6873e13b35
71,0,Rd7d05cc28a,C30bcbfa107
71,0,R636b0fd424,C9782f88f9f
71,0,R3be457ac0a,C4800723ce5
71,0,Rd88fca55f6,C651325de96
71,0,Recd736b795,Cfb6d582d9a
71,0,R70c8910c88,C7e8aff4155
71,0,Rce0a6102ce,C8f01c00341
71,0,R4b99520fdb,C834062ca12
71,0,R784160c0a5,C13fae63b64
71,0,R33c49c5f38,Ca40ded71b2
71,0,R4d9cd7b23d,C438d15bf1e
71,0,R466cf9cabe,C319f4d292f
71,0,Rf53a355a96,C80a74118da
71,0,R01cb8aaa99,C70d54b76f3
71,0,R2ad4235f54,C0a565c7750
71,0,Rb7bfd88e06,C55ba33cc0d
71,0,R7faa5c0d34,Cb334a6e37f
71,0,R74b2f18977,C45a1f56781
71,0,Rb3fb4fb0fe,C01e63f37ff
71,0,R79cfc51671,Cd409485e53
71,0,R6d2a8c7b1f,C518d7e8018
71,0,R197aad70f4,Ca84315db1b
71,0,R99052e0983,C6750fc3acc
71,0,Ra7195d8dfb,C130243cc19
71,0,R202033795a,Ccd7ba08f77
71,0,R91d67e113a,C722bf4e297
71,0,Rf84cdc5865,Cc66a47f82a
71,0,Rd7f43ce65c,C5a4b6c1b05
71,0,R896870096e,C058d22bdce
71,0,Rcf9192bc20,Cc4d7b34879
71,0,R3a3d52fc6a,C1ebcaee9b3
71,0,R0538db065e,C42f2b3f803
71,0,Re75e0bb2ee,C4ac07ce834
71,0,R580d82fcee,Cf9801a7a76
71,0,R11cc9dcbe6,Cb8b30032fe
71,0,R13849e3a3f,Cec49c5167a
71,0,Rc513cac6d8,C85c38e7796
71,0,R13c10435bd,C3b764e733a
71,0,R55b4d8dadf,Ceae15ea505
71,0,R8a1a2e7483,Caef1ee180c
71,0,Rc78b0fd298,Caae57bffdc
71,0,R110a77f160,Ce23fafd170
71,0,Rfb94a37b9a,Cc71d3f3f18
71,0,Ra60c303d82,Ca5cc80edd4
71,0,R88d0ee9328,C920f20202d
71,0,R1702aa5590,C3411809575
71,0,R2d67bdfbc6,Cb9c0f2eaf4
71,0,R3dad026edb,C6ef6617946
71,0,Rdcf170327b,Cc765cb5f26
71,0,R43d36b0590,C5b4e1435e1
71,0,R35f529c61e,C8127ade122
71,0,R926a7c1c52,Cbcd12933ca
71,0,Rd1328caa8e,C31c9852748
71,0,Refe1a4bff0,C58b289bc04
71,0,Rbd65188bc9,C82a7792c7c
71,0,Rb91bbdc354,C21ad842945
71,0,Rde697ac7e1,Cf1c9cdc7b1
71,0,R79c14ea0c1,C47b7ceb950
71,0,R9f266e6c5c,C980af0ad31
71,0,Rabbd565622,Cc9a6db77fc
71,0,R8607223667,C28a67bda09
71,0,R443392bc56,Ca05e67ffab
71,0,R13bc15df2f,C3560cfc07f
71,0,R032190fdb7,C7407f14ff7
71,0,Ra21a595938,C5c8ade16f8
71,0,R5e7591bd12,Ca1f4783a70
71,0,R7751e6a306,C3a83e80dcf
71,0,Rbab67090b2,Ceac657aae9
71,0,Rc983090078,C8f98aa33cd
71,0,Rc6d7cef96b,Ca1c5f841a8
71,0,Rcc21a3ee64,C58c746d734
71,0,R54a59b90be,C431072c4c8
71,0,Rc1267ba2fe,C204ff085ea
71,0,R2dacf9a008,C9be49c3e45
71,0,R81fd5b705a,Cbb033e1d98
71,0,Rd53d14d041,Cebab6be6c0
71,0,Raf0c98b363,C558215fbca
71,0,R5cf7e20919,Ca0c099e54d
71,0,R623006933d,Ccfaae11cc0
71,0,R8980f43c22,C8d07ea3f49
71,0,Rcf0e614c85,C13bc8e3ff0
71,0,Rd6c5bb7535,C2361464030
71,0,Rf75f5f6ac4,Cfe7693b8e9
71,0,Rb7a3928e3a,Ca8952ec628
71,0,Ra5157d5ecf,Ceea91a5572
71,0,R72aaf88f24,C2f0c0ebb1e
71,0,Rf531ec4351,Cdb70c5c0a8
71,0,R380810eecb,Cc21865c189
71,0,R5e7e75606f,C5efe43d910
71,0,R94d369c27c,C43916076b8
71,0,R838dbe0d58,C29b8bc5dde
71,0,R051a04bcdd,C08edf3b83c
71,0,R5d91898f77,Cfa94efbdec
71,0,R3eb8bfb4cf,C07e714e3fe
71,0,R2061d2edf4,Cd1bced9104
71,0,Rdd42aa8d51,Cf31b96f1f7
71,0,R11e8923074,C2f033ca349
71,0,R972bc35b98,Cabd1571f96
71,0,R7008ce9a1e,Cc607fff889
71,0,R9cda7ba2fe,C313b61152e
71,0,Rbb5ed888a9,Cc02b373579
71,0,R6ebed80104,C6f280febd4
71,0,R949cdfc32e,C750d9c32d1
71,0,Rbed3415f0c,Cc5eeab9358
71,0,Ra262cd1605,C7aef368237
71,0,R1950ff05d4,Cc01c15b068
71,0,Rddf6657707,C86afbe8206
71,0,R4d49ea70f5,C2e293a09e3
71,0,R994a1fec9c,C810065bdce
71,0,R3962a206fe,C304b5c48d0
71,0,R74ee3aab9d,C421293ecba
71,0,R8f3395c20b,C7fd3fdbbb2
71,0,R4c33a7aa9c,C8df9cab8af
71,0,R1a19134c74,C47d9443216
71,0,Rf2224c4811,Cadde2a6b01
71,0,R20b7095ec6,Cc6fda2d2b6
71,0,R14c89bab4e,C5761c54c6f
71,0,R8543a66c88,C8a857df773
71,0,R210ea6fa64,Cb6ec071a8a
71,0,R93178f8a91,C467f411929
71,0,R845b7df50f,Cb06510b047
71,0,Rded1cd6276,C54ab2b2de0
71,0,Rcf8ee4d278,C6b1bc07e39
71,0,Rf0d7d1aaf5,C31e504676c
71,0,Re3fd2edf65,C51da8f1c58
71,0,R999ac7b5a8,C153d5d010a
71,0,R8c33e1aacd,Cfaf01bce3e
71,0,Rf60c039a1e,Cbe59b300bf
71,0,Rddf2b23fd9,C6b6d1027fc
71,0,R528fdb5b1f,C6830e4c291
71,0,Rf2511f5f35,Ccf48d31684
71,0,R62e2148d67,C46f9125df3
71,0,R1a9aa07b70,C0578526664
71,0,R69e9aca5a3,Caa8d5807d2
71,0,Ra93f9ece1f,C4dfd104e38
71,0,Re9afda1fc7,C540f122b3b
71,0,Rf7107fa758,C76446404e5
71,0,R4fb64c89d1,Cb70c5bec81
71,0,Rc4aaba03e0,Cd53b7f6e75
71,0,R6533a637aa,Cc5a22e77a1
71,0,R086c59b9b3,C28b469f04d
71,0,R1f93393ec9,C8d3b5f3925
71,0,Rfe32b3437f,C84f356a627
71,0,R3e37cada78,Ccac55502ea
71,0,Ra73c9bb160,Ca914e9f52f
71,0,R6dab73397e,C90fd581ca6
71,0,R9f436a7f7c,C77b40272ff
71,0,R7d612d3c19,Cf5e6dc7e4b
71,0,Ra8186bd42e,Cd5e1d05b83
71,0,Rd23678458e,C773ed54a5f
71,0,R2cbe582a23,Cd573a72ed7
71,0,Rc7eec2d1d3,C250cdecf69
71,0,Re8acb74147,C46843f5c2f
71,0,R908b0ca1ef,C5f5268288e
71,0,R23ddfb768a,C415a539d19
71,0,Rb99e14f98f,C9cc9c691c1
71,0,Re140d141d4,C0eb5d4e43c
71,0,R7ff09ad3e2,C5113195ef2
71,0,R1a085a1912,Ce9f31490cd
71,0,R668278da1d,Ce44b4be987
71,0,R994e734eb6,Cc2d1accecc
71,0,R7ab79f1ada,Cbf7ed6d13c
71,0,R9a76157d30,Cad18a092f4
71,0,R5b3ecfe4e8,Ca56ea7ed05
71,0,Rb7d79de821,C6fcee5cae8
71,0,R1e074397e5,C720cf83ef5
71,0,Rc86f46ebb7,C1168d5e4ba
71,0,R9484cb77d7,C6d928afa80
71,0,Ra902884b59,Cfc22b47a49
71,0,R0168664161,C2de981572a
71,0,Rd17c169ccc,Cff80d8d7a6
71,0,Rd9ad6d606a,C9a17253f96
71,0,R34930392da,C35e74cb195
71,0,Re2cb66c322,C2d7838a228
71,0,R7c57731c5e,Cafe9161789
71,0,R798865c2aa,C8bba2f0f17
71,0,Rcb43b9cbd2,C5996fd702a
71,0,Rc307305498,Cb34690723e
71,0,Rd7c6bf9f1b,C366f28a818
71,0,R1a1aabbcf0,C29476d49f2
71,0,R2dfa6eb146,C903714463d
71,0,R57685703ab,C947066f020
