day,sport,market_class,acted,has_close,graded
0,MLB,ML,1,0,0
0,MLB,TOTAL,1,0,1
0,MLB,ML,1,1,0
0,MLB,ML,1,0,0
0,MLB,ML,1,1,0
0,MLB,PROP,1,0,1
0,MLB,TEAM_TOTAL,1,0,0
0,MLB,ML,1,1,0
0,MLB,TEAM_TOTAL,1,0,0
0,MLB,TEAM_TOTAL,1,0,0
0,MLB,TEAM_TOTAL,1,0,0
0,MLB,F5,1,0,0
0,MLB,TEAM_TOTAL,1,0,0
0,MLB,TOTAL,1,0,1
0,MLB,F5,1,0,0
0,MLB,TEAM_TOTAL,1,0,0
0,MLB,PROP,1,0,1
0,MLB,TOTAL,1,0,1
0,MLB,PROP,1,0,1
0,MLB,TEAM_TOTAL,1,0,0
0,MLB,TOTAL,1,0,1
0,MLB,PROP,1,0,1
0,WC,TOTAL,1,1,1
0,WC,TOTAL,1,1,1
0,WC,BTTS,1,0,1
1,MLB,ML,1,0,0
1,MLB,ML,1,0,0
1,MLB,TEAM_TOTAL,1,0,0
1,MLB,TEAM_TOTAL,1,0,0
1,MLB,TEAM_TOTAL,1,0,0
1,MLB,TEAM_TOTAL,1,0,0
1,MLB,TEAM_TOTAL,1,0,0
1,MLB,F5,1,0,0
1,MLB,TEAM_TOTAL,1,0,0
1,MLB,TEAM_TOTAL,1,0,0
1,MLB,TOTAL,1,0,1
1,MLB,TOTAL,1,0,1
1,MLB,ML,1,0,0
1,MLB,ML,1,0,0
1,MLB,ML,1,0,0
2,MLB,RUNLINE,1,0,0
2,MLB,PROP,1,0,1
2,MLB,RUNLINE,1,0,0
2,MLB,RUNLINE,1,0,0
2,MLB,RUNLINE,1,0,0
2,MLB,PROP,1,0,1
2,MLB,PROP,1,0,1
2,MLB,RUNLINE,1,0,0
2,MLB,PROP,1,0,1
2,MLB,RUNLINE,1,0,0
2,MLB,RUNLINE,1,0,0
2,MLB,PROP,1,1,1
2,MLB,PROP,1,0,1
2,MLB,PROP,1,0,1
2,MLB,PROP,1,0,1
2,MLB,PROP,1,0,1
2,MLB,PROP,1,0,1
2,MLB,ML,1,1,0
2,MLB,PROP,1,0,1
2,MLB,PROP,1,0,1
2,MLB,TEAM_TOTAL,1,0,0
2,MLB,PROP,1,0,1
2,MLB,PROP,1,0,1
2,MLB,TEAM_TOTAL,1,0,0
2,MLB,PROP,1,0,1
2,MLB,PROP,1,0,1
2,MLB,TEAM_TOTAL,1,0,0
2,MLB,PROP,1,0,1
2,MLB,PROP,1,0,1
2,MLB,PROP,1,0,1
2,MLB,PROP,1,0,1
2,MLB,PROP,1,0,1
2,MLB,PROP,1,0,1
2,MLB,PROP,1,0,1
2,MLB,PROP,1,1,1
2,MLB,TEAM_TOTAL,1,0,0
2,MLB,PROP,1,0,1
2,MLB,TOTAL,1,0,1
2,MLB,ML,1,1,0
2,MLB,TOTAL,1,0,1
2,MLB,TOTAL,1,0,1
2,MLB,F5,1,0,0
2,MLB,F5,1,0,0
2,MLB,PROP,1,0,1
2,MLB,TEAM_TOTAL,1,0,0
2,WC,BTTS,1,0,1
3,MLB,TOTAL,1,1,1
3,MLB,TEAM_TOTAL,1,0,0
3,MLB,TEAM_TOTAL,1,0,0
3,MLB,ML,1,1,0
3,MLB,TEAM_TOTAL,1,0,0
3,MLB,TOTAL,1,0,1
3,MLB,TEAM_TOTAL,1,0,0
3,MLB,TOTAL,1,0,1
3,MLB,TOTAL,1,1,1
3,MLB,ML,1,0,0
3,WC,AH,1,0,0
4,MLB,ML,1,1,0
4,MLB,PROP,1,0,1
4,MLB,TEAM_TOTAL,1,0,0
4,MLB,TOTAL,1,1,1
4,MLB,TOTAL,1,0,1
4,MLB,PROP,1,0,1
4,WC,AH,1,0,0
4,WC,ML,1,1,1
5,MLB,PROP,1,0,1
5,MLB,PROP,1,1,1
5,MLB,PROP,1,0,1
5,MLB,PROP,1,0,1
5,MLB,PROP,1,0,1
5,MLB,PROP,1,0,1
5,MLB,PROP,1,0,1
5,MLB,PROP,1,0,1
5,MLB,PROP,1,0,1
5,MLB,PROP,1,0,1
5,MLB,PROP,1,0,1
5,MLB,PROP,1,0,1
5,MLB,PROP,1,0,1
6,WC,TOTAL,1,1,1
7,WC,TOTAL,1,1,1
7,WC,BTTS,1,0,1
7,WC,ML,1,1,1
7,WNBA,TOTAL,1,1,0
7,WNBA,RUNLINE,1,0,0
7,WNBA,PROP,1,0,1
7,WNBA,PROP,1,0,1
7,WNBA,PROP,1,0,1
7,WNBA,PROP,1,1,1
7,WNBA,PROP,1,1,1
7,WNBA,PROP,1,1,1
7,WNBA,PROP,1,1,1
7,WNBA,PROP,1,1,1
7,WNBA,PROP,1,0,1
7,WNBA,PROP,1,0,1
7,WNBA,PROP,1,1,1
7,WNBA,PROP,1,1,1
7,WNBA,PROP,1,1,1
7,WNBA,PROP,1,1,1
7,WNBA,PROP,1,1,1
7,WNBA,ML,1,0,0
7,WNBA,PROP,1,0,1
7,WNBA,ML,1,0,0
8,MLB,PROP,1,0,1
8,MLB,PROP,1,0,1
8,MLB,F5,1,0,1
8,MLB,PROP,1,0,1
8,WNBA,ML,1,0,0
8,WNBA,RUNLINE,1,0,0
8,WNBA,PROP,1,1,1
8,WNBA,PROP,1,1,0
8,WNBA,PROP,1,1,1
8,WNBA,PROP,1,1,0
8,WNBA,PROP,1,1,1
9,MLB,PROP,1,1,1
9,MLB,PROP,1,0,1
9,MLB,PROP,1,0,1
9,MLB,F5,1,0,1
9,MLB,PROP,1,0,1
9,MLB,PROP,1,0,1
9,MLB,PROP,1,1,1
9,MLB,PROP,1,0,1
9,MLB,TEAM_TOTAL,1,0,0
9,MLB,PROP,1,0,1
9,MLB,PROP,1,0,1
9,MLB,PROP,1,0,1
9,WNBA,TOTAL,1,1,0
9,WNBA,TOTAL,1,0,0
9,WNBA,RUNLINE,1,0,0
9,WNBA,PROP,1,0,1
9,WNBA,PROP,1,0,1
9,WNBA,PROP,1,0,1
9,WNBA,PROP,1,0,1
9,WNBA,PROP,1,0,1
9,WNBA,PROP,1,0,1
9,WNBA,PROP,1,0,1
9,WNBA,PROP,1,0,1
9,WNBA,PROP,1,0,1
9,WNBA,PROP,1,0,1
9,WNBA,PROP,1,1,1
9,WNBA,PROP,1,0,1
9,WNBA,PROP,1,0,1
9,WNBA,PROP,1,0,1
9,WNBA,PROP,1,0,1
9,WNBA,PROP,1,1,1
9,WNBA,PROP,1,1,1
9,WNBA,PROP,1,0,1
9,WNBA,PROP,1,0,1
9,WNBA,PROP,1,0,1
9,WNBA,PROP,1,0,1
9,WNBA,PROP,1,0,1
9,WNBA,PROP,1,0,1
9,WNBA,PROP,1,0,1
9,WNBA,PROP,1,0,1
9,WNBA,PROP,1,1,1
9,WNBA,PROP,1,0,1
9,WNBA,PROP,1,0,1
9,WNBA,PROP,1,0,1
9,WNBA,ML,1,0,0
10,MLB,PROP,1,0,1
10,MLB,PROP,1,0,1
10,MLB,PROP,1,0,1
10,MLB,PROP,1,0,1
10,MLB,PROP,1,0,1
10,MLB,PROP,1,0,1
10,MLB,PROP,1,0,1
10,MLB,PROP,1,1,1
10,MLB,PROP,1,1,1
10,MLB,PROP,1,0,1
10,MLB,PROP,1,1,1
10,MLB,PROP,1,0,1
10,MLB,PROP,1,1,1
10,MLB,PROP,1,1,1
10,MLB,PROP,1,0,1
10,MLB,PROP,1,1,1
10,WC,AH,1,0,0
10,WC,ML,1,1,1
10,WNBA,RUNLINE,1,0,0
10,WNBA,PROP,1,1,1
10,WNBA,PROP,1,0,1
10,WNBA,PROP,1,1,1
10,WNBA,PROP,1,0,1
10,WNBA,PROP,1,1,1
10,WNBA,PROP,1,0,1
10,WNBA,PROP,1,1,1
10,WNBA,PROP,1,0,1
10,WNBA,PROP,1,0,1
10,WNBA,PROP,1,0,1
10,WNBA,PROP,1,0,1
10,WNBA,PROP,1,1,1
10,WNBA,PROP,1,1,1
10,WNBA,PROP,1,1,1
10,WNBA,PROP,1,1,1
10,WNBA,PROP,1,0,1
10,WNBA,PROP,1,0,1
10,WNBA,PROP,1,0,1
10,WNBA,PROP,1,0,1
10,WNBA,PROP,1,1,1
10,WNBA,ML,1,0,0
10,WNBA,ML,1,0,0
11,MLB,PROP,1,0,1
11,MLB,PROP,1,0,1
11,MLB,PROP,1,0,1
11,MLB,PROP,1,0,1
11,MLB,PROP,1,0,1
11,MLB,PROP,1,0,1
11,MLB,PROP,1,1,1
11,MLB,PROP,1,0,1
11,MLB,PROP,1,1,1
11,MLB,PROP,1,1,1
11,MLB,F5,1,0,1
11,MLB,PROP,1,0,1
11,MLB,PROP,1,1,1
11,WC,ML,1,1,1
11,WC,AH,1,0,0
11,WC,TOTAL,1,1,1
11,WC,BTTS,1,0,1
11,WNBA,PROP,1,0,1
11,WNBA,PROP,1,0,1
11,WNBA,RUNLINE,1,0,0
11,WNBA,PROP,1,0,1
11,WNBA,RUNLINE,1,0,0
11,WNBA,PROP,1,0,1
11,WNBA,PROP,1,0,1
11,WNBA,PROP,1,0,1
11,WNBA,PROP,1,0,1
11,WNBA,PROP,1,0,1
11,WNBA,PROP,1,0,1
11,WNBA,PROP,1,0,1
11,WNBA,PROP,1,0,1
11,WNBA,PROP,1,0,1
11,WNBA,PROP,1,0,1
11,WNBA,PROP,1,1,1
11,WNBA,PROP,1,1,1
11,WNBA,PROP,1,0,1
11,WNBA,PROP,1,0,1
11,WNBA,PROP,1,0,1
11,WNBA,PROP,1,0,1
11,WNBA,PROP,1,0,1
11,WNBA,PROP,1,0,1
11,WNBA,PROP,1,0,1
11,WNBA,PROP,1,0,1
11,WNBA,PROP,1,0,1
11,WNBA,PROP,1,0,1
11,WNBA,PROP,1,1,1
11,WNBA,PROP,1,0,1
12,MLB,PROP,1,1,1
12,MLB,PROP,1,0,1
12,MLB,PROP,1,0,1
12,MLB,PROP,1,1,1
12,MLB,PROP,1,0,1
12,MLB,PROP,1,1,1
12,MLB,PROP,1,1,1
12,MLB,ML,1,1,0
12,MLB,PROP,1,0,1
12,MLB,PROP,1,1,1
12,MLB,PROP,1,1,1
12,MLB,PROP,1,1,1
12,MLB,PROP,0,1,1
12,MLB,TEAM_TOTAL,1,0,0
12,MLB,PROP,1,0,1
12,MLB,PROP,0,0,1
12,MLB,PROP,0,1,1
12,MLB,TEAM_TOTAL,0,0,0
12,MLB,PROP,0,0,1
12,MLB,PROP,0,1,1
12,MLB,TEAM_TOTAL,0,0,0
12,MLB,TEAM_TOTAL,0,0,0
12,MLB,PROP,0,1,1
12,MLB,PROP,0,1,1
12,MLB,PROP,0,0,1
12,MLB,ML,0,1,0
12,MLB,PROP,0,0,1
12,MLB,PROP,0,0,1
12,MLB,PROP,0,1,1
12,MLB,PROP,0,0,1
12,MLB,ML,0,1,0
12,MLB,PROP,0,1,1
12,MLB,PROP,0,1,1
12,MLB,TEAM_TOTAL,0,0,0
12,MLB,PROP,0,0,1
12,MLB,TOTAL,0,0,1
12,MLB,PROP,0,1,1
12,MLB,TOTAL,0,1,1
12,MLB,TOTAL,0,1,1
12,MLB,ML,0,1,0
12,MLB,F5,0,0,1
12,MLB,PROP,0,1,1
12,MLB,PROP,0,0,1
12,MLB,PROP,0,1,1
12,MLB,PROP,0,1,1
12,MLB,PROP,0,1,1
12,MLB,PROP,0,0,1
12,MLB,PROP,0,0,1
12,MLB,TOTAL,0,1,1
12,MLB,PROP,0,1,1
12,MLB,PROP,0,1,1
12,MLB,PROP,0,0,1
12,MLB,F5,0,0,1
12,MLB,PROP,0,0,1
12,MLB,PROP,0,0,1
12,MLB,TOTAL,0,1,1
12,MLB,TOTAL,0,1,1
12,MLB,PROP,0,0,1
12,MLB,PROP,0,1,1
12,MLB,PROP,0,0,1
12,MLB,PROP,0,0,1
12,MLB,PROP,0,1,1
12,MLB,PROP,0,0,1
12,MLB,ML,0,1,0
12,MLB,PROP,0,0,1
12,MLB,ML,0,1,0
12,MLB,PROP,0,0,1
12,MLB,PROP,0,1,1
12,MLB,F5,0,0,1
12,MLB,PROP,0,0,1
12,MLB,PROP,0,1,1
12,MLB,F5,0,0,1
12,MLB,RUNLINE,0,0,0
12,MLB,PROP,0,0,1
12,MLB,RUNLINE,0,0,0
12,MLB,PROP,0,1,1
12,MLB,PROP,0,0,1
12,MLB,PROP,0,0,1
12,MLB,ML,0,1,0
12,MLB,PROP,0,0,1
12,MLB,PROP,0,1,1
12,MLB,PROP,0,1,1
12,MLB,PROP,0,0,1
12,MLB,PROP,0,0,1
12,MLB,PROP,0,0,1
12,MLB,PROP,0,0,1
12,MLB,PROP,0,1,1
12,MLB,PROP,0,1,1
12,MLB,PROP,0,1,1
12,MLB,PROP,0,1,1
12,MLB,PROP,0,1,1
12,MLB,PROP,0,1,1
12,MLB,ML,0,1,0
12,MLB,PROP,0,0,1
12,MLB,PROP,0,1,1
12,MLB,PROP,0,1,1
12,MLB,PROP,0,1,1
12,MLB,PROP,0,1,1
12,MLB,F5,0,0,1
12,MLB,PROP,0,0,1
12,MLB,PROP,0,1,1
12,MLB,PROP,0,1,1
12,MLB,PROP,0,1,1
12,MLB,PROP,0,1,1
12,MLB,PROP,0,0,1
12,MLB,PROP,1,1,1
12,MLB,PROP,0,0,1
12,MLB,PROP,0,0,1
12,MLB,PROP,0,1,1
12,MLB,PROP,0,1,1
12,MLB,PROP,0,0,1
12,MLB,PROP,0,0,1
12,MLB,PROP,0,1,1
12,MLB,PROP,0,1,1
12,MLB,PROP,0,1,1
12,MLB,PROP,0,1,1
12,MLB,PROP,0,1,1
12,MLB,TOTAL,0,1,1
12,MLB,PROP,0,1,1
12,MLB,F5,0,0,1
12,MLB,PROP,0,0,1
12,MLB,PROP,0,0,1
12,MLB,PROP,0,1,1
12,MLB,PROP,0,0,1
12,MLB,PROP,0,1,1
12,MLB,PROP,0,1,1
12,MLB,RUNLINE,0,0,0
12,MLB,PROP,0,1,1
12,MLB,ML,0,1,0
12,MLB,PROP,0,1,1
12,MLB,PROP,0,1,1
12,MLB,PROP,0,0,1
12,MLB,PROP,0,1,1
12,MLB,PROP,0,0,1
12,MLB,PROP,0,1,1
12,MLB,PROP,0,1,1
12,MLB,PROP,0,1,1
12,MLB,PROP,0,0,1
12,MLB,PROP,0,0,1
12,MLB,PROP,0,1,1
12,MLB,PROP,0,1,1
12,MLB,PROP,0,1,1
12,MLB,PROP,0,1,1
12,MLB,PROP,0,1,1
12,MLB,PROP,0,1,1
12,MLB,PROP,0,0,1
12,MLB,PROP,0,0,1
12,MLB,PROP,0,1,1
12,MLB,PROP,0,1,1
12,MLB,PROP,0,1,1
12,MLB,PROP,0,1,1
12,MLB,PROP,0,1,1
12,MLB,RUNLINE,0,0,0
12,MLB,PROP,0,1,1
12,MLB,PROP,0,1,1
12,MLB,PROP,0,1,1
12,MLB,PROP,0,1,1
12,MLB,PROP,0,1,1
12,MLB,PROP,0,0,1
12,MLB,PROP,0,1,1
12,MLB,PROP,0,1,1
12,MLB,PROP,0,0,1
12,MLB,PROP,0,1,1
12,WNBA,RUNLINE,1,0,0
12,WNBA,RUNLINE,1,0,0
12,WNBA,PROP,1,0,1
12,WNBA,PROP,1,0,1
12,WNBA,PROP,1,1,1
12,WNBA,PROP,1,1,1
12,WNBA,PROP,1,1,1
12,WNBA,PROP,1,1,1
12,WNBA,PROP,1,1,1
12,WNBA,PROP,1,0,1
12,WNBA,PROP,1,1,1
12,WNBA,PROP,1,1,1
12,WNBA,PROP,1,1,1
12,WNBA,PROP,1,1,1
12,WNBA,PROP,1,1,1
12,WNBA,RUNLINE,0,0,0
12,WNBA,PROP,1,1,1
12,WNBA,PROP,1,0,1
12,WNBA,PROP,0,0,1
12,WNBA,PROP,0,1,1
12,WNBA,PROP,0,1,1
12,WNBA,PROP,0,1,1
12,WNBA,PROP,0,1,1
12,WNBA,PROP,1,0,1
12,WNBA,PROP,0,1,1
12,WNBA,PROP,0,1,1
12,WNBA,PROP,0,1,1
12,WNBA,PROP,0,0,1
12,WNBA,PROP,0,0,1
12,WNBA,PROP,0,1,1
12,WNBA,PROP,0,1,1
12,WNBA,PROP,0,1,1
12,WNBA,PROP,0,1,1
12,WNBA,PROP,0,0,1
12,WNBA,PROP,0,0,1
12,WNBA,PROP,0,0,1
12,WNBA,PROP,0,1,1
12,WNBA,PROP,0,1,1
12,WNBA,PROP,0,0,1
12,WNBA,PROP,0,1,1
12,WNBA,PROP,0,0,1
12,WNBA,PROP,0,1,1
12,WNBA,PROP,0,1,1
13,MLB,PROP,1,0,1
13,MLB,PROP,1,0,1
13,MLB,PROP,0,0,1
13,MLB,PROP,1,1,1
13,MLB,PROP,1,0,1
13,MLB,PROP,1,1,1
13,MLB,PROP,1,0,1
13,MLB,PROP,1,0,1
13,MLB,PROP,0,0,1
13,MLB,PROP,1,1,1
13,MLB,PROP,1,1,1
13,MLB,PROP,0,0,1
13,MLB,PROP,1,1,1
13,MLB,PROP,1,0,1
13,MLB,TOTAL,0,1,1
13,MLB,PROP,0,1,1
13,MLB,PROP,0,0,1
13,MLB,PROP,0,1,1
13,MLB,PROP,0,1,1
13,MLB,PROP,0,1,1
13,MLB,PROP,0,1,1
13,MLB,PROP,0,1,1
13,MLB,PROP,0,0,1
13,MLB,PROP,0,0,1
13,MLB,PROP,0,1,1
13,MLB,PROP,0,0,1
13,MLB,TEAM_TOTAL,0,0,0
13,MLB,ML,0,1,0
13,MLB,PROP,0,1,1
13,MLB,PROP,0,0,1
13,MLB,PROP,0,1,1
13,MLB,PROP,0,1,1
13,MLB,PROP,0,0,1
13,MLB,PROP,0,0,1
13,MLB,PROP,1,1,1
13,MLB,PROP,0,0,1
13,MLB,PROP,0,1,1
13,MLB,TOTAL,0,1,1
13,MLB,PROP,0,0,1
13,MLB,PROP,0,1,1
13,MLB,PROP,0,1,1
13,MLB,PROP,0,1,1
13,MLB,TOTAL,0,1,1
13,MLB,PROP,0,0,1
13,MLB,TEAM_TOTAL,0,0,0
13,MLB,TOTAL,0,1,1
13,MLB,PROP,0,0,1
13,MLB,PROP,0,0,1
13,MLB,ML,0,1,0
13,MLB,PROP,0,1,1
13,MLB,PROP,0,0,1
13,MLB,PROP,0,0,1
13,MLB,PROP,0,1,1
13,MLB,PROP,0,1,1
13,MLB,PROP,0,1,1
13,MLB,PROP,0,1,1
13,MLB,PROP,0,0,1
13,MLB,PROP,0,0,1
13,MLB,PROP,0,0,1
13,MLB,PROP,0,0,1
13,MLB,PROP,1,0,1
13,MLB,PROP,0,1,1
13,MLB,PROP,0,0,1
13,MLB,PROP,0,1,1
13,MLB,PROP,0,0,1
13,MLB,PROP,0,0,1
13,MLB,PROP,0,0,1
13,MLB,PROP,0,1,1
13,MLB,PROP,0,0,1
13,MLB,PROP,0,0,1
13,MLB,PROP,0,0,1
13,MLB,PROP,0,0,1
13,MLB,TOTAL,0,1,1
13,MLB,PROP,0,0,1
13,MLB,PROP,0,1,1
13,MLB,PROP,0,0,1
13,MLB,PROP,0,1,1
13,MLB,PROP,0,0,1
13,MLB,PROP,0,0,1
13,MLB,PROP,0,0,1
13,MLB,TEAM_TOTAL,0,0,0
13,MLB,TOTAL,0,1,1
13,MLB,PROP,0,0,1
13,MLB,TOTAL,0,1,1
13,MLB,ML,0,1,0
13,MLB,PROP,0,0,1
13,MLB,PROP,0,1,1
13,MLB,PROP,0,0,1
13,MLB,PROP,0,0,1
13,MLB,PROP,0,0,1
13,MLB,PROP,0,0,1
13,MLB,PROP,0,0,1
13,MLB,PROP,0,0,1
13,MLB,PROP,0,0,1
13,MLB,ML,0,1,0
13,MLB,PROP,0,0,1
13,MLB,ML,0,1,0
13,MLB,ML,0,1,0
13,MLB,PROP,0,0,1
13,MLB,PROP,0,0,1
13,MLB,PROP,0,0,1
13,MLB,TOTAL,0,1,1
13,MLB,PROP,0,0,1
13,MLB,PROP,0,0,1
13,MLB,PROP,0,0,1
13,MLB,PROP,0,0,1
13,MLB,PROP,0,0,1
13,MLB,ML,0,1,0
13,MLB,PROP,0,0,1
13,MLB,PROP,0,0,1
13,MLB,PROP,0,0,1
13,MLB,PROP,0,0,1
13,MLB,PROP,0,0,1
13,MLB,PROP,0,1,1
13,MLB,PROP,0,0,1
13,MLB,PROP,0,0,1
13,MLB,PROP,0,1,1
13,MLB,PROP,0,0,1
13,MLB,PROP,0,1,1
13,MLB,PROP,0,0,1
13,MLB,PROP,0,1,1
13,MLB,PROP,0,0,1
13,MLB,PROP,0,0,1
13,MLB,PROP,0,0,1
13,MLB,PROP,0,0,1
13,MLB,PROP,0,0,1
13,MLB,PROP,0,0,1
13,MLB,PROP,0,1,1
13,MLB,PROP,0,0,1
13,MLB,PROP,0,1,1
13,MLB,PROP,0,0,1
13,MLB,PROP,0,0,1
13,MLB,RUNLINE,0,0,0
13,MLB,ML,0,1,0
13,MLB,ML,0,1,0
13,MLB,PROP,0,0,1
13,MLB,PROP,0,0,1
13,MLB,PROP,0,1,1
13,MLB,PROP,0,0,1
13,MLB,PROP,0,0,1
13,MLB,PROP,0,0,1
13,MLB,PROP,0,1,1
13,MLB,PROP,0,0,1
13,MLB,PROP,0,0,1
13,MLB,PROP,0,0,1
13,MLB,PROP,0,0,1
13,MLB,PROP,0,0,1
13,MLB,PROP,0,0,1
13,MLB,PROP,0,1,1
13,MLB,PROP,0,0,1
13,MLB,F5,0,0,1
13,MLB,PROP,0,0,1
13,MLB,PROP,0,0,1
13,MLB,PROP,0,0,1
13,MLB,ML,0,1,0
13,MLB,PROP,0,0,1
13,MLB,PROP,0,1,1
13,MLB,PROP,0,0,1
13,MLB,PROP,0,1,1
13,MLB,PROP,0,0,1
13,MLB,PROP,0,0,1
13,MLB,PROP,0,1,1
13,MLB,PROP,0,0,1
13,MLB,PROP,0,0,1
13,MLB,PROP,0,0,1
13,MLB,PROP,0,0,1
13,MLB,PROP,0,0,1
13,MLB,PROP,0,0,1
13,MLB,ML,0,1,0
13,MLB,PROP,0,0,1
13,MLB,PROP,0,0,1
13,MLB,PROP,0,1,1
13,MLB,PROP,0,0,1
13,MLB,PROP,0,0,1
13,MLB,PROP,0,0,1
13,MLB,PROP,0,1,1
13,MLB,TOTAL,0,1,1
13,MLB,PROP,0,0,1
13,MLB,PROP,0,0,1
13,MLB,PROP,0,0,1
13,MLB,PROP,0,0,1
13,MLB,PROP,0,0,1
13,MLB,PROP,0,0,1
13,MLB,PROP,0,0,1
13,MLB,PROP,0,0,1
13,MLB,PROP,0,0,1
13,MLB,PROP,0,0,1
13,MLB,PROP,0,0,1
13,MLB,PROP,0,0,1
13,MLB,PROP,0,1,1
13,MLB,PROP,0,0,1
13,MLB,PROP,0,0,1
13,MLB,PROP,0,0,1
13,MLB,PROP,0,1,1
13,MLB,PROP,0,0,1
13,MLB,PROP,0,0,1
13,MLB,PROP,0,0,1
13,MLB,PROP,0,1,1
13,MLB,PROP,0,1,1
13,MLB,PROP,0,0,1
13,MLB,PROP,0,1,1
13,MLB,PROP,0,0,1
13,MLB,PROP,0,0,1
13,MLB,PROP,0,0,1
13,MLB,PROP,0,1,1
13,MLB,PROP,0,1,1
13,MLB,PROP,0,0,1
13,MLB,PROP,0,0,1
13,MLB,PROP,0,1,1
13,MLB,PROP,0,0,1
13,MLB,PROP,0,0,1
13,MLB,PROP,0,0,1
13,MLB,PROP,0,0,1
13,MLB,PROP,0,0,1
13,MLB,PROP,0,1,1
13,MLB,PROP,0,1,1
13,MLB,PROP,0,0,1
13,MLB,PROP,0,1,1
13,MLB,PROP,0,0,1
13,MLB,PROP,0,0,1
13,MLB,PROP,0,1,1
13,MLB,PROP,0,1,1
13,MLB,PROP,0,1,1
13,MLB,PROP,0,0,1
13,MLB,PROP,0,0,1
13,MLB,PROP,0,1,1
13,MLB,PROP,0,0,1
13,MLB,PROP,0,0,1
13,MLB,PROP,0,0,1
13,MLB,PROP,0,0,1
13,MLB,PROP,0,1,1
13,MLB,PROP,0,0,1
13,MLB,PROP,0,0,1
13,MLB,PROP,0,0,1
13,MLB,PROP,0,1,1
13,MLB,PROP,0,0,1
13,MLB,PROP,0,0,1
13,MLB,PROP,0,0,1
13,MLB,PROP,0,0,1
13,MLB,PROP,0,0,1
13,MLB,PROP,0,0,1
13,MLB,PROP,0,0,1
13,MLB,PROP,0,1,1
13,MLB,PROP,0,0,1
13,MLB,PROP,0,1,1
13,MLB,PROP,0,0,1
13,MLB,PROP,0,1,1
13,MLB,PROP,0,0,1
13,MLB,PROP,0,0,1
13,MLB,PROP,0,0,1
13,MLB,PROP,0,1,1
13,MLB,PROP,0,0,1
13,MLB,PROP,0,0,1
13,MLB,PROP,0,0,1
13,MLB,PROP,0,0,1
13,MLB,PROP,0,0,1
13,MLB,PROP,0,1,1
13,MLB,PROP,0,0,1
13,MLB,PROP,0,0,1
13,MLB,PROP,0,0,1
13,MLB,PROP,0,0,1
13,MLB,PROP,0,1,1
13,MLB,PROP,0,0,1
13,MLB,PROP,0,0,1
13,MLB,PROP,0,1,1
13,MLB,PROP,0,0,1
13,MLB,PROP,0,0,1
13,MLB,PROP,0,0,1
13,MLB,PROP,0,0,1
13,MLB,PROP,0,0,1
13,MLB,PROP,0,1,1
13,MLB,PROP,0,0,1
13,MLB,PROP,0,1,1
13,MLB,PROP,0,0,1
13,MLB,PROP,0,1,1
13,MLB,PROP,0,1,1
13,MLB,PROP,0,0,1
13,MLB,PROP,0,0,1
13,MLB,PROP,0,1,1
13,MLB,PROP,0,0,1
13,MLB,PROP,0,0,1
13,MLB,PROP,0,0,1
13,MLB,PROP,0,0,1
13,MLB,PROP,0,1,1
13,MLB,PROP,0,0,1
13,MLB,PROP,0,0,1
13,MLB,PROP,0,0,1
13,MLB,PROP,0,0,1
13,MLB,PROP,0,0,1
13,MLB,PROP,0,0,1
13,MLB,PROP,0,0,1
13,MLB,PROP,0,1,1
13,MLB,PROP,0,1,1
13,MLB,PROP,0,1,1
13,MLB,PROP,0,0,1
13,MLB,PROP,0,1,1
13,MLB,PROP,0,1,1
13,MLB,PROP,0,0,1
13,MLB,PROP,0,0,1
13,MLB,PROP,0,0,1
13,MLB,PROP,0,0,1
13,MLB,PROP,0,0,1
13,MLB,PROP,0,0,1
13,MLB,PROP,0,0,1
13,MLB,PROP,0,0,1
13,MLB,PROP,0,0,1
13,MLB,PROP,0,0,1
13,MLB,PROP,0,0,1
13,MLB,PROP,0,0,1
13,MLB,PROP,0,1,1
13,MLB,PROP,0,0,1
13,MLB,PROP,0,0,1
13,MLB,PROP,0,0,1
13,MLB,PROP,0,0,1
13,MLB,PROP,0,0,1
13,MLB,PROP,0,0,1
13,MLB,PROP,0,0,1
13,MLB,PROP,0,0,1
13,MLB,PROP,0,0,1
13,MLB,PROP,0,0,1
13,NBA,RUNLINE,1,0,0
14,MLB,PROP,1,0,1
14,MLB,PROP,0,0,1
14,MLB,PROP,0,0,1
14,MLB,PROP,0,0,1
14,MLB,PROP,0,0,1
14,MLB,PROP,0,0,1
14,MLB,PROP,0,1,1
14,MLB,PROP,0,0,1
14,MLB,PROP,1,0,1
14,MLB,PROP,0,1,1
14,MLB,PROP,1,0,1
14,MLB,PROP,0,0,1
14,MLB,PROP,1,0,1
14,MLB,PROP,1,0,1
14,MLB,PROP,1,0,1
14,MLB,PROP,1,0,1
14,MLB,PROP,1,0,1
14,MLB,PROP,1,0,1
14,MLB,PROP,0,0,1
14,MLB,PROP,1,0,1
14,MLB,PROP,0,0,1
14,MLB,PROP,0,0,1
14,MLB,PROP,0,0,1
14,MLB,PROP,0,0,1
14,MLB,PROP,0,0,1
14,MLB,PROP,0,0,1
14,MLB,PROP,0,0,1
14,MLB,PROP,0,0,1
14,MLB,PROP,0,0,1
14,MLB,PROP,1,1,1
14,MLB,PROP,0,0,1
14,MLB,PROP,0,0,1
14,MLB,PROP,0,0,1
14,MLB,PROP,0,0,1
14,MLB,PROP,0,1,1
14,MLB,PROP,0,1,1
14,MLB,PROP,0,0,1
14,MLB,PROP,0,0,1
14,MLB,PROP,0,0,1
14,MLB,PROP,0,0,1
14,MLB,PROP,0,0,1
14,MLB,PROP,0,0,1
14,MLB,PROP,0,0,1
14,MLB,PROP,0,0,1
14,MLB,PROP,0,0,1
14,MLB,PROP,0,0,1
14,MLB,TOTAL,0,0,1
14,MLB,PROP,0,0,1
14,MLB,PROP,0,0,1
14,MLB,PROP,0,1,1
14,MLB,PROP,0,0,1
14,MLB,TOTAL,0,1,1
14,MLB,PROP,0,0,1
14,MLB,PROP,0,1,1
14,MLB,PROP,0,0,1
14,MLB,PROP,0,0,1
14,MLB,ML,0,1,0
14,MLB,PROP,0,0,1
14,MLB,PROP,0,0,1
14,MLB,PROP,0,0,1
14,MLB,PROP,0,0,1
14,MLB,PROP,0,0,1
14,MLB,PROP,0,0,1
14,MLB,PROP,0,0,1
14,MLB,PROP,0,0,1
14,MLB,TEAM_TOTAL,0,0,0
14,MLB,PROP,0,0,1
14,MLB,PROP,0,1,1
14,MLB,PROP,0,1,1
14,MLB,PROP,0,0,1
14,MLB,PROP,0,0,1
14,MLB,PROP,0,0,1
14,MLB,PROP,0,0,1
14,MLB,PROP,0,0,1
14,MLB,PROP,0,1,1
14,MLB,PROP,0,0,1
14,MLB,PROP,0,1,1
14,MLB,PROP,0,0,1
14,MLB,PROP,1,0,1
14,MLB,PROP,0,0,1
14,MLB,PROP,0,0,1
14,MLB,TOTAL,0,1,1
14,MLB,PROP,0,1,1
14,MLB,PROP,0,0,1
14,MLB,PROP,0,0,1
14,MLB,PROP,0,0,1
14,MLB,PROP,0,0,1
14,MLB,PROP,0,0,1
14,MLB,PROP,0,1,1
14,MLB,PROP,0,0,1
14,MLB,PROP,0,0,1
14,MLB,PROP,0,1,1
14,MLB,PROP,0,0,1
14,MLB,PROP,0,1,1
14,MLB,PROP,0,0,1
14,MLB,PROP,0,1,1
14,MLB,PROP,0,0,1
14,MLB,PROP,0,0,1
14,MLB,PROP,0,1,1
14,MLB,PROP,0,0,1
14,MLB,PROP,0,1,1
14,MLB,PROP,0,1,1
14,MLB,PROP,0,1,1
14,MLB,PROP,0,1,1
14,MLB,PROP,0,0,1
14,MLB,TEAM_TOTAL,0,0,0
14,MLB,PROP,0,0,1
14,MLB,PROP,0,1,1
14,MLB,PROP,0,0,1
14,MLB,ML,0,1,0
14,MLB,ML,0,1,0
14,MLB,PROP,0,0,1
14,MLB,PROP,0,1,1
14,MLB,F5,0,0,1
14,MLB,PROP,0,0,1
14,MLB,PROP,0,0,1
14,MLB,PROP,0,0,1
14,MLB,RUNLINE,0,0,0
14,MLB,PROP,0,0,1
14,MLB,PROP,0,0,1
14,MLB,PROP,0,0,1
14,MLB,PROP,0,0,1
14,MLB,PROP,0,0,1
14,MLB,PROP,0,0,1
14,MLB,TEAM_TOTAL,0,0,0
14,MLB,PROP,0,0,1
14,MLB,PROP,0,0,1
14,MLB,PROP,0,1,1
14,MLB,TOTAL,0,0,1
14,MLB,PROP,0,1,1
14,MLB,PROP,0,0,1
14,MLB,PROP,0,1,1
14,MLB,TOTAL,0,1,1
14,MLB,PROP,0,0,1
14,MLB,PROP,0,0,1
14,MLB,PROP,0,0,1
14,MLB,PROP,0,1,1
14,MLB,PROP,0,0,1
14,MLB,PROP,0,1,1
14,MLB,PROP,0,0,1
14,MLB,PROP,0,0,1
14,MLB,TEAM_TOTAL,0,0,0
14,MLB,PROP,0,0,1
14,MLB,TEAM_TOTAL,0,0,0
14,MLB,PROP,0,0,1
14,MLB,PROP,0,0,1
14,MLB,PROP,0,1,1
14,MLB,TOTAL,0,1,1
14,MLB,PROP,0,0,1
14,MLB,TEAM_TOTAL,0,0,0
14,MLB,PROP,0,0,1
14,MLB,PROP,0,0,1
14,MLB,PROP,0,0,1
14,MLB,PROP,0,0,1
14,MLB,PROP,0,1,1
14,MLB,ML,0,1,0
14,MLB,PROP,0,0,1
14,MLB,PROP,0,0,1
14,MLB,PROP,0,0,1
14,MLB,PROP,0,1,1
14,MLB,PROP,0,0,1
14,MLB,PROP,0,0,1
14,MLB,PROP,0,0,1
14,MLB,PROP,0,0,1
14,MLB,TOTAL,0,1,1
14,MLB,PROP,0,0,1
14,MLB,PROP,0,0,1
14,MLB,PROP,0,0,1
14,MLB,PROP,0,1,1
14,MLB,F5,0,0,1
14,MLB,PROP,0,0,1
14,MLB,ML,0,1,0
14,MLB,PROP,0,0,1
14,MLB,PROP,0,0,1
14,MLB,PROP,0,1,1
14,MLB,TEAM_TOTAL,0,0,0
14,MLB,PROP,0,0,1
14,MLB,PROP,0,1,1
14,MLB,PROP,0,1,1
14,MLB,PROP,0,0,1
14,MLB,PROP,0,0,1
14,MLB,PROP,0,0,1
14,MLB,PROP,0,0,1
14,MLB,PROP,0,1,1
14,MLB,PROP,0,1,1
14,MLB,TOTAL,0,1,1
14,MLB,PROP,0,0,1
14,MLB,PROP,0,0,1
14,MLB,TOTAL,0,1,1
14,MLB,F5,0,0,1
14,MLB,PROP,0,0,1
14,MLB,PROP,0,1,1
14,MLB,PROP,0,0,1
14,MLB,PROP,0,0,1
14,MLB,PROP,0,1,1
14,MLB,F5,0,0,1
14,MLB,PROP,0,0,1
14,MLB,PROP,0,0,1
14,MLB,PROP,0,0,1
14,MLB,PROP,0,1,1
14,MLB,PROP,0,0,1
14,MLB,PROP,0,0,1
14,MLB,PROP,0,0,1
14,MLB,PROP,0,0,1
14,MLB,PROP,0,1,1
14,MLB,PROP,0,0,1
14,MLB,RUNLINE,0,0,0
14,MLB,PROP,0,0,1
14,MLB,PROP,0,0,1
14,MLB,PROP,0,0,1
14,MLB,PROP,0,1,1
14,MLB,PROP,0,0,1
14,MLB,PROP,0,0,1
14,MLB,PROP,0,1,1
14,MLB,PROP,0,0,1
14,MLB,PROP,0,1,1
14,MLB,PROP,0,0,1
14,MLB,PROP,0,0,1
14,MLB,PROP,0,0,1
14,MLB,PROP,0,0,1
14,MLB,PROP,0,0,1
14,MLB,PROP,0,0,1
14,MLB,PROP,0,0,1
14,MLB,PROP,0,1,1
14,MLB,PROP,0,0,1
14,MLB,PROP,0,0,1
14,MLB,PROP,0,0,1
14,MLB,PROP,0,0,1
14,MLB,PROP,0,1,1
14,MLB,PROP,0,0,1
14,MLB,PROP,0,1,1
14,MLB,PROP,0,1,1
14,MLB,PROP,0,0,1
14,MLB,PROP,0,0,1
14,MLB,PROP,0,0,1
14,MLB,PROP,0,0,1
14,MLB,RUNLINE,0,0,0
14,MLB,PROP,0,0,1
14,MLB,PROP,0,0,1
14,MLB,PROP,0,0,1
14,MLB,PROP,0,0,1
14,MLB,PROP,0,0,1
14,MLB,PROP,0,1,1
14,MLB,PROP,0,0,1
14,MLB,PROP,0,0,1
14,MLB,PROP,0,1,1
14,MLB,PROP,0,1,1
14,MLB,PROP,0,1,1
14,MLB,PROP,0,0,1
14,MLB,PROP,0,0,1
14,MLB,PROP,0,0,1
14,MLB,PROP,0,0,1
14,MLB,PROP,0,0,1
14,MLB,PROP,0,1,1
14,MLB,PROP,0,0,1
14,MLB,PROP,0,0,1
14,MLB,PROP,0,0,1
14,MLB,PROP,0,0,1
14,MLB,PROP,0,0,1
14,MLB,PROP,0,0,1
14,MLB,PROP,0,0,1
14,MLB,RUNLINE,0,0,0
14,MLB,PROP,0,0,1
14,MLB,PROP,0,0,1
14,MLB,RUNLINE,0,0,0
14,WNBA,PROP,0,0,1
14,WNBA,RUNLINE,1,0,0
14,WNBA,PROP,1,1,1
14,WNBA,PROP,1,1,1
14,WNBA,RUNLINE,1,0,0
14,WNBA,PROP,1,1,1
14,WNBA,PROP,1,1,1
14,WNBA,PROP,1,0,1
14,WNBA,PROP,1,0,1
14,WNBA,PROP,1,0,1
14,WNBA,PROP,1,1,1
14,WNBA,PROP,1,0,1
14,WNBA,PROP,1,0,0
14,WNBA,PROP,1,1,1
14,WNBA,PROP,1,0,1
14,WNBA,PROP,1,0,1
14,WNBA,PROP,1,0,1
14,WNBA,PROP,1,0,1
14,WNBA,PROP,1,0,1
14,WNBA,PROP,1,1,1
14,WNBA,PROP,1,1,1
14,WNBA,PROP,1,0,1
14,WNBA,PROP,1,1,1
14,WNBA,PROP,1,0,1
14,WNBA,PROP,1,0,1
14,WNBA,PROP,0,1,1
14,WNBA,PROP,1,1,1
14,WNBA,PROP,1,1,1
14,WNBA,PROP,1,0,1
14,WNBA,PROP,1,0,1
14,WNBA,PROP,1,0,1
14,WNBA,PROP,1,0,1
14,WNBA,PROP,1,1,1
14,WNBA,PROP,1,1,1
14,WNBA,PROP,0,0,1
14,WNBA,PROP,1,0,1
14,WNBA,PROP,1,1,1
14,WNBA,PROP,1,0,1
14,WNBA,PROP,0,1,1
14,WNBA,PROP,1,0,1
14,WNBA,PROP,1,0,1
14,WNBA,PROP,1,1,1
14,WNBA,PROP,0,1,1
14,WNBA,RUNLINE,0,0,0
14,WNBA,PROP,0,1,1
14,WNBA,PROP,0,1,1
14,WNBA,PROP,1,0,1
14,WNBA,PROP,0,1,1
14,WNBA,PROP,0,0,1
14,WNBA,PROP,0,0,1
14,WNBA,PROP,0,0,1
14,WNBA,PROP,1,1,1
14,WNBA,PROP,0,0,1
14,WNBA,PROP,0,1,1
14,WNBA,PROP,0,1,1
14,WNBA,PROP,1,1,1
14,WNBA,PROP,1,0,1
14,WNBA,PROP,0,1,1
14,WNBA,PROP,0,0,1
14,WNBA,PROP,1,1,1
14,WNBA,PROP,0,0,1
14,WNBA,PROP,0,0,1
14,WNBA,PROP,0,0,1
14,WNBA,PROP,1,0,1
14,WNBA,PROP,0,1,1
14,WNBA,PROP,0,0,1
14,WNBA,PROP,0,1,1
14,WNBA,PROP,0,1,1
14,WNBA,PROP,0,1,1
14,WNBA,PROP,0,1,1
14,WNBA,PROP,0,1,1
14,WNBA,PROP,0,1,1
14,WNBA,PROP,0,1,1
14,WNBA,PROP,0,0,1
14,WNBA,PROP,0,1,1
14,WNBA,PROP,0,1,1
14,WNBA,PROP,0,1,1
14,WNBA,PROP,0,1,1
14,WNBA,PROP,0,1,1
14,WNBA,PROP,0,0,1
14,WNBA,PROP,0,0,1
14,WNBA,PROP,0,1,1
14,WNBA,PROP,0,1,1
14,WNBA,PROP,0,1,1
14,WNBA,PROP,0,1,1
14,WNBA,PROP,0,1,1
14,WNBA,PROP,0,0,1
14,WNBA,PROP,0,0,1
14,WNBA,PROP,0,0,1
14,WNBA,PROP,0,1,1
14,WNBA,PROP,0,1,1
14,WNBA,PROP,0,1,1
14,WNBA,PROP,0,1,1
14,WNBA,PROP,0,0,1
14,WNBA,PROP,0,1,1
14,WNBA,PROP,0,0,1
14,WNBA,PROP,0,1,1
14,WNBA,PROP,0,0,1
14,WNBA,PROP,0,0,1
14,WNBA,PROP,0,1,1
14,NBA,RUNLINE,1,0,0
15,MLB,PROP,1,1,1
15,MLB,PROP,1,1,1
15,MLB,PROP,1,1,1
15,MLB,PROP,1,1,1
15,MLB,PROP,1,0,1
15,MLB,RUNLINE,1,0,1
15,MLB,PROP,1,0,1
15,MLB,PROP,1,1,1
15,MLB,ML,0,1,1
15,MLB,PROP,1,0,1
15,MLB,PROP,1,0,1
15,MLB,ML,0,1,1
15,MLB,PROP,0,1,1
15,MLB,PROP,0,0,1
15,MLB,PROP,0,1,1
15,MLB,PROP,0,0,1
15,MLB,PROP,0,0,1
15,MLB,TEAM_TOTAL,0,0,1
15,MLB,PROP,0,0,1
15,MLB,PROP,0,0,1
15,MLB,PROP,0,0,1
15,MLB,PROP,0,1,1
15,MLB,TEAM_TOTAL,0,0,1
15,MLB,PROP,0,0,1
15,MLB,ML,0,1,1
15,MLB,PROP,0,0,1
15,MLB,TOTAL,0,0,1
15,MLB,PROP,0,0,1
15,MLB,PROP,0,0,1
15,MLB,PROP,0,0,1
15,MLB,PROP,0,1,1
15,MLB,PROP,0,0,1
15,MLB,PROP,0,1,1
15,MLB,PROP,0,1,1
15,MLB,F5,0,0,1
15,MLB,RUNLINE,0,1,1
15,MLB,PROP,0,0,1
15,MLB,TEAM_TOTAL,0,0,1
15,MLB,PROP,0,0,1
15,MLB,TOTAL,0,1,1
15,MLB,PROP,0,1,1
15,MLB,PROP,0,0,1
15,MLB,PROP,0,0,1
15,MLB,PROP,0,0,1
15,MLB,RUNLINE,0,0,1
15,MLB,PROP,0,0,1
15,MLB,PROP,0,1,1
15,MLB,PROP,0,0,1
15,MLB,PROP,0,1,1
15,MLB,PROP,0,0,1
15,MLB,PROP,0,0,1
15,MLB,PROP,0,1,1
15,MLB,PROP,0,0,1
15,MLB,PROP,0,0,1
15,MLB,PROP,0,0,1
15,MLB,PROP,0,0,1
15,MLB,F5,0,0,1
15,MLB,PROP,0,1,1
15,MLB,PROP,0,0,1
15,MLB,PROP,0,0,1
15,MLB,PROP,0,0,1
15,MLB,PROP,0,0,1
15,MLB,PROP,0,0,1
15,MLB,PROP,0,0,1
15,MLB,PROP,0,1,1
15,MLB,PROP,0,0,1
15,NBA,RUNLINE,1,0,0
16,MLB,PROP,0,1,1
16,MLB,PROP,0,0,1
16,MLB,PROP,1,1,1
16,MLB,PROP,0,0,1
16,MLB,PROP,1,1,1
16,MLB,PROP,0,0,1
16,MLB,PROP,1,0,1
16,MLB,TOTAL,1,1,1
16,MLB,TOTAL,1,1,1
16,MLB,PROP,0,0,1
16,MLB,TOTAL,0,1,1
16,MLB,ML,0,1,1
16,MLB,PROP,0,0,1
16,MLB,ML,0,1,1
16,MLB,ML,0,1,1
16,MLB,TOTAL,0,1,1
16,MLB,PROP,1,0,1
16,MLB,ML,0,1,1
16,MLB,PROP,0,0,1
16,MLB,PROP,0,0,1
16,MLB,PROP,0,1,1
16,MLB,PROP,0,0,1
16,MLB,PROP,0,0,1
16,MLB,PROP,0,0,1
16,MLB,PROP,0,1,1
16,MLB,PROP,0,0,1
16,NBA,RUNLINE,1,0,0
17,MLB,PROP,0,0,1
17,MLB,PROP,0,0,1
17,MLB,PROP,1,0,1
17,MLB,PROP,0,1,1
17,MLB,PROP,0,0,1
17,MLB,PROP,1,0,1
17,MLB,PROP,1,0,1
17,MLB,PROP,1,0,1
17,MLB,PROP,0,0,1
17,MLB,PROP,1,0,1
17,MLB,PROP,1,0,1
17,MLB,PROP,1,0,1
17,MLB,PROP,1,0,1
17,MLB,PROP,1,0,1
17,MLB,PROP,0,0,1
17,MLB,PROP,1,0,1
17,MLB,PROP,0,0,1
17,MLB,PROP,0,0,1
17,MLB,PROP,0,0,1
17,MLB,PROP,0,0,1
17,MLB,PROP,0,0,1
17,MLB,PROP,0,0,1
17,MLB,PROP,0,0,1
17,MLB,PROP,0,0,1
17,MLB,PROP,0,0,1
17,MLB,PROP,0,0,1
17,MLB,PROP,0,0,1
17,MLB,PROP,0,0,1
17,MLB,PROP,0,0,1
17,MLB,PROP,0,0,1
17,MLB,PROP,0,0,1
17,MLB,PROP,0,0,1
17,MLB,PROP,0,0,1
17,MLB,PROP,0,0,1
17,MLB,PROP,0,0,1
17,MLB,PROP,0,0,1
17,MLB,PROP,0,0,1
17,MLB,PROP,1,0,1
17,MLB,ML,0,1,1
17,MLB,PROP,0,0,1
17,MLB,PROP,0,0,1
17,MLB,PROP,0,0,1
17,MLB,PROP,0,0,1
17,MLB,PROP,0,0,1
17,MLB,PROP,0,0,1
17,MLB,PROP,0,0,1
17,MLB,ML,0,1,1
17,MLB,PROP,0,0,1
17,MLB,PROP,0,0,1
17,MLB,PROP,0,0,1
17,MLB,TOTAL,0,0,1
17,MLB,PROP,0,0,1
17,MLB,PROP,0,0,1
17,MLB,PROP,0,0,1
17,MLB,PROP,0,0,1
17,MLB,PROP,0,0,1
17,MLB,PROP,0,0,1
17,MLB,PROP,0,0,1
17,MLB,PROP,0,0,1
17,MLB,PROP,0,1,1
17,MLB,PROP,0,0,1
17,MLB,PROP,0,0,1
17,MLB,TOTAL,0,1,1
17,MLB,PROP,0,0,1
17,MLB,TOTAL,0,1,1
17,MLB,PROP,0,0,1
17,MLB,PROP,0,0,1
17,MLB,PROP,0,0,1
17,MLB,PROP,0,0,1
17,MLB,PROP,0,0,1
17,MLB,PROP,0,0,1
17,MLB,TOTAL,0,0,1
17,MLB,PROP,0,0,1
17,MLB,TOTAL,0,1,1
17,MLB,PROP,0,0,1
17,MLB,PROP,0,0,1
17,MLB,TOTAL,0,1,1
17,MLB,PROP,0,0,1
17,MLB,PROP,0,0,1
17,MLB,PROP,0,0,1
17,MLB,PROP,0,1,1
17,MLB,PROP,0,0,1
17,MLB,PROP,0,0,1
17,MLB,PROP,0,0,1
17,MLB,PROP,0,1,1
17,MLB,PROP,0,0,1
17,MLB,PROP,0,0,1
17,MLB,PROP,0,0,1
17,MLB,PROP,0,0,1
17,MLB,ML,0,1,1
17,MLB,TOTAL,0,1,1
17,MLB,PROP,0,0,1
17,MLB,PROP,0,0,1
17,MLB,PROP,0,0,1
17,MLB,PROP,0,0,1
17,MLB,PROP,0,0,1
17,MLB,TOTAL,0,1,1
17,MLB,PROP,0,0,1
17,MLB,TOTAL,0,1,1
17,MLB,PROP,0,0,1
17,MLB,PROP,0,0,1
17,MLB,PROP,0,0,1
17,MLB,PROP,0,0,1
17,MLB,PROP,0,0,1
17,MLB,PROP,0,0,1
17,MLB,PROP,0,0,1
17,MLB,PROP,0,1,1
17,MLB,PROP,0,0,1
17,MLB,PROP,0,0,1
17,MLB,PROP,0,1,1
17,MLB,PROP,0,0,1
17,MLB,ML,0,1,1
17,MLB,PROP,0,1,1
17,MLB,PROP,0,0,1
17,MLB,PROP,0,1,1
17,MLB,PROP,0,0,1
17,MLB,PROP,0,0,1
17,MLB,PROP,0,0,1
17,MLB,PROP,0,1,1
17,MLB,ML,0,1,1
17,MLB,PROP,0,0,1
17,MLB,PROP,0,0,1
17,MLB,ML,0,1,1
17,MLB,PROP,0,0,1
17,MLB,PROP,0,0,1
17,MLB,PROP,0,0,1
17,MLB,PROP,0,0,1
17,MLB,ML,0,1,1
17,MLB,PROP,0,0,1
17,MLB,PROP,0,0,1
17,MLB,PROP,0,1,1
17,MLB,PROP,0,0,1
17,MLB,PROP,0,0,1
17,MLB,PROP,0,0,1
17,MLB,PROP,0,1,1
17,MLB,PROP,0,0,1
17,MLB,PROP,0,0,1
17,MLB,PROP,0,0,1
17,MLB,PROP,0,0,1
17,MLB,PROP,0,0,1
17,MLB,PROP,0,0,1
17,MLB,PROP,0,0,1
17,MLB,PROP,0,0,1
17,MLB,PROP,0,0,1
17,MLB,PROP,0,0,1
17,MLB,PROP,0,1,1
17,MLB,PROP,0,1,1
17,MLB,PROP,0,0,1
17,MLB,PROP,0,0,1
17,MLB,PROP,0,0,1
17,MLB,PROP,0,0,1
17,MLB,PROP,0,0,1
17,MLB,PROP,0,0,1
17,MLB,PROP,0,0,1
17,MLB,PROP,0,0,1
17,MLB,PROP,0,0,1
17,MLB,PROP,0,0,1
17,MLB,PROP,0,0,1
17,MLB,PROP,0,0,1
17,MLB,PROP,0,1,1
17,MLB,PROP,0,0,1
17,MLB,PROP,0,0,1
17,MLB,PROP,0,0,1
17,MLB,PROP,0,1,1
17,MLB,PROP,0,1,1
17,MLB,PROP,0,0,1
17,MLB,PROP,0,1,1
17,MLB,PROP,0,1,1
17,MLB,PROP,0,1,1
17,MLB,PROP,0,0,1
17,MLB,PROP,0,1,1
17,MLB,PROP,0,0,1
17,MLB,PROP,0,0,1
17,MLB,PROP,0,0,1
17,MLB,PROP,0,1,1
17,MLB,PROP,0,0,1
17,MLB,PROP,0,0,1
17,MLB,PROP,0,0,1
17,MLB,PROP,0,0,1
17,MLB,PROP,0,0,1
17,MLB,PROP,0,1,1
17,MLB,PROP,0,1,1
17,MLB,PROP,0,0,1
17,MLB,PROP,0,1,1
17,MLB,PROP,0,0,1
17,MLB,PROP,0,0,1
17,MLB,PROP,0,0,1
17,MLB,PROP,0,0,1
17,MLB,PROP,0,0,1
17,MLB,PROP,0,0,1
17,MLB,PROP,0,0,1
17,MLB,PROP,0,0,1
17,MLB,PROP,0,0,1
17,MLB,PROP,0,1,1
17,MLB,PROP,0,0,1
17,MLB,PROP,0,0,1
17,NBA,RUNLINE,1,0,0
18,MLB,PROP,1,1,1
18,MLB,PROP,1,1,1
18,MLB,PROP,0,1,1
18,MLB,PROP,0,0,1
18,MLB,PROP,0,0,1
18,MLB,PROP,1,0,1
18,MLB,PROP,1,0,1
18,MLB,PROP,1,0,1
18,MLB,PROP,1,0,1
18,MLB,PROP,1,0,1
18,MLB,PROP,1,0,1
18,MLB,PROP,1,1,1
18,MLB,PROP,1,0,1
18,MLB,PROP,0,0,1
18,MLB,PROP,0,0,1
18,MLB,PROP,0,0,1
18,MLB,PROP,0,0,1
18,MLB,PROP,0,0,1
18,MLB,PROP,0,0,1
18,MLB,PROP,0,1,1
18,MLB,PROP,0,0,1
18,MLB,PROP,0,0,1
18,MLB,PROP,0,0,1
18,MLB,PROP,0,0,1
18,MLB,PROP,0,0,1
18,MLB,PROP,0,0,1
18,MLB,PROP,0,0,1
18,MLB,PROP,0,0,1
18,MLB,PROP,0,0,1
18,MLB,PROP,0,0,1
18,MLB,PROP,0,0,1
18,MLB,PROP,0,0,1
18,MLB,PROP,0,0,1
18,MLB,PROP,0,0,1
18,MLB,PROP,0,0,1
18,MLB,TOTAL,0,1,1
18,MLB,PROP,0,0,1
18,MLB,ML,0,1,1
18,MLB,PROP,0,0,1
18,MLB,PROP,0,0,1
18,MLB,TOTAL,0,1,1
18,MLB,PROP,0,0,1
18,MLB,PROP,0,0,1
18,MLB,PROP,0,1,1
18,MLB,PROP,0,0,1
18,MLB,PROP,0,1,1
18,MLB,RUNLINE,0,0,1
18,MLB,PROP,0,0,1
18,MLB,PROP,0,0,1
18,MLB,TOTAL,0,0,1
18,MLB,PROP,0,0,1
18,MLB,PROP,0,0,1
18,MLB,RUNLINE,0,1,1
18,MLB,TEAM_TOTAL,0,0,1
18,MLB,PROP,0,0,1
18,MLB,PROP,0,0,1
18,MLB,TOTAL,0,0,1
18,MLB,PROP,0,1,1
18,MLB,ML,0,1,1
18,MLB,TEAM_TOTAL,0,0,1
18,MLB,PROP,0,0,1
18,MLB,PROP,0,0,1
18,MLB,TOTAL,0,1,1
18,MLB,RUNLINE,0,1,1
18,MLB,F5,0,0,1
18,MLB,PROP,0,0,1
18,MLB,RUNLINE,0,1,1
18,MLB,PROP,0,0,1
18,MLB,PROP,0,0,1
18,MLB,PROP,0,1,1
18,MLB,PROP,0,0,1
18,MLB,PROP,0,0,1
18,MLB,F5,0,0,1
18,MLB,TEAM_TOTAL,0,0,1
18,MLB,PROP,0,0,1
18,MLB,PROP,0,0,1
18,MLB,F5,0,0,1
18,MLB,PROP,0,0,1
18,MLB,PROP,0,0,1
18,MLB,PROP,0,0,1
18,MLB,F5,0,0,1
18,MLB,PROP,0,0,1
18,MLB,TOTAL,0,0,1
18,MLB,PROP,0,0,1
18,MLB,PROP,0,0,1
18,MLB,PROP,0,1,1
18,MLB,PROP,0,0,1
18,MLB,RUNLINE,0,1,1
18,MLB,PROP,0,1,1
18,MLB,TEAM_TOTAL,0,0,1
18,MLB,PROP,0,1,1
18,MLB,PROP,0,0,1
18,MLB,ML,0,1,1
18,MLB,PROP,0,0,1
18,MLB,RUNLINE,0,0,1
18,MLB,PROP,0,0,1
18,MLB,PROP,0,0,1
18,MLB,PROP,0,0,1
18,MLB,RUNLINE,0,0,1
18,MLB,PROP,0,0,1
18,MLB,PROP,0,1,1
18,MLB,TOTAL,0,0,1
18,MLB,PROP,0,0,1
18,MLB,PROP,0,0,1
18,MLB,PROP,0,0,1
18,MLB,PROP,0,1,1
18,MLB,PROP,0,0,1
18,MLB,PROP,0,0,1
18,MLB,TEAM_TOTAL,0,0,1
18,MLB,PROP,0,0,1
18,MLB,PROP,0,0,1
18,MLB,PROP,0,0,1
18,MLB,PROP,0,0,1
18,MLB,PROP,0,1,1
18,MLB,TOTAL,0,0,1
18,MLB,RUNLINE,0,0,1
18,MLB,F5,0,0,1
18,MLB,RUNLINE,0,1,1
18,MLB,F5,0,0,1
18,MLB,PROP,0,0,1
18,MLB,PROP,0,0,1
18,MLB,TOTAL,0,0,1
18,MLB,ML,0,1,1
18,MLB,F5,0,0,1
18,MLB,PROP,0,0,1
18,MLB,PROP,0,0,1
18,MLB,PROP,0,0,1
18,MLB,PROP,0,1,1
18,MLB,PROP,0,0,1
18,MLB,PROP,0,0,1
18,MLB,PROP,0,1,1
18,MLB,PROP,0,0,1
18,MLB,PROP,0,0,1
18,MLB,PROP,0,1,1
18,MLB,TOTAL,0,0,1
18,MLB,PROP,0,1,1
18,MLB,ML,0,1,1
18,MLB,RUNLINE,0,0,1
18,MLB,PROP,0,1,1
18,MLB,PROP,0,1,1
18,MLB,PROP,0,1,1
18,MLB,PROP,0,0,1
18,MLB,F5,0,0,1
18,MLB,PROP,0,1,1
18,MLB,PROP,0,0,1
18,MLB,TEAM_TOTAL,0,0,1
18,MLB,PROP,0,0,1
18,MLB,PROP,0,1,1
18,MLB,PROP,0,1,1
18,MLB,PROP,0,1,1
18,MLB,F5,0,0,1
18,MLB,TEAM_TOTAL,0,0,1
18,MLB,PROP,0,1,1
18,MLB,PROP,0,1,1
18,MLB,PROP,0,1,1
18,MLB,PROP,0,1,1
18,MLB,PROP,0,0,1
18,MLB,PROP,0,1,1
18,MLB,F5,0,0,1
18,MLB,PROP,0,1,1
18,MLB,PROP,0,1,1
18,MLB,PROP,0,1,1
18,MLB,F5,0,0,1
18,MLB,PROP,0,0,1
18,MLB,PROP,0,1,1
18,MLB,PROP,0,0,1
18,MLB,PROP,0,1,1
18,MLB,PROP,0,1,1
18,MLB,PROP,0,1,1
18,MLB,F5,0,0,1
18,MLB,PROP,0,0,1
18,MLB,RUNLINE,0,0,1
18,MLB,PROP,0,1,1
18,MLB,PROP,0,0,1
18,MLB,PROP,0,1,1
18,MLB,PROP,0,1,1
18,MLB,PROP,0,1,1
18,MLB,RUNLINE,0,0,1
18,MLB,PROP,0,0,1
18,MLB,PROP,0,0,1
18,MLB,PROP,0,0,1
18,MLB,RUNLINE,0,0,1
18,MLB,RUNLINE,0,0,1
18,MLB,PROP,0,0,1
18,MLB,PROP,0,0,1
18,MLB,PROP,0,1,1
18,MLB,RUNLINE,0,0,1
18,MLB,PROP,0,0,1
18,MLB,PROP,0,0,1
18,MLB,PROP,0,0,1
18,MLB,PROP,0,0,1
18,MLB,PROP,0,0,1
18,MLB,RUNLINE,0,0,1
18,MLB,PROP,0,0,1
18,MLB,PROP,0,0,1
18,MLB,PROP,0,0,1
18,MLB,PROP,0,0,1
18,MLB,PROP,0,0,1
18,MLB,PROP,0,0,1
18,NBA,RUNLINE,1,0,0
19,MLB,PROP,1,0,1
19,MLB,PROP,0,0,1
19,MLB,PROP,0,0,1
19,MLB,PROP,0,1,1
19,MLB,RUNLINE,1,1,1
19,MLB,TOTAL,1,1,1
19,MLB,TOTAL,1,0,1
19,MLB,TOTAL,1,1,1
19,MLB,TEAM_TOTAL,0,0,1
19,MLB,ML,0,1,1
19,MLB,TEAM_TOTAL,0,0,1
19,MLB,ML,0,1,1
19,MLB,RUNLINE,0,1,1
19,MLB,PROP,1,0,1
19,MLB,TEAM_TOTAL,0,0,1
19,MLB,F5,0,0,1
19,MLB,ML,0,1,1
19,MLB,F5,0,0,1
19,MLB,F5,0,0,1
19,MLB,RUNLINE,0,0,1
19,MLB,TEAM_TOTAL,0,0,1
19,MLB,TOTAL,0,0,1
19,MLB,TEAM_TOTAL,0,0,1
19,MLB,TEAM_TOTAL,0,0,1
19,MLB,TOTAL,0,0,1
19,MLB,PROP,1,1,1
19,MLB,PROP,0,0,1
19,MLB,RUNLINE,0,0,1
19,MLB,RUNLINE,0,0,1
19,MLB,RUNLINE,0,1,1
19,MLB,TOTAL,0,1,1
19,MLB,RUNLINE,0,0,1
19,MLB,PROP,0,1,1
19,MLB,RUNLINE,0,1,1
19,MLB,ML,0,1,1
19,MLB,TEAM_TOTAL,0,0,1
19,MLB,TOTAL,0,0,1
19,MLB,PROP,0,0,1
19,MLB,ML,0,1,1
19,MLB,TOTAL,0,0,1
19,MLB,TOTAL,0,0,1
19,MLB,F5,0,0,1
19,MLB,ML,0,1,1
19,MLB,RUNLINE,0,0,1
19,MLB,PROP,0,1,1
19,MLB,PROP,0,1,1
19,MLB,ML,0,1,1
19,MLB,TOTAL,0,0,1
19,MLB,TEAM_TOTAL,0,0,1
19,MLB,TEAM_TOTAL,0,0,1
19,MLB,RUNLINE,0,0,1
19,MLB,TEAM_TOTAL,0,0,1
19,MLB,PROP,0,1,1
19,MLB,PROP,0,1,1
19,NBA,RUNLINE,1,0,0
20,MLB,PROP,1,1,1
20,MLB,PROP,1,1,1
20,MLB,PROP,1,0,1
20,MLB,PROP,0,1,1
20,MLB,PROP,1,0,1
20,MLB,PROP,0,1,1
20,MLB,PROP,1,0,1
20,MLB,RUNLINE,1,1,1
20,MLB,ML,0,1,1
20,MLB,PROP,1,1,1
20,MLB,PROP,1,0,1
20,MLB,PROP,1,0,1
20,MLB,PROP,0,0,1
20,MLB,PROP,0,0,1
20,MLB,PROP,0,0,1
20,MLB,PROP,0,1,1
20,MLB,PROP,0,0,1
20,MLB,PROP,0,1,1
20,MLB,PROP,0,0,1
20,MLB,PROP,0,0,1
20,MLB,PROP,1,1,1
20,MLB,TOTAL,0,0,1
20,MLB,PROP,0,0,1
20,MLB,PROP,0,1,1
20,MLB,PROP,0,1,1
20,MLB,ML,0,1,1
20,MLB,TOTAL,0,0,1
20,MLB,PROP,0,0,1
20,MLB,TOTAL,0,0,1
20,MLB,PROP,0,0,1
20,MLB,PROP,0,0,1
20,MLB,PROP,0,0,1
20,MLB,PROP,0,1,1
20,MLB,PROP,0,1,1
20,MLB,PROP,0,0,1
20,MLB,PROP,0,0,1
20,MLB,PROP,0,0,1
20,MLB,PROP,0,1,1
20,MLB,PROP,0,0,1
20,MLB,PROP,0,1,1
20,MLB,PROP,0,0,1
20,MLB,PROP,0,1,1
20,MLB,PROP,0,1,1
20,MLB,TEAM_TOTAL,0,0,1
20,MLB,PROP,0,0,1
20,MLB,PROP,0,1,1
20,MLB,PROP,0,0,1
20,MLB,PROP,0,0,1
20,MLB,F5,0,0,1
20,MLB,PROP,0,0,1
20,MLB,PROP,0,1,1
20,MLB,PROP,0,1,1
20,MLB,PROP,0,1,1
20,MLB,PROP,0,1,1
20,MLB,PROP,0,1,1
20,MLB,PROP,0,0,1
20,MLB,PROP,0,0,1
20,MLB,PROP,0,1,1
20,MLB,PROP,0,1,1
20,MLB,PROP,0,0,1
20,MLB,PROP,0,0,1
20,MLB,PROP,0,0,1
20,MLB,PROP,0,1,1
20,MLB,PROP,0,0,1
20,MLB,PROP,0,0,1
20,MLB,PROP,0,0,1
20,MLB,PROP,0,0,1
20,MLB,PROP,0,1,1
20,MLB,PROP,0,0,1
20,MLB,PROP,0,0,1
20,MLB,F5,0,0,1
20,MLB,PROP,0,0,1
20,MLB,TOTAL,0,0,1
20,MLB,TEAM_TOTAL,0,0,1
20,MLB,PROP,0,1,1
20,MLB,PROP,0,0,1
20,MLB,PROP,0,0,1
20,MLB,PROP,0,0,1
20,MLB,PROP,0,0,1
20,MLB,PROP,0,0,1
20,MLB,PROP,0,0,1
20,MLB,PROP,0,0,1
20,MLB,TOTAL,0,0,1
20,MLB,RUNLINE,0,0,1
20,MLB,PROP,0,0,1
20,MLB,PROP,0,0,1
20,MLB,PROP,0,0,1
20,MLB,ML,0,1,1
20,MLB,PROP,0,1,1
20,MLB,PROP,0,0,1
20,MLB,PROP,0,0,1
20,MLB,TEAM_TOTAL,0,0,1
20,MLB,TEAM_TOTAL,0,0,1
20,MLB,PROP,0,0,1
20,MLB,PROP,0,0,1
20,MLB,PROP,0,1,1
20,MLB,PROP,0,1,1
20,MLB,PROP,0,1,1
20,MLB,TEAM_TOTAL,0,0,1
20,MLB,PROP,0,0,1
20,MLB,TEAM_TOTAL,0,0,1
20,MLB,PROP,0,0,1
20,MLB,PROP,0,0,1
20,MLB,PROP,0,1,1
20,MLB,PROP,0,0,1
20,MLB,PROP,0,1,1
20,MLB,PROP,0,0,1
20,MLB,PROP,0,0,1
20,MLB,PROP,0,0,1
20,MLB,PROP,0,0,1
20,MLB,PROP,0,0,1
20,MLB,ML,0,1,1
20,MLB,RUNLINE,0,0,1
20,MLB,PROP,0,0,1
20,MLB,PROP,0,0,1
20,MLB,PROP,0,0,1
20,MLB,PROP,0,1,1
20,MLB,ML,0,1,1
20,MLB,PROP,0,0,1
20,MLB,PROP,0,0,1
20,MLB,PROP,0,0,1
20,MLB,PROP,0,0,1
20,MLB,ML,0,1,1
20,MLB,TOTAL,0,1,1
20,MLB,RUNLINE,0,0,1
20,MLB,PROP,0,0,1
20,MLB,PROP,0,0,1
20,MLB,PROP,0,0,1
20,MLB,PROP,0,0,1
20,MLB,ML,0,1,1
20,MLB,PROP,0,0,1
20,MLB,PROP,0,0,1
20,MLB,TOTAL,0,0,1
20,MLB,PROP,0,1,1
20,MLB,RUNLINE,0,0,1
20,MLB,PROP,0,0,1
20,MLB,TEAM_TOTAL,0,0,1
20,MLB,PROP,0,0,1
20,MLB,PROP,0,0,1
20,MLB,PROP,0,1,1
20,MLB,TOTAL,0,0,1
20,MLB,PROP,0,1,1
20,MLB,PROP,0,0,1
20,MLB,PROP,0,0,1
20,MLB,PROP,0,1,1
20,MLB,F5,0,0,1
20,MLB,PROP,0,0,1
20,MLB,PROP,0,0,1
20,MLB,PROP,0,0,1
20,MLB,TOTAL,0,0,1
20,MLB,PROP,0,0,1
20,MLB,TEAM_TOTAL,0,0,1
20,MLB,TEAM_TOTAL,0,0,1
20,MLB,PROP,0,0,1
20,MLB,PROP,0,1,1
20,MLB,PROP,0,1,1
20,MLB,PROP,0,0,1
20,MLB,PROP,0,0,1
20,MLB,PROP,0,1,1
20,MLB,PROP,0,1,1
20,MLB,RUNLINE,0,1,1
20,MLB,PROP,0,1,1
20,MLB,PROP,0,0,1
20,MLB,PROP,0,0,1
20,MLB,PROP,0,0,1
20,MLB,PROP,0,0,1
20,MLB,PROP,0,0,1
20,MLB,F5,0,0,1
20,MLB,PROP,0,0,1
20,MLB,PROP,0,0,1
20,MLB,PROP,0,0,1
20,MLB,PROP,0,1,1
20,MLB,PROP,0,0,1
20,MLB,PROP,0,1,1
20,MLB,PROP,0,1,1
20,MLB,PROP,0,0,1
20,MLB,PROP,0,0,1
20,MLB,PROP,0,0,1
20,MLB,PROP,0,1,1
20,MLB,PROP,0,0,1
20,MLB,PROP,0,0,1
20,MLB,PROP,0,0,1
20,MLB,F5,0,0,1
20,MLB,RUNLINE,0,0,1
20,MLB,PROP,0,1,1
20,MLB,PROP,0,1,1
20,MLB,PROP,0,1,1
20,MLB,PROP,0,0,1
20,MLB,F5,0,0,1
20,MLB,PROP,0,0,1
20,MLB,PROP,0,0,1
20,MLB,PROP,0,0,1
20,MLB,PROP,0,1,1
20,MLB,RUNLINE,0,0,1
20,MLB,PROP,0,0,1
20,MLB,PROP,0,0,1
20,MLB,PROP,0,0,1
20,MLB,PROP,0,0,1
20,MLB,RUNLINE,0,0,1
20,MLB,PROP,0,0,1
20,MLB,PROP,0,0,1
20,MLB,PROP,0,0,1
20,MLB,PROP,0,1,1
20,MLB,PROP,0,0,1
20,MLB,PROP,0,1,1
20,MLB,PROP,0,1,1
20,MLB,PROP,0,0,1
20,MLB,PROP,0,0,1
20,MLB,PROP,0,1,1
20,MLB,PROP,0,1,1
20,MLB,RUNLINE,0,0,1
20,MLB,PROP,0,0,1
20,MLB,PROP,0,0,1
20,MLB,PROP,0,0,1
20,MLB,F5,0,0,1
20,MLB,PROP,0,0,1
20,MLB,PROP,0,1,1
20,MLB,PROP,0,0,1
20,MLB,PROP,0,1,1
20,MLB,PROP,0,0,1
20,MLB,PROP,0,0,1
20,MLB,PROP,0,0,1
20,MLB,PROP,0,0,1
20,MLB,PROP,0,0,1
20,MLB,PROP,0,0,1
20,MLB,PROP,0,1,1
20,MLB,PROP,0,0,1
20,MLB,PROP,0,1,1
20,MLB,PROP,0,0,1
20,MLB,PROP,0,0,1
20,MLB,PROP,0,1,1
20,MLB,PROP,0,0,1
20,MLB,PROP,0,1,1
20,MLB,PROP,0,0,1
20,MLB,PROP,0,0,1
20,MLB,PROP,0,0,1
20,MLB,PROP,0,0,1
20,MLB,PROP,0,1,1
20,MLB,PROP,0,0,1
20,MLB,PROP,0,0,1
20,MLB,PROP,0,0,1
20,MLB,PROP,0,1,1
20,MLB,PROP,0,0,1
20,MLB,PROP,0,0,1
20,MLB,PROP,0,0,1
20,MLB,PROP,0,0,1
20,MLB,PROP,0,1,1
20,MLB,PROP,0,0,1
20,MLB,PROP,0,0,1
20,MLB,PROP,0,0,1
20,MLB,PROP,0,0,1
20,MLB,PROP,0,0,1
20,MLB,RUNLINE,0,0,1
20,MLB,PROP,0,0,1
20,MLB,PROP,0,0,1
20,MLB,PROP,0,0,1
20,MLB,PROP,0,0,1
20,MLB,PROP,0,0,1
20,MLB,RUNLINE,0,0,1
20,MLB,PROP,0,0,1
20,WNBA,PROP,1,0,0
20,WNBA,PROP,1,0,0
20,WNBA,RUNLINE,1,0,0
20,WNBA,PROP,1,0,0
20,WNBA,RUNLINE,1,0,0
20,WNBA,RUNLINE,1,0,0
20,WNBA,PROP,0,0,1
20,WNBA,PROP,0,0,1
20,WNBA,RUNLINE,0,0,0
20,WNBA,PROP,1,0,0
20,WNBA,PROP,0,1,1
20,WNBA,PROP,0,1,1
20,WNBA,PROP,0,1,1
20,WNBA,PROP,0,1,1
20,WNBA,PROP,0,1,1
20,WNBA,PROP,0,1,1
20,WNBA,PROP,0,0,1
20,WNBA,PROP,0,1,1
20,WNBA,PROP,0,1,1
20,WNBA,PROP,0,1,1
20,WNBA,PROP,0,1,1
20,WNBA,PROP,0,1,1
20,WNBA,PROP,0,1,1
20,WNBA,PROP,0,1,1
20,WNBA,PROP,0,1,1
20,WNBA,PROP,0,0,1
20,WNBA,PROP,0,1,1
20,WNBA,PROP,0,0,1
20,WNBA,PROP,0,1,1
20,WNBA,PROP,0,1,1
20,WNBA,PROP,0,1,1
20,WNBA,PROP,0,1,1
20,WNBA,PROP,0,1,1
20,WNBA,PROP,0,1,1
20,WNBA,PROP,0,0,1
20,WNBA,PROP,0,1,1
20,WNBA,PROP,0,1,1
20,WNBA,PROP,0,1,1
20,WNBA,PROP,0,1,1
20,WNBA,PROP,0,1,1
20,WNBA,PROP,0,1,1
20,WNBA,PROP,0,1,1
20,WNBA,PROP,0,1,1
20,WNBA,PROP,0,0,1
20,WNBA,PROP,0,0,1
20,WNBA,PROP,0,1,1
20,WNBA,PROP,0,0,1
20,WNBA,PROP,0,1,1
20,WNBA,PROP,0,1,1
20,WNBA,PROP,0,1,1
20,WNBA,PROP,0,1,1
20,WNBA,PROP,0,1,1
20,WNBA,PROP,0,1,1
20,WNBA,PROP,0,1,1
20,WNBA,PROP,0,1,1
20,WNBA,PROP,0,1,1
20,WNBA,PROP,0,0,1
20,WNBA,PROP,0,0,1
20,WNBA,PROP,0,0,1
20,WNBA,PROP,0,0,1
20,WNBA,PROP,0,1,1
20,WNBA,PROP,0,1,1
20,WNBA,PROP,0,1,1
20,WNBA,PROP,0,1,1
20,WNBA,ML,1,1,0
20,WNBA,PROP,0,1,1
20,WNBA,PROP,0,1,1
20,WNBA,PROP,0,1,1
20,WNBA,PROP,0,0,1
20,WNBA,PROP,0,1,1
20,NBA,RUNLINE,1,0,0
21,MLB,PROP,1,1,1
21,MLB,PROP,1,0,1
21,MLB,PROP,1,1,1
21,MLB,PROP,1,1,1
21,MLB,PROP,0,0,1
21,MLB,PROP,0,1,1
21,MLB,PROP,0,1,1
21,MLB,PROP,1,0,1
21,MLB,PROP,1,1,1
21,MLB,PROP,0,1,1
21,MLB,PROP,0,0,1
21,MLB,PROP,1,0,1
21,MLB,PROP,0,0,1
21,MLB,PROP,1,1,1
21,MLB,PROP,0,1,1
21,MLB,PROP,1,0,1
21,MLB,ML,0,1,1
21,MLB,PROP,1,1,1
21,MLB,PROP,1,0,1
21,MLB,TOTAL,1,0,1
21,MLB,PROP,1,0,1
21,MLB,PROP,0,0,1
21,MLB,PROP,0,0,1
21,MLB,PROP,0,1,1
21,MLB,ML,0,1,1
21,MLB,TOTAL,0,0,1
21,MLB,PROP,0,1,1
21,MLB,PROP,0,1,1
21,MLB,TOTAL,0,0,1
21,MLB,PROP,0,1,1
21,MLB,TOTAL,0,1,1
21,MLB,PROP,0,0,1
21,MLB,PROP,0,0,1
21,MLB,PROP,0,1,1
21,MLB,PROP,0,0,1
21,MLB,TEAM_TOTAL,0,0,1
21,MLB,PROP,0,1,1
21,MLB,PROP,0,1,1
21,MLB,PROP,0,0,1
21,MLB,PROP,0,0,1
21,MLB,PROP,0,0,1
21,MLB,PROP,0,0,1
21,MLB,PROP,0,0,1
21,MLB,RUNLINE,0,0,1
21,MLB,F5,0,0,1
21,MLB,PROP,0,0,1
21,MLB,PROP,0,1,1
21,MLB,PROP,0,1,1
21,MLB,PROP,0,1,1
21,MLB,PROP,0,1,1
21,MLB,PROP,0,1,1
21,MLB,PROP,0,0,1
21,MLB,RUNLINE,0,1,1
21,MLB,PROP,0,1,1
21,MLB,RUNLINE,0,1,1
21,MLB,PROP,0,0,1
21,MLB,RUNLINE,0,0,1
21,MLB,PROP,0,1,1
21,MLB,PROP,0,1,1
21,MLB,TEAM_TOTAL,0,0,1
21,MLB,PROP,0,0,1
21,MLB,PROP,0,0,1
21,MLB,PROP,0,1,1
21,MLB,TEAM_TOTAL,0,0,1
21,MLB,PROP,0,0,1
21,MLB,TEAM_TOTAL,0,0,1
21,MLB,ML,0,1,1
21,MLB,PROP,0,1,1
21,MLB,PROP,0,0,1
21,MLB,PROP,0,0,1
21,MLB,TOTAL,0,1,1
21,MLB,PROP,0,0,1
21,MLB,PROP,0,0,1
21,MLB,RUNLINE,0,0,1
21,MLB,PROP,0,0,1
21,MLB,PROP,0,0,1
21,MLB,TOTAL,0,1,1
21,MLB,PROP,0,0,1
21,MLB,PROP,0,1,1
21,MLB,RUNLINE,0,1,1
21,MLB,PROP,0,0,1
21,MLB,PROP,0,0,1
21,MLB,PROP,0,1,1
21,MLB,PROP,0,1,1
21,MLB,PROP,0,1,1
21,MLB,TEAM_TOTAL,0,0,1
21,MLB,PROP,0,0,1
21,MLB,PROP,0,0,1
21,MLB,PROP,0,1,1
21,MLB,ML,0,1,1
21,MLB,PROP,0,0,1
21,MLB,PROP,0,0,1
21,MLB,PROP,0,1,1
21,MLB,ML,0,1,1
21,MLB,PROP,0,1,1
21,MLB,PROP,0,0,1
21,MLB,F5,0,0,1
21,MLB,PROP,0,0,1
21,MLB,PROP,0,1,1
21,MLB,PROP,0,0,1
21,MLB,PROP,0,1,1
21,MLB,F5,0,0,1
21,MLB,PROP,0,1,1
21,MLB,PROP,0,1,1
21,MLB,TEAM_TOTAL,0,0,1
21,MLB,PROP,0,0,1
21,MLB,PROP,0,0,1
21,MLB,PROP,0,1,1
21,MLB,PROP,0,0,1
21,MLB,PROP,0,0,1
21,MLB,PROP,0,0,1
21,MLB,PROP,0,0,1
21,MLB,PROP,0,0,1
21,MLB,PROP,0,0,1
21,MLB,PROP,0,0,1
21,MLB,PROP,0,0,1
21,MLB,PROP,0,0,1
21,MLB,PROP,0,0,1
21,MLB,PROP,0,1,1
21,MLB,PROP,0,0,1
21,MLB,PROP,0,1,1
21,MLB,TEAM_TOTAL,0,0,1
21,MLB,PROP,0,0,1
21,MLB,PROP,0,0,1
21,MLB,PROP,0,1,1
21,MLB,ML,0,1,1
21,MLB,PROP,0,0,1
21,MLB,RUNLINE,0,1,1
21,MLB,TEAM_TOTAL,0,0,1
21,MLB,F5,0,0,1
21,MLB,PROP,0,1,1
21,MLB,PROP,0,0,1
21,MLB,PROP,0,0,1
21,MLB,PROP,0,0,1
21,MLB,PROP,0,0,1
21,MLB,ML,0,1,1
21,MLB,PROP,0,1,1
21,MLB,PROP,0,0,1
21,MLB,PROP,0,1,1
21,MLB,PROP,0,0,1
21,MLB,PROP,0,1,1
21,MLB,PROP,0,0,1
21,MLB,PROP,0,0,1
21,MLB,PROP,0,0,1
21,MLB,PROP,0,0,1
21,MLB,PROP,0,0,1
21,MLB,PROP,0,0,1
21,MLB,PROP,0,0,1
21,MLB,F5,0,0,1
21,MLB,PROP,0,1,1
21,MLB,F5,0,0,1
21,MLB,TEAM_TOTAL,0,0,1
21,MLB,PROP,0,0,1
21,MLB,PROP,0,0,1
21,MLB,F5,0,0,1
21,MLB,PROP,0,0,1
21,MLB,PROP,0,0,1
21,MLB,PROP,0,1,1
21,MLB,PROP,0,1,1
21,MLB,TEAM_TOTAL,0,0,1
21,MLB,PROP,0,1,1
21,MLB,TEAM_TOTAL,0,0,1
21,MLB,PROP,0,0,1
21,MLB,F5,0,0,1
21,MLB,TOTAL,0,1,1
21,MLB,TEAM_TOTAL,0,0,1
21,MLB,PROP,0,0,1
21,MLB,PROP,0,0,1
21,MLB,PROP,0,0,1
21,MLB,TOTAL,0,0,1
21,MLB,PROP,0,0,1
21,MLB,TEAM_TOTAL,0,0,1
21,MLB,PROP,0,0,1
21,MLB,PROP,0,1,1
21,MLB,PROP,0,1,1
21,MLB,PROP,0,0,1
21,MLB,PROP,0,1,1
21,MLB,PROP,0,1,1
21,MLB,PROP,0,1,1
21,MLB,PROP,0,1,1
21,MLB,PROP,0,0,1
21,MLB,PROP,0,1,1
21,MLB,PROP,0,1,1
21,MLB,PROP,0,1,1
21,MLB,PROP,0,1,1
21,MLB,PROP,0,0,1
21,MLB,RUNLINE,0,0,1
21,MLB,PROP,0,0,1
21,MLB,PROP,0,0,1
21,MLB,PROP,0,0,1
21,MLB,PROP,0,1,1
21,MLB,PROP,0,1,1
21,MLB,PROP,0,1,1
21,MLB,PROP,0,0,1
21,MLB,PROP,0,1,1
21,MLB,PROP,0,1,1
21,MLB,PROP,0,0,1
21,MLB,PROP,0,1,1
21,MLB,PROP,0,0,1
21,MLB,PROP,0,0,1
21,MLB,PROP,0,1,1
21,MLB,PROP,0,1,1
21,MLB,PROP,0,0,1
21,MLB,PROP,0,0,1
21,MLB,PROP,0,1,1
21,MLB,PROP,0,0,1
21,MLB,RUNLINE,0,0,1
21,MLB,PROP,0,0,1
21,MLB,PROP,0,0,1
21,MLB,RUNLINE,0,0,1
21,MLB,PROP,0,0,1
21,MLB,PROP,0,1,1
21,MLB,PROP,0,0,1
21,MLB,PROP,0,1,1
21,MLB,PROP,0,1,1
21,MLB,PROP,0,1,1
21,MLB,PROP,0,0,1
21,MLB,PROP,0,0,1
21,MLB,PROP,0,1,1
21,MLB,PROP,0,1,1
21,MLB,PROP,0,0,1
21,MLB,PROP,0,0,1
21,MLB,RUNLINE,0,0,1
21,MLB,PROP,0,0,1
21,MLB,PROP,0,0,1
21,MLB,PROP,0,1,1
21,MLB,PROP,0,1,1
21,MLB,PROP,0,1,1
21,MLB,PROP,0,0,1
21,MLB,PROP,0,0,1
21,MLB,PROP,0,1,1
21,MLB,PROP,0,0,1
21,MLB,RUNLINE,0,0,1
21,MLB,PROP,0,1,1
21,MLB,PROP,0,1,1
21,MLB,PROP,0,1,1
21,MLB,PROP,0,1,1
21,MLB,PROP,0,0,1
21,MLB,PROP,0,1,1
21,MLB,PROP,0,0,1
21,MLB,PROP,0,1,1
21,MLB,PROP,0,1,1
21,MLB,PROP,0,0,1
21,MLB,PROP,0,1,1
21,MLB,PROP,0,0,1
21,MLB,PROP,0,0,1
21,MLB,PROP,0,1,1
21,MLB,PROP,0,1,1
21,MLB,RUNLINE,0,0,1
21,MLB,RUNLINE,0,0,1
21,MLB,PROP,0,0,1
21,MLB,PROP,0,0,1
21,MLB,PROP,0,0,1
21,MLB,PROP,0,0,1
21,MLB,PROP,0,0,1
21,MLB,RUNLINE,0,0,1
21,MLB,PROP,0,0,1
21,MLB,PROP,0,0,1
21,WNBA,PROP,1,0,0
21,WNBA,RUNLINE,1,0,0
21,WNBA,PROP,0,1,1
21,WNBA,PROP,0,1,1
21,WNBA,PROP,0,1,1
21,WNBA,PROP,0,1,1
21,WNBA,PROP,0,1,1
21,WNBA,PROP,0,1,1
21,WNBA,PROP,0,1,1
21,WNBA,PROP,0,1,1
21,WNBA,PROP,0,1,1
21,WNBA,PROP,0,1,1
21,WNBA,PROP,1,0,0
21,WNBA,PROP,0,1,1
21,WNBA,PROP,0,1,1
21,WNBA,PROP,0,1,1
21,WNBA,PROP,0,1,1
21,WNBA,ML,1,0,0
21,WNBA,PROP,0,1,1
21,WNBA,PROP,0,1,1
21,WNBA,PROP,0,1,1
21,WNBA,PROP,0,1,1
21,WNBA,PROP,0,1,1
21,WNBA,PROP,0,1,1
21,WNBA,PROP,0,0,1
21,WNBA,PROP,0,1,1
21,WNBA,PROP,0,1,1
21,WNBA,PROP,0,1,1
21,NBA,RUNLINE,1,0,0
22,MLB,PROP,1,0,1
22,MLB,PROP,0,0,1
22,MLB,PROP,0,0,1
22,MLB,PROP,0,1,1
22,MLB,PROP,0,1,1
22,MLB,PROP,1,1,1
22,MLB,PROP,0,1,1
22,MLB,PROP,0,1,1
22,MLB,PROP,1,0,1
22,MLB,PROP,1,0,1
22,MLB,PROP,1,0,1
22,MLB,PROP,0,0,1
22,MLB,PROP,0,0,1
22,MLB,ML,0,1,1
22,MLB,TOTAL,1,0,1
22,MLB,PROP,0,0,1
22,MLB,PROP,1,0,1
22,MLB,PROP,1,0,1
22,MLB,PROP,1,0,1
22,MLB,F5,0,0,1
22,MLB,PROP,0,0,1
22,MLB,F5,0,0,1
22,MLB,PROP,0,0,1
22,MLB,PROP,0,1,1
22,MLB,TOTAL,0,0,1
22,MLB,PROP,0,0,1
22,MLB,PROP,0,0,1
22,MLB,TEAM_TOTAL,0,0,1
22,MLB,PROP,0,0,1
22,MLB,TOTAL,0,1,1
22,MLB,PROP,0,0,1
22,MLB,PROP,0,0,1
22,MLB,PROP,0,0,1
22,MLB,PROP,0,0,1
22,MLB,PROP,0,0,1
22,MLB,TOTAL,0,1,1
22,MLB,TEAM_TOTAL,0,0,1
22,MLB,PROP,0,0,1
22,MLB,PROP,0,0,1
22,MLB,PROP,0,0,1
22,MLB,RUNLINE,0,0,1
22,MLB,TOTAL,0,1,1
22,MLB,PROP,0,1,1
22,MLB,PROP,0,0,1
22,MLB,PROP,0,0,1
22,MLB,PROP,0,0,1
22,MLB,PROP,0,0,1
22,MLB,PROP,0,0,1
22,MLB,TOTAL,0,1,1
22,MLB,PROP,0,1,1
22,MLB,TOTAL,0,0,1
22,MLB,F5,0,0,1
22,MLB,TEAM_TOTAL,0,0,1
22,MLB,PROP,0,0,1
22,MLB,RUNLINE,0,0,1
22,MLB,PROP,0,0,1
22,MLB,ML,0,1,1
22,MLB,RUNLINE,0,0,1
22,MLB,RUNLINE,0,0,1
22,MLB,PROP,0,0,1
22,MLB,PROP,0,0,1
22,MLB,PROP,0,0,1
22,MLB,TOTAL,0,1,1
22,MLB,F5,0,0,1
22,MLB,TEAM_TOTAL,0,0,1
22,MLB,PROP,0,1,1
22,MLB,RUNLINE,0,1,1
22,MLB,PROP,0,0,1
22,MLB,PROP,0,0,1
22,MLB,TOTAL,0,0,1
22,MLB,PROP,0,0,1
22,MLB,PROP,0,0,1
22,MLB,PROP,0,0,1
22,MLB,PROP,0,0,1
22,MLB,PROP,0,0,1
22,MLB,PROP,0,0,1
22,MLB,PROP,0,0,1
22,MLB,PROP,0,0,1
22,MLB,F5,0,0,1
22,MLB,RUNLINE,0,0,1
22,MLB,PROP,0,0,1
22,MLB,TEAM_TOTAL,0,0,1
22,MLB,PROP,0,0,1
22,MLB,PROP,0,0,1
22,MLB,PROP,0,1,1
22,MLB,PROP,0,0,1
22,MLB,TEAM_TOTAL,0,0,1
22,MLB,PROP,0,0,1
22,MLB,PROP,0,0,1
22,MLB,PROP,0,0,1
22,MLB,PROP,0,0,1
22,MLB,PROP,0,0,1
22,MLB,TEAM_TOTAL,0,0,1
22,MLB,PROP,0,0,1
22,MLB,RUNLINE,0,0,1
22,MLB,PROP,0,0,1
22,MLB,PROP,0,0,1
22,MLB,RUNLINE,0,0,1
22,MLB,PROP,0,1,1
22,MLB,PROP,0,0,1
22,MLB,PROP,0,0,1
22,MLB,PROP,0,0,1
22,MLB,PROP,0,0,1
22,MLB,PROP,0,0,1
22,MLB,PROP,0,0,1
22,MLB,PROP,0,1,1
22,MLB,PROP,0,0,1
22,MLB,PROP,0,1,1
22,MLB,PROP,0,0,1
22,WNBA,PROP,1,0,1
22,WNBA,PROP,1,0,1
22,WNBA,PROP,1,0,1
22,WNBA,PROP,1,0,1
22,WNBA,PROP,1,1,1
22,WNBA,PROP,1,1,1
22,WNBA,PROP,1,1,1
22,WNBA,RUNLINE,1,0,0
22,WNBA,PROP,1,0,1
22,WNBA,PROP,1,1,1
22,WNBA,PROP,1,1,1
22,WNBA,PROP,1,1,1
22,WNBA,PROP,1,0,1
22,WNBA,PROP,1,1,1
22,WNBA,PROP,1,1,1
22,WNBA,PROP,1,0,1
22,WNBA,PROP,1,1,1
22,WNBA,PROP,1,0,1
22,WNBA,RUNLINE,0,0,0
22,WNBA,PROP,1,0,1
22,WNBA,PROP,1,1,1
22,WNBA,PROP,1,1,1
22,WNBA,PROP,0,0,1
22,WNBA,PROP,0,0,1
22,WNBA,ML,1,1,0
22,WNBA,PROP,0,1,1
22,WNBA,PROP,0,0,1
22,WNBA,PROP,0,1,1
22,WNBA,PROP,0,0,1
22,WNBA,PROP,0,0,1
22,WNBA,PROP,0,0,1
22,WNBA,PROP,0,0,1
22,WNBA,RUNLINE,0,0,0
22,WNBA,PROP,0,0,1
22,WNBA,PROP,0,1,1
22,WNBA,PROP,0,0,1
22,WNBA,PROP,0,0,1
22,WNBA,ML,1,1,0
22,WNBA,PROP,0,0,1
22,WNBA,PROP,0,0,1
22,WNBA,PROP,0,0,1
22,WNBA,PROP,0,1,1
22,WNBA,PROP,0,0,1
22,WNBA,PROP,0,0,1
22,WNBA,PROP,0,1,1
22,WNBA,PROP,0,1,1
22,WNBA,PROP,0,0,1
22,WNBA,PROP,0,0,1
22,WNBA,PROP,0,1,1
22,WNBA,PROP,0,0,1
22,WNBA,PROP,0,1,1
22,WNBA,PROP,0,1,1
22,MLB,PROP,1,1,1
22,MLB,PROP,1,1,1
22,MLB,PROP,1,0,1
22,MLB,PROP,1,1,1
22,MLB,PROP,1,1,1
22,MLB,PROP,1,1,1
22,MLB,PROP,1,1,1
22,MLB,PROP,1,1,1
22,MLB,PROP,1,0,1
22,MLB,PROP,1,1,1
22,MLB,PROP,1,1,1
22,MLB,F5,1,0,0
22,MLB,PROP,1,1,1
22,MLB,PROP,1,1,1
22,MLB,TOTAL,1,0,1
22,WNBA,ML,1,0,1
22,WNBA,ML,0,0,1
23,MLB,PROP,0,1,1
23,MLB,PROP,1,0,1
23,MLB,PROP,0,1,1
23,MLB,PROP,1,0,1
23,MLB,PROP,1,0,1
23,MLB,ML,0,1,1
23,MLB,RUNLINE,1,1,1
23,MLB,TEAM_TOTAL,1,0,1
23,MLB,RUNLINE,1,1,1
23,MLB,PROP,1,0,1
23,MLB,PROP,0,0,1
23,MLB,RUNLINE,1,1,1
23,MLB,TOTAL,1,1,1
23,MLB,ML,0,1,1
23,MLB,PROP,1,0,1
23,MLB,PROP,0,0,1
23,MLB,PROP,0,0,1
23,MLB,ML,0,1,1
23,MLB,ML,0,1,1
23,MLB,F5,0,0,1
23,MLB,F5,0,0,1
23,MLB,PROP,0,0,1
23,MLB,TOTAL,0,0,1
23,MLB,ML,0,1,1
23,MLB,RUNLINE,0,0,1
23,MLB,TEAM_TOTAL,0,0,1
23,MLB,PROP,0,0,1
23,MLB,ML,0,1,1
23,MLB,RUNLINE,0,1,1
23,MLB,TOTAL,0,0,1
23,MLB,TOTAL,0,1,1
23,MLB,TEAM_TOTAL,0,0,1
23,MLB,F5,0,0,1
23,MLB,PROP,0,0,1
23,MLB,RUNLINE,0,1,1
23,MLB,RUNLINE,0,1,1
23,MLB,PROP,0,0,1
23,MLB,TEAM_TOTAL,0,0,1
23,MLB,PROP,0,0,1
23,MLB,F5,0,0,1
23,MLB,F5,0,0,1
23,MLB,PROP,0,0,1
23,MLB,PROP,0,1,1
23,MLB,PROP,0,0,1
23,MLB,PROP,0,0,1
23,MLB,PROP,0,0,1
23,MLB,PROP,0,0,1
23,MLB,TOTAL,0,1,1
23,MLB,ML,0,1,1
23,MLB,PROP,0,0,1
23,MLB,TOTAL,0,1,1
23,MLB,TEAM_TOTAL,0,0,1
23,MLB,TOTAL,0,1,1
23,MLB,TEAM_TOTAL,0,0,1
23,MLB,PROP,0,1,1
23,MLB,ML,0,1,1
23,MLB,RUNLINE,0,1,1
23,MLB,PROP,0,0,1
23,MLB,TOTAL,0,0,1
23,MLB,TEAM_TOTAL,0,0,1
23,MLB,F5,0,0,1
23,MLB,PROP,0,0,1
23,MLB,F5,0,0,1
23,MLB,F5,0,0,1
23,MLB,PROP,0,0,1
23,MLB,PROP,0,0,1
23,MLB,TEAM_TOTAL,0,0,1
23,MLB,RUNLINE,0,0,1
23,MLB,PROP,0,0,1
23,MLB,PROP,0,0,1
23,MLB,PROP,0,0,1
23,MLB,PROP,0,1,1
23,MLB,PROP,0,0,1
23,MLB,F5,0,0,1
23,MLB,PROP,0,0,1
23,MLB,PROP,0,1,1
23,MLB,PROP,0,0,1
23,MLB,PROP,0,0,1
23,MLB,RUNLINE,0,0,1
23,MLB,PROP,0,0,1
23,MLB,PROP,0,0,1
23,MLB,RUNLINE,0,0,1
23,MLB,PROP,0,0,1
23,MLB,PROP,0,0,1
23,MLB,PROP,0,0,1
23,MLB,PROP,0,0,1
23,MLB,RUNLINE,0,1,1
23,WNBA,ML,1,1,0
23,MLB,PROP,1,1,1
23,MLB,RUNLINE,1,0,1
23,MLB,PROP,1,1,1
23,MLB,PROP,1,1,1
23,MLB,PROP,1,1,1
23,MLB,PROP,1,1,1
23,MLB,PROP,1,1,1
23,MLB,PROP,1,1,1
24,MLB,PROP,0,0,1
24,MLB,PROP,1,0,1
24,MLB,PROP,1,0,1
24,MLB,PROP,1,0,1
24,MLB,PROP,1,0,1
24,MLB,PROP,1,0,1
24,MLB,PROP,0,0,1
24,MLB,PROP,1,0,1
24,MLB,PROP,1,0,1
24,MLB,PROP,1,0,1
24,MLB,PROP,1,0,1
24,MLB,PROP,0,0,1
24,MLB,PROP,0,0,1
24,MLB,PROP,0,1,1
24,MLB,PROP,0,0,1
24,MLB,PROP,0,0,1
24,MLB,PROP,0,0,1
24,MLB,PROP,0,0,1
24,MLB,PROP,0,0,1
24,MLB,PROP,0,0,1
24,MLB,PROP,0,0,1
24,MLB,PROP,0,0,1
24,MLB,PROP,0,0,1
24,MLB,PROP,0,0,1
24,MLB,PROP,0,0,1
24,MLB,PROP,0,0,1
24,MLB,TOTAL,0,1,1
24,MLB,PROP,0,0,1
24,MLB,PROP,0,0,1
24,MLB,PROP,0,0,1
24,MLB,TOTAL,0,1,1
24,MLB,PROP,0,0,1
24,MLB,PROP,0,0,1
24,MLB,PROP,0,0,1
24,MLB,PROP,0,0,1
24,MLB,PROP,0,0,1
24,MLB,PROP,0,0,1
24,MLB,PROP,0,0,1
24,MLB,F5,0,0,1
24,MLB,TEAM_TOTAL,0,0,1
24,MLB,PROP,0,0,1
24,MLB,TOTAL,0,1,1
24,MLB,PROP,0,0,1
24,MLB,PROP,0,0,1
24,MLB,PROP,0,0,1
24,MLB,ML,0,1,1
24,MLB,PROP,0,0,1
24,MLB,PROP,0,0,1
24,MLB,PROP,0,0,1
24,MLB,PROP,0,0,1
24,MLB,TEAM_TOTAL,0,0,1
24,MLB,PROP,0,0,1
24,MLB,PROP,0,0,1
24,MLB,TOTAL,0,1,1
24,MLB,TOTAL,0,1,1
24,MLB,PROP,0,0,1
24,MLB,PROP,0,0,1
24,MLB,PROP,0,1,1
24,MLB,PROP,0,0,1
24,MLB,TEAM_TOTAL,0,0,1
24,MLB,PROP,0,0,1
24,MLB,PROP,0,0,1
24,MLB,PROP,0,0,1
24,MLB,PROP,0,0,1
24,MLB,PROP,0,0,1
24,MLB,PROP,0,0,1
24,MLB,PROP,0,0,1
24,MLB,PROP,0,0,1
24,MLB,PROP,0,0,1
24,MLB,PROP,0,0,1
24,MLB,TEAM_TOTAL,0,0,1
24,MLB,PROP,0,0,1
24,MLB,PROP,0,0,1
24,MLB,PROP,0,0,1
24,MLB,PROP,0,0,1
24,MLB,PROP,0,0,1
24,MLB,PROP,0,0,1
24,MLB,PROP,0,0,1
24,MLB,F5,0,0,1
24,MLB,ML,0,1,1
24,MLB,RUNLINE,0,1,1
24,MLB,PROP,0,0,1
24,MLB,PROP,0,1,1
24,MLB,PROP,0,0,1
24,MLB,TOTAL,0,1,1
24,MLB,PROP,0,0,1
24,MLB,F5,0,0,1
24,MLB,PROP,0,0,1
24,MLB,PROP,0,0,1
24,MLB,PROP,0,0,1
24,MLB,PROP,0,0,1
24,MLB,PROP,0,0,1
24,MLB,PROP,0,0,1
24,MLB,F5,0,0,1
24,MLB,PROP,0,0,1
24,MLB,PROP,0,0,1
24,MLB,PROP,0,0,1
24,MLB,PROP,0,0,1
24,MLB,PROP,0,0,1
24,MLB,PROP,0,0,1
24,MLB,PROP,0,0,1
24,MLB,PROP,0,0,1
24,MLB,PROP,0,0,1
24,MLB,PROP,0,0,1
24,MLB,PROP,0,0,1
24,MLB,PROP,0,0,1
24,MLB,RUNLINE,0,1,1
24,MLB,PROP,0,0,1
24,MLB,TEAM_TOTAL,0,0,1
24,MLB,PROP,0,0,1
24,MLB,PROP,0,0,1
24,MLB,ML,0,1,1
24,MLB,PROP,0,0,1
24,MLB,PROP,0,0,1
24,MLB,PROP,0,0,1
24,MLB,PROP,0,0,1
24,MLB,TEAM_TOTAL,0,0,1
24,MLB,TOTAL,0,1,1
24,MLB,PROP,0,0,1
24,MLB,PROP,0,1,1
24,MLB,PROP,0,1,1
24,MLB,PROP,0,0,1
24,MLB,TOTAL,0,1,1
24,MLB,TEAM_TOTAL,0,0,1
24,MLB,PROP,0,0,1
24,MLB,F5,0,0,1
24,MLB,PROP,0,1,1
24,MLB,PROP,0,1,1
24,MLB,TEAM_TOTAL,0,0,1
24,MLB,PROP,0,0,1
24,MLB,PROP,0,0,1
24,MLB,PROP,0,0,1
24,MLB,PROP,0,0,1
24,MLB,PROP,0,1,1
24,MLB,PROP,0,0,1
24,MLB,PROP,0,0,1
24,MLB,PROP,0,0,1
24,MLB,PROP,0,1,1
24,MLB,PROP,0,0,1
24,MLB,PROP,0,0,1
24,MLB,PROP,0,1,1
24,MLB,PROP,0,0,1
24,MLB,PROP,0,0,1
24,MLB,TOTAL,0,1,1
24,MLB,PROP,0,0,1
24,MLB,PROP,0,0,1
24,MLB,PROP,0,0,1
24,MLB,F5,0,0,1
24,MLB,F5,0,0,1
24,MLB,PROP,0,1,1
24,MLB,TOTAL,0,1,1
24,MLB,PROP,0,0,1
24,MLB,PROP,0,0,1
24,MLB,PROP,0,1,1
24,MLB,RUNLINE,0,1,1
24,MLB,PROP,0,1,1
24,MLB,PROP,0,1,1
24,MLB,PROP,0,1,1
24,MLB,PROP,0,1,1
24,MLB,PROP,0,1,1
24,MLB,PROP,0,1,1
24,MLB,PROP,0,0,1
24,MLB,RUNLINE,0,1,1
24,MLB,F5,0,0,1
24,MLB,PROP,0,1,1
24,MLB,PROP,0,1,1
24,MLB,PROP,0,0,1
24,MLB,PROP,0,0,1
24,MLB,F5,0,0,1
24,MLB,F5,0,0,1
24,MLB,RUNLINE,0,1,1
24,MLB,F5,0,0,1
24,MLB,PROP,0,0,1
24,MLB,PROP,0,0,1
24,MLB,TEAM_TOTAL,0,0,1
24,MLB,PROP,0,0,1
24,MLB,RUNLINE,0,1,1
24,MLB,PROP,0,0,1
24,MLB,PROP,0,0,1
24,MLB,PROP,0,1,1
24,MLB,ML,0,1,1
24,MLB,ML,0,1,1
24,MLB,PROP,0,0,1
24,MLB,TEAM_TOTAL,0,0,1
24,MLB,PROP,0,0,1
24,MLB,PROP,0,0,1
24,MLB,F5,0,0,1
24,MLB,PROP,0,0,1
24,MLB,PROP,0,0,1
24,MLB,PROP,0,0,1
24,MLB,PROP,0,0,1
24,MLB,PROP,0,0,1
24,MLB,PROP,0,0,1
24,MLB,PROP,0,1,1
24,MLB,TEAM_TOTAL,0,0,1
24,MLB,PROP,0,0,1
24,MLB,PROP,0,0,1
24,MLB,PROP,0,0,1
24,MLB,PROP,0,0,1
24,MLB,TEAM_TOTAL,0,0,1
24,MLB,PROP,0,0,1
24,MLB,PROP,0,0,1
24,MLB,PROP,0,1,1
24,MLB,PROP,0,0,1
24,MLB,PROP,0,0,1
24,MLB,PROP,0,0,1
24,MLB,PROP,0,0,1
24,MLB,PROP,0,1,1
24,MLB,PROP,0,1,1
24,MLB,TEAM_TOTAL,0,0,1
24,MLB,PROP,0,1,1
24,MLB,PROP,0,1,1
24,MLB,PROP,0,0,1
24,MLB,PROP,0,0,1
24,MLB,PROP,0,0,1
24,MLB,PROP,0,0,1
24,MLB,PROP,0,0,1
24,MLB,RUNLINE,0,1,1
24,MLB,PROP,0,0,1
24,MLB,PROP,0,0,1
24,MLB,PROP,0,0,1
24,MLB,PROP,0,1,1
24,MLB,PROP,0,1,1
24,MLB,PROP,0,1,1
24,MLB,PROP,0,0,1
24,MLB,PROP,0,0,1
24,MLB,PROP,0,0,1
24,MLB,PROP,0,1,1
24,MLB,PROP,0,0,1
24,MLB,PROP,0,1,1
24,MLB,PROP,0,0,1
24,MLB,PROP,0,0,1
24,MLB,RUNLINE,0,1,1
24,MLB,RUNLINE,0,0,1
24,MLB,PROP,0,1,1
24,MLB,PROP,0,0,1
24,MLB,PROP,0,1,1
24,MLB,PROP,0,0,1
24,MLB,PROP,0,0,1
24,MLB,PROP,0,1,1
24,MLB,PROP,0,1,1
24,MLB,PROP,0,0,1
24,MLB,PROP,0,0,1
24,MLB,RUNLINE,0,1,1
24,MLB,PROP,0,0,1
24,MLB,PROP,0,0,1
24,MLB,PROP,0,0,1
24,MLB,PROP,0,0,1
24,MLB,PROP,0,0,1
24,MLB,PROP,0,0,1
24,MLB,PROP,0,0,1
24,MLB,PROP,0,1,1
24,MLB,PROP,0,1,1
24,MLB,PROP,0,1,1
24,MLB,RUNLINE,0,1,1
24,MLB,PROP,0,0,1
24,MLB,PROP,0,1,1
24,MLB,PROP,0,1,1
24,MLB,PROP,0,0,1
24,MLB,PROP,0,0,1
24,MLB,PROP,0,0,1
24,MLB,PROP,0,0,1
24,MLB,PROP,0,0,1
24,MLB,PROP,0,1,1
24,MLB,PROP,0,1,1
24,MLB,RUNLINE,0,1,1
24,MLB,RUNLINE,0,1,1
24,MLB,PROP,0,0,1
24,MLB,RUNLINE,0,1,1
24,MLB,RUNLINE,0,1,1
24,MLB,RUNLINE,0,1,1
24,MLB,PROP,0,0,1
24,MLB,PROP,0,0,1
24,MLB,PROP,0,0,1
24,MLB,RUNLINE,0,1,1
24,MLB,PROP,0,0,1
24,WNBA,RUNLINE,1,0,0
24,WNBA,RUNLINE,0,0,0
24,WNBA,ML,1,1,0
24,SOCCER,AH,1,0,0
24,SOCCER,ML,0,0,0
24,SOCCER,TOTAL,0,0,1
24,SOCCER,AH,0,0,0
24,SOCCER,BTTS,0,0,1
24,SOCCER,TOTAL,0,0,1
24,SOCCER,BTTS,0,0,1
24,SOCCER,TOTAL,1,0,0
24,SOCCER,RUNLINE,1,0,0
24,SOCCER,AH,1,0,1
24,SOCCER,TOTAL,1,0,1
24,SOCCER,AH,1,0,1
24,MLB,PROP,1,1,1
24,MLB,PROP,1,1,1
24,MLB,PROP,1,1,1
24,MLB,PROP,1,1,1
24,MLB,PROP,1,1,1
24,MLB,PROP,1,1,1
24,MLB,PROP,1,1,1
24,MLB,TOTAL,1,0,1
24,MLB,PROP,1,1,1
25,MLB,PROP,0,0,1
25,MLB,PROP,0,1,1
25,MLB,PROP,1,1,1
25,MLB,PROP,0,1,1
25,MLB,PROP,0,1,1
25,MLB,PROP,0,1,1
25,MLB,PROP,1,0,1
25,MLB,PROP,1,0,1
25,MLB,PROP,1,0,1
25,MLB,PROP,1,0,1
25,MLB,PROP,1,0,1
25,MLB,PROP,1,0,1
25,MLB,PROP,1,0,1
25,MLB,PROP,1,0,1
25,MLB,PROP,0,1,1
25,MLB,PROP,0,0,1
25,MLB,PROP,0,0,1
25,MLB,PROP,0,0,1
25,MLB,PROP,0,0,1
25,MLB,PROP,0,0,1
25,MLB,PROP,0,0,1
25,MLB,PROP,0,0,1
25,MLB,PROP,0,0,1
25,MLB,PROP,0,0,1
25,MLB,PROP,0,0,1
25,MLB,PROP,0,0,1
25,MLB,ML,0,1,1
25,MLB,PROP,0,0,1
25,MLB,PROP,0,0,1
25,MLB,TOTAL,0,1,1
25,MLB,PROP,0,0,1
25,MLB,PROP,0,0,1
25,MLB,TOTAL,0,1,1
25,MLB,PROP,0,0,1
25,MLB,ML,0,1,1
25,MLB,PROP,0,0,1
25,MLB,PROP,0,0,1
25,MLB,PROP,0,0,1
25,MLB,PROP,0,0,1
25,MLB,PROP,0,0,1
25,MLB,PROP,0,0,1
25,MLB,PROP,0,0,1
25,MLB,TEAM_TOTAL,0,0,1
25,MLB,F5,0,0,1
25,MLB,TEAM_TOTAL,0,0,1
25,MLB,PROP,0,0,1
25,MLB,TEAM_TOTAL,0,0,1
25,MLB,PROP,0,0,1
25,MLB,PROP,0,0,1
25,MLB,PROP,0,0,1
25,MLB,PROP,0,0,1
25,MLB,PROP,0,0,1
25,MLB,PROP,0,0,1
25,MLB,PROP,0,0,1
25,MLB,PROP,0,0,1
25,MLB,TEAM_TOTAL,0,0,1
25,MLB,PROP,0,0,1
25,MLB,PROP,0,0,1
25,MLB,PROP,0,0,1
25,MLB,PROP,0,0,1
25,MLB,PROP,0,0,1
25,MLB,PROP,0,0,1
25,MLB,RUNLINE,0,1,1
25,MLB,PROP,0,0,1
25,MLB,TOTAL,0,1,1
25,MLB,RUNLINE,0,0,1
25,MLB,RUNLINE,0,1,1
25,MLB,F5,0,0,1
25,MLB,TEAM_TOTAL,0,0,1
25,MLB,PROP,0,0,1
25,MLB,PROP,0,0,1
25,MLB,PROP,0,0,1
25,MLB,PROP,0,0,1
25,MLB,PROP,0,0,1
25,MLB,PROP,0,0,1
25,MLB,PROP,0,0,1
25,MLB,PROP,0,0,1
25,MLB,PROP,0,0,1
25,MLB,PROP,0,0,1
25,MLB,PROP,0,0,1
25,MLB,PROP,0,0,1
25,MLB,PROP,0,0,1
25,MLB,PROP,0,0,1
25,MLB,PROP,0,0,1
25,MLB,PROP,0,0,1
25,MLB,PROP,0,0,1
25,MLB,F5,0,0,1
25,MLB,TEAM_TOTAL,0,0,1
25,MLB,PROP,0,1,1
25,MLB,PROP,0,0,1
25,MLB,PROP,0,0,1
25,MLB,RUNLINE,0,1,1
25,MLB,PROP,0,0,1
25,MLB,PROP,0,0,1
25,MLB,PROP,0,0,1
25,MLB,TOTAL,0,1,1
25,MLB,ML,0,1,1
25,MLB,PROP,0,0,1
25,MLB,PROP,0,1,1
25,MLB,PROP,0,0,1
25,MLB,PROP,0,0,1
25,MLB,PROP,0,0,1
25,MLB,PROP,0,0,1
25,MLB,TEAM_TOTAL,0,0,1
25,MLB,F5,0,0,1
25,MLB,PROP,0,0,1
25,MLB,ML,0,1,1
25,MLB,PROP,0,0,1
25,MLB,PROP,0,0,1
25,MLB,RUNLINE,0,1,1
25,MLB,PROP,0,0,1
25,MLB,PROP,0,0,1
25,MLB,ML,0,1,1
25,MLB,F5,0,0,1
25,MLB,PROP,0,0,1
25,MLB,PROP,0,0,1
25,MLB,PROP,0,0,1
25,MLB,PROP,0,0,1
25,MLB,PROP,0,0,1
25,MLB,PROP,0,0,1
25,MLB,PROP,0,1,1
25,MLB,TOTAL,0,1,1
25,MLB,PROP,0,0,1
25,MLB,PROP,0,1,1
25,MLB,TOTAL,0,1,1
25,MLB,ML,0,1,1
25,MLB,PROP,0,0,1
25,MLB,TEAM_TOTAL,0,0,1
25,MLB,TOTAL,0,1,1
25,MLB,PROP,0,0,1
25,MLB,PROP,0,0,1
25,MLB,PROP,0,1,1
25,MLB,RUNLINE,0,1,1
25,MLB,PROP,0,0,1
25,MLB,PROP,0,0,1
25,MLB,PROP,0,0,1
25,MLB,PROP,0,0,1
25,MLB,PROP,0,0,1
25,MLB,PROP,0,0,1
25,MLB,PROP,0,0,1
25,MLB,PROP,0,0,1
25,MLB,TOTAL,0,1,1
25,MLB,PROP,0,0,1
25,MLB,PROP,0,1,1
25,MLB,RUNLINE,0,1,1
25,MLB,PROP,0,0,1
25,MLB,PROP,0,1,1
25,MLB,PROP,0,0,1
25,MLB,PROP,0,0,1
25,MLB,TEAM_TOTAL,0,0,1
25,MLB,TEAM_TOTAL,0,0,1
25,MLB,PROP,0,0,1
25,MLB,PROP,0,0,1
25,MLB,PROP,0,1,1
25,MLB,PROP,0,0,1
25,MLB,PROP,0,1,1
25,MLB,PROP,0,0,1
25,MLB,PROP,0,1,1
25,MLB,PROP,0,0,1
25,MLB,PROP,0,0,1
25,MLB,PROP,0,0,1
25,MLB,PROP,0,1,1
25,MLB,RUNLINE,0,1,1
25,MLB,PROP,0,0,1
25,MLB,TOTAL,0,1,1
25,MLB,PROP,0,0,1
25,MLB,PROP,0,1,1
25,MLB,PROP,0,0,1
25,MLB,PROP,0,0,1
25,MLB,TEAM_TOTAL,0,0,1
25,MLB,PROP,0,0,1
25,MLB,F5,0,0,1
25,MLB,TOTAL,0,1,1
25,MLB,PROP,0,0,1
25,MLB,PROP,0,0,1
25,MLB,PROP,0,1,1
25,MLB,TOTAL,0,1,1
25,MLB,F5,0,0,1
25,MLB,PROP,0,1,1
25,MLB,PROP,0,1,1
25,MLB,F5,0,0,1
25,MLB,RUNLINE,0,1,1
25,MLB,PROP,0,0,1
25,MLB,PROP,0,0,1
25,MLB,TEAM_TOTAL,0,0,1
25,MLB,PROP,0,0,1
25,MLB,PROP,0,0,1
25,MLB,RUNLINE,0,0,1
25,MLB,PROP,0,1,1
25,MLB,PROP,0,0,1
25,MLB,PROP,0,0,1
25,MLB,PROP,0,0,1
25,MLB,PROP,0,1,1
25,MLB,PROP,0,0,1
25,MLB,PROP,0,0,1
25,MLB,PROP,0,0,1
25,MLB,PROP,0,1,1
25,MLB,PROP,0,0,1
25,MLB,PROP,0,0,1
25,MLB,PROP,0,0,1
25,MLB,PROP,0,0,1
25,MLB,PROP,0,0,1
25,MLB,PROP,0,0,1
25,MLB,PROP,0,0,1
25,MLB,PROP,0,0,1
25,MLB,F5,0,0,1
25,MLB,PROP,0,0,1
25,MLB,PROP,0,0,1
25,MLB,PROP,0,1,1
25,MLB,PROP,0,1,1
25,MLB,PROP,0,0,1
25,MLB,PROP,0,1,1
25,MLB,PROP,0,1,1
25,MLB,PROP,0,1,1
25,MLB,PROP,0,0,1
25,MLB,PROP,0,1,1
25,MLB,PROP,0,0,1
25,MLB,PROP,0,1,1
25,MLB,PROP,0,0,1
25,MLB,PROP,0,0,1
25,MLB,PROP,0,1,1
25,MLB,F5,0,0,1
25,MLB,PROP,0,0,1
25,MLB,PROP,0,1,1
25,MLB,PROP,0,1,1
25,MLB,PROP,0,0,1
25,MLB,PROP,0,0,1
25,MLB,PROP,0,1,1
25,MLB,PROP,0,0,1
25,MLB,TEAM_TOTAL,0,0,1
25,MLB,PROP,0,1,1
25,MLB,PROP,0,1,1
25,MLB,PROP,0,0,1
25,MLB,PROP,0,1,1
25,MLB,PROP,0,0,1
25,MLB,PROP,0,0,1
25,MLB,RUNLINE,0,1,1
25,MLB,PROP,0,0,1
25,MLB,PROP,0,0,1
25,MLB,PROP,0,0,1
25,MLB,PROP,0,1,1
25,MLB,PROP,0,0,1
25,MLB,PROP,0,0,1
25,MLB,PROP,0,0,1
25,MLB,PROP,0,0,1
25,MLB,PROP,0,0,1
25,MLB,PROP,0,0,1
25,MLB,PROP,0,1,1
25,MLB,PROP,0,0,1
25,MLB,PROP,0,0,1
25,MLB,PROP,0,1,1
25,MLB,PROP,0,0,1
25,MLB,PROP,0,1,1
25,MLB,PROP,0,0,1
25,MLB,PROP,0,0,1
25,MLB,PROP,0,1,1
25,MLB,PROP,0,0,1
25,MLB,PROP,0,0,1
25,MLB,RUNLINE,0,1,1
25,MLB,RUNLINE,0,1,1
25,MLB,PROP,0,1,1
25,MLB,PROP,0,0,1
25,MLB,PROP,0,0,1
25,MLB,PROP,0,0,1
25,WNBA,RUNLINE,1,0,0
25,WNBA,RUNLINE,1,0,0
25,WNBA,RUNLINE,0,0,0
25,WNBA,ML,1,1,0
25,WNBA,ML,1,1,0
25,WNBA,ML,1,1,0
25,MLB,PROP,1,1,1
25,MLB,PROP,1,1,1
25,MLB,PROP,1,1,1
25,MLB,PROP,1,1,1
25,MLB,PROP,1,1,1
25,WNBA,RUNLINE,1,0,1
25,WNBA,PROP,1,0,1
25,WNBA,RUNLINE,1,0,1
25,WNBA,PROP,1,1,1
25,WNBA,RUNLINE,1,0,1
25,WNBA,PROP,1,1,1
25,WNBA,PROP,0,1,1
25,WNBA,PROP,1,1,1
25,WNBA,PROP,1,1,1
25,WNBA,PROP,1,1,1
25,WNBA,PROP,1,1,1
25,WNBA,PROP,1,0,1
25,WNBA,PROP,1,1,1
25,WNBA,PROP,1,1,1
25,WNBA,PROP,0,1,1
25,WNBA,PROP,0,1,1
25,WNBA,PROP,0,1,1
25,WNBA,PROP,0,1,1
25,WNBA,PROP,0,1,1
25,WNBA,PROP,0,1,1
25,WNBA,PROP,0,1,1
25,WNBA,PROP,0,1,1
25,WNBA,PROP,0,1,1
25,WNBA,PROP,0,1,1
25,WNBA,PROP,0,1,1
25,WNBA,PROP,0,1,1
25,WNBA,PROP,0,1,1
25,WNBA,PROP,0,0,1
25,WNBA,PROP,0,1,1
25,MLB,PROP,1,1,1
25,MLB,PROP,1,1,1
25,MLB,PROP,1,0,1
25,MLB,PROP,1,1,1
25,MLB,PROP,1,1,1
25,MLB,PROP,1,0,1
25,MLB,PROP,1,1,1
25,WNBA,PROP,0,1,1
25,WNBA,RUNLINE,1,0,1
25,WNBA,PROP,1,1,1
25,WNBA,PROP,1,1,1
25,WNBA,PROP,1,1,1
25,WNBA,PROP,1,1,1
25,WNBA,PROP,1,1,1
25,WNBA,PROP,1,1,1
25,WNBA,PROP,1,0,1
25,WNBA,PROP,1,1,1
25,WNBA,PROP,1,1,1
25,WNBA,PROP,1,0,1
25,WNBA,PROP,1,0,1
25,WNBA,PROP,1,1,1
25,WNBA,PROP,1,1,1
25,WNBA,PROP,0,1,1
25,WNBA,PROP,0,1,1
25,WNBA,PROP,0,1,1
25,WNBA,PROP,0,1,1
25,WNBA,PROP,0,1,1
25,WNBA,PROP,0,1,1
26,MLB,PROP,1,1,1
26,MLB,ML,0,1,1
26,MLB,TEAM_TOTAL,1,0,1
26,MLB,TOTAL,1,1,1
26,MLB,TOTAL,1,1,1
26,MLB,TEAM_TOTAL,1,0,1
26,MLB,TEAM_TOTAL,1,0,1
26,MLB,TEAM_TOTAL,1,0,1
26,MLB,TOTAL,1,1,1
26,MLB,ML,0,1,1
26,MLB,TEAM_TOTAL,1,0,1
26,MLB,RUNLINE,0,1,1
26,MLB,TOTAL,0,1,1
26,MLB,TOTAL,0,1,1
26,MLB,RUNLINE,0,0,1
26,MLB,RUNLINE,0,1,1
26,MLB,ML,0,1,1
26,MLB,TOTAL,0,1,1
26,MLB,TEAM_TOTAL,0,0,1
26,MLB,RUNLINE,0,1,1
26,MLB,RUNLINE,0,0,1
26,MLB,F5,0,0,1
26,MLB,TEAM_TOTAL,0,0,1
26,MLB,TOTAL,0,1,1
26,MLB,F5,0,0,1
26,WNBA,ML,1,1,0
26,WNBA,PROP,1,0,1
26,WNBA,PROP,1,1,1
26,WNBA,PROP,1,1,1
26,WNBA,PROP,1,1,1
26,WNBA,PROP,1,0,1
26,WNBA,RUNLINE,0,0,0
26,WNBA,PROP,1,0,1
26,WNBA,PROP,1,0,1
26,WNBA,PROP,1,0,1
26,WNBA,PROP,1,0,1
26,WNBA,PROP,1,0,1
26,WNBA,PROP,1,0,1
26,WNBA,PROP,1,0,1
26,WNBA,PROP,1,0,1
26,WNBA,PROP,1,0,1
26,WNBA,PROP,1,1,1
26,WNBA,PROP,0,1,1
26,WNBA,PROP,1,0,1
26,WNBA,PROP,1,0,1
26,WNBA,PROP,0,1,1
26,WNBA,PROP,0,1,1
26,WNBA,PROP,1,0,1
26,WNBA,PROP,1,0,1
26,WNBA,PROP,0,1,1
26,WNBA,PROP,1,1,1
26,WNBA,PROP,1,1,1
26,WNBA,PROP,0,0,1
26,WNBA,PROP,1,0,1
26,WNBA,PROP,0,0,1
26,WNBA,PROP,0,1,1
26,WNBA,PROP,0,1,1
26,WNBA,PROP,0,0,1
26,WNBA,PROP,0,1,1
26,WNBA,PROP,0,1,1
26,WNBA,PROP,0,1,1
26,WNBA,PROP,0,0,1
26,WNBA,PROP,0,1,1
26,WNBA,PROP,0,0,1
26,WNBA,PROP,0,1,1
26,WNBA,PROP,0,1,1
26,WNBA,PROP,0,1,1
26,WNBA,PROP,0,1,1
26,WNBA,PROP,0,1,1
26,WNBA,PROP,0,1,1
26,WNBA,PROP,0,1,1
26,WNBA,PROP,0,0,1
26,WNBA,PROP,0,1,1
26,WNBA,PROP,0,1,1
26,WNBA,PROP,1,0,1
26,WNBA,PROP,1,1,1
26,MLB,PROP,1,1,1
26,MLB,PROP,1,1,1
26,MLB,PROP,1,1,1
26,MLB,PROP,1,1,1
26,MLB,PROP,1,1,1
26,MLB,PROP,1,1,1
26,MLB,TOTAL,1,0,1
26,MLB,TOTAL,1,0,1
27,MLB,PROP,1,1,1
27,MLB,PROP,0,1,1
27,MLB,PROP,0,1,1
27,MLB,PROP,1,0,1
27,MLB,PROP,0,0,1
27,MLB,ML,0,1,1
27,MLB,PROP,1,0,1
27,MLB,PROP,0,0,1
27,MLB,ML,0,1,1
27,MLB,PROP,0,0,1
27,MLB,PROP,1,0,1
27,MLB,PROP,1,0,1
27,MLB,PROP,1,0,1
27,MLB,PROP,1,0,1
27,MLB,RUNLINE,0,1,1
27,MLB,PROP,1,0,1
27,MLB,RUNLINE,1,1,1
27,MLB,TOTAL,1,1,1
27,MLB,PROP,0,0,1
27,MLB,ML,0,1,1
27,MLB,TEAM_TOTAL,0,0,1
27,MLB,PROP,0,0,1
27,MLB,TEAM_TOTAL,0,0,1
27,MLB,PROP,0,0,1
27,MLB,PROP,0,0,1
27,MLB,PROP,0,0,1
27,MLB,TEAM_TOTAL,0,0,1
27,MLB,RUNLINE,0,1,1
27,MLB,PROP,0,0,1
27,MLB,PROP,0,0,1
27,MLB,PROP,0,0,1
27,MLB,PROP,0,0,1
27,MLB,PROP,0,0,1
27,MLB,TEAM_TOTAL,0,0,1
27,MLB,PROP,0,0,1
27,MLB,PROP,0,0,1
27,MLB,PROP,0,0,1
27,MLB,TOTAL,0,1,1
27,MLB,TEAM_TOTAL,0,0,1
27,MLB,TOTAL,0,1,1
27,MLB,ML,0,1,1
27,MLB,PROP,0,0,1
27,MLB,TEAM_TOTAL,0,0,1
27,MLB,PROP,0,0,1
27,MLB,PROP,0,0,1
27,MLB,PROP,0,0,1
27,MLB,PROP,0,0,1
27,MLB,PROP,0,0,1
27,MLB,PROP,0,0,1
27,MLB,PROP,0,0,1
27,MLB,PROP,0,0,1
27,MLB,TOTAL,0,1,1
27,MLB,TOTAL,0,1,1
27,MLB,PROP,0,0,1
27,MLB,PROP,0,0,1
27,MLB,TEAM_TOTAL,0,0,1
27,MLB,PROP,0,0,1
27,MLB,TEAM_TOTAL,0,0,1
27,MLB,TOTAL,0,1,1
27,MLB,TOTAL,0,1,1
27,MLB,ML,0,1,1
27,MLB,PROP,0,0,1
27,MLB,RUNLINE,0,1,1
27,MLB,PROP,0,0,1
27,MLB,RUNLINE,0,1,1
27,MLB,TEAM_TOTAL,0,0,1
27,MLB,PROP,0,0,1
27,MLB,RUNLINE,0,1,1
27,MLB,PROP,0,0,1
27,MLB,PROP,0,1,1
27,MLB,PROP,0,0,1
27,MLB,TOTAL,0,1,1
27,MLB,ML,0,1,1
27,MLB,PROP,0,1,1
27,MLB,PROP,0,0,1
27,MLB,TEAM_TOTAL,0,0,1
27,MLB,F5,0,0,1
27,MLB,PROP,0,0,1
27,MLB,PROP,0,0,1
27,MLB,RUNLINE,0,1,1
27,MLB,RUNLINE,0,1,1
27,MLB,PROP,0,0,1
27,MLB,PROP,0,0,1
27,MLB,RUNLINE,0,1,1
27,MLB,RUNLINE,0,1,1
27,MLB,PROP,0,1,1
27,MLB,RUNLINE,0,1,1
27,MLB,PROP,0,0,1
27,MLB,TEAM_TOTAL,0,0,1
27,MLB,F5,0,0,1
27,MLB,F5,0,0,1
27,MLB,TEAM_TOTAL,0,0,1
27,MLB,ML,0,1,1
27,MLB,PROP,0,0,1
27,MLB,PROP,0,0,1
27,MLB,PROP,0,0,1
27,MLB,PROP,0,0,1
27,MLB,PROP,0,0,1
27,MLB,PROP,0,1,1
27,MLB,PROP,0,0,1
27,MLB,PROP,0,0,1
27,MLB,RUNLINE,0,1,1
27,MLB,PROP,0,0,1
27,MLB,ML,0,1,1
27,MLB,PROP,0,1,1
27,MLB,TOTAL,0,1,1
27,MLB,PROP,0,0,1
27,MLB,PROP,0,1,1
27,MLB,PROP,0,0,1
27,MLB,PROP,0,0,1
27,MLB,PROP,0,1,1
27,MLB,F5,0,0,1
27,MLB,PROP,0,1,1
27,MLB,PROP,0,0,1
27,MLB,PROP,0,1,1
27,MLB,PROP,0,0,1
27,MLB,TOTAL,0,1,1
27,MLB,PROP,0,0,1
27,MLB,TEAM_TOTAL,0,0,1
27,MLB,PROP,0,0,1
27,MLB,PROP,0,0,1
27,MLB,PROP,0,0,1
27,MLB,PROP,0,0,1
27,MLB,PROP,0,0,1
27,MLB,PROP,0,0,1
27,MLB,PROP,0,0,1
27,MLB,PROP,0,0,1
27,MLB,PROP,0,1,1
27,MLB,PROP,0,1,1
27,MLB,PROP,0,0,1
27,MLB,F5,0,0,1
27,MLB,PROP,0,0,1
27,MLB,RUNLINE,0,1,1
27,MLB,PROP,0,0,1
27,MLB,PROP,0,0,1
27,MLB,PROP,0,0,1
27,MLB,TEAM_TOTAL,0,0,1
27,MLB,PROP,0,0,1
27,MLB,PROP,0,0,1
27,MLB,PROP,0,0,1
27,MLB,PROP,0,1,1
27,MLB,RUNLINE,0,1,1
27,MLB,PROP,0,0,1
27,MLB,PROP,0,0,1
27,MLB,PROP,0,0,1
27,MLB,PROP,0,0,1
27,MLB,PROP,0,1,1
27,MLB,PROP,0,0,1
27,MLB,F5,0,0,1
27,MLB,PROP,0,1,1
27,MLB,PROP,0,0,1
27,MLB,PROP,0,0,1
27,MLB,PROP,0,0,1
27,MLB,PROP,0,0,1
27,MLB,PROP,0,0,1
27,MLB,PROP,0,0,1
27,MLB,PROP,0,1,1
27,MLB,PROP,0,0,1
27,MLB,PROP,0,0,1
27,MLB,RUNLINE,0,1,1
27,MLB,PROP,0,0,1
27,MLB,PROP,0,0,1
27,MLB,PROP,0,0,1
27,MLB,PROP,0,1,1
27,MLB,PROP,0,0,1
27,MLB,PROP,0,0,1
27,MLB,PROP,0,1,1
27,MLB,PROP,0,0,1
27,MLB,PROP,0,0,1
27,MLB,RUNLINE,0,1,1
27,MLB,PROP,0,0,1
27,MLB,PROP,0,0,1
27,MLB,PROP,0,1,1
27,MLB,PROP,0,0,1
27,MLB,PROP,0,0,1
27,MLB,PROP,0,0,1
27,MLB,PROP,0,0,1
27,MLB,PROP,0,0,1
27,MLB,PROP,0,0,1
27,WNBA,RUNLINE,1,0,0
27,WNBA,PROP,1,1,1
27,WNBA,PROP,1,1,1
27,WNBA,PROP,1,0,1
27,WNBA,PROP,1,0,1
27,WNBA,PROP,1,1,1
27,WNBA,PROP,0,1,1
27,WNBA,PROP,0,1,1
27,WNBA,PROP,1,0,1
27,WNBA,PROP,0,1,1
27,WNBA,PROP,0,1,1
27,WNBA,PROP,0,1,1
27,WNBA,PROP,0,1,1
27,WNBA,ML,1,1,0
27,MLB,PROP,1,1,1
27,MLB,PROP,1,1,1
27,MLB,PROP,0,1,1
27,MLB,PROP,1,1,1
27,MLB,PROP,1,1,1
27,MLB,RUNLINE,1,0,1
27,MLB,RUNLINE,1,0,1
27,MLB,PROP,1,1,1
28,MLB,PROP,0,1,1
28,MLB,PROP,1,0,1
28,MLB,PROP,0,1,1
28,MLB,PROP,0,1,1
28,MLB,PROP,1,1,1
28,MLB,PROP,1,1,1
28,MLB,PROP,1,0,1
28,MLB,PROP,1,1,1
28,MLB,PROP,1,1,1
28,MLB,PROP,1,1,1
28,MLB,PROP,1,1,1
28,MLB,PROP,1,1,1
28,MLB,PROP,0,1,1
28,MLB,PROP,0,0,1
28,MLB,PROP,0,1,1
28,MLB,ML,0,1,1
28,MLB,PROP,0,1,1
28,MLB,PROP,0,1,1
28,MLB,PROP,0,1,1
28,MLB,PROP,0,1,1
28,MLB,PROP,0,1,1
28,MLB,PROP,0,1,1
28,MLB,PROP,0,1,1
28,MLB,PROP,0,1,1
28,MLB,RUNLINE,0,1,1
28,MLB,PROP,0,0,1
28,MLB,PROP,0,1,1
28,MLB,PROP,0,1,1
28,MLB,PROP,0,1,1
28,MLB,PROP,0,1,1
28,MLB,TOTAL,0,1,1
28,MLB,PROP,0,1,1
28,MLB,PROP,0,1,1
28,MLB,PROP,0,1,1
28,MLB,PROP,0,0,1
28,MLB,PROP,0,0,1
28,MLB,PROP,0,0,1
28,MLB,TOTAL,0,1,1
28,MLB,PROP,0,0,1
28,MLB,PROP,0,0,1
28,MLB,TEAM_TOTAL,0,0,1
28,MLB,PROP,0,0,1
28,MLB,PROP,0,1,1
28,MLB,TOTAL,0,1,1
28,MLB,PROP,0,1,1
28,MLB,PROP,0,0,1
28,MLB,PROP,0,0,1
28,MLB,TOTAL,0,1,1
28,MLB,PROP,0,0,1
28,MLB,RUNLINE,0,1,1
28,MLB,PROP,0,1,1
28,MLB,PROP,0,0,1
28,MLB,PROP,0,1,1
28,MLB,TOTAL,0,1,1
28,MLB,PROP,0,1,1
28,MLB,TEAM_TOTAL,0,0,1
28,MLB,TOTAL,0,1,1
28,MLB,PROP,0,0,1
28,MLB,PROP,0,1,1
28,MLB,ML,0,1,1
28,MLB,TEAM_TOTAL,0,0,1
28,MLB,TEAM_TOTAL,0,0,1
28,MLB,PROP,0,0,1
28,MLB,PROP,0,1,1
28,MLB,PROP,0,1,1
28,MLB,ML,0,1,1
28,MLB,PROP,0,1,1
28,MLB,PROP,0,0,1
28,MLB,PROP,0,1,1
28,MLB,PROP,0,1,1
28,MLB,TEAM_TOTAL,0,0,1
28,MLB,PROP,0,0,1
28,MLB,PROP,0,1,1
28,MLB,PROP,0,0,1
28,MLB,PROP,0,1,1
28,MLB,PROP,0,0,1
28,MLB,PROP,0,0,1
28,MLB,ML,0,1,1
28,MLB,PROP,0,1,1
28,MLB,PROP,0,0,1
28,MLB,PROP,0,1,1
28,MLB,TOTAL,0,1,1
28,MLB,ML,0,1,1
28,MLB,PROP,0,0,1
28,MLB,PROP,0,0,1
28,MLB,PROP,0,1,1
28,MLB,RUNLINE,0,1,1
28,MLB,PROP,0,0,1
28,MLB,PROP,0,0,1
28,MLB,PROP,0,0,1
28,MLB,PROP,0,0,1
28,MLB,PROP,0,1,1
28,MLB,PROP,0,0,1
28,MLB,PROP,0,1,1
28,MLB,PROP,0,1,1
28,MLB,PROP,0,0,1
28,MLB,PROP,0,1,1
28,MLB,TOTAL,0,1,1
28,MLB,PROP,0,0,1
28,MLB,PROP,0,0,1
28,MLB,F5,0,0,1
28,MLB,PROP,0,1,1
28,MLB,PROP,0,1,1
28,MLB,PROP,0,0,1
28,MLB,RUNLINE,0,1,1
28,MLB,PROP,0,0,1
28,MLB,F5,0,0,1
28,MLB,PROP,0,1,1
28,MLB,PROP,0,1,1
28,MLB,PROP,0,1,1
28,MLB,PROP,0,0,1
28,MLB,PROP,0,0,1
28,MLB,F5,0,0,1
28,MLB,PROP,0,0,1
28,MLB,PROP,0,1,1
28,MLB,PROP,0,1,1
28,MLB,PROP,0,1,1
28,MLB,TOTAL,0,1,1
28,MLB,PROP,0,0,1
28,MLB,TEAM_TOTAL,0,0,1
28,MLB,PROP,0,1,1
28,MLB,PROP,0,1,1
28,MLB,PROP,0,0,1
28,MLB,F5,0,0,1
28,MLB,F5,0,0,1
28,MLB,PROP,0,0,1
28,MLB,PROP,0,0,1
28,MLB,PROP,0,1,1
28,MLB,PROP,0,0,1
28,MLB,PROP,0,1,1
28,MLB,PROP,0,0,1
28,MLB,PROP,0,0,1
28,MLB,PROP,0,0,1
28,MLB,TOTAL,0,1,1
28,MLB,PROP,0,1,1
28,MLB,PROP,0,0,1
28,MLB,PROP,0,1,1
28,MLB,F5,0,0,1
28,MLB,RUNLINE,0,1,1
28,MLB,F5,0,0,1
28,MLB,PROP,0,0,1
28,MLB,PROP,0,1,1
28,MLB,PROP,0,0,1
28,MLB,PROP,0,1,1
28,MLB,PROP,0,1,1
28,MLB,PROP,0,0,1
28,MLB,PROP,0,1,1
28,MLB,F5,0,0,1
28,MLB,PROP,0,1,1
28,MLB,TOTAL,0,1,1
28,MLB,PROP,0,1,1
28,MLB,PROP,0,1,1
28,MLB,PROP,0,0,1
28,MLB,PROP,0,0,1
28,MLB,PROP,0,1,1
28,MLB,PROP,0,1,1
28,MLB,TEAM_TOTAL,0,0,1
28,MLB,PROP,0,1,1
28,MLB,PROP,0,0,1
28,MLB,PROP,0,1,1
28,MLB,PROP,0,1,1
28,MLB,PROP,0,1,1
28,MLB,PROP,0,0,1
28,MLB,PROP,0,0,1
28,MLB,F5,0,0,1
28,MLB,PROP,0,1,1
28,MLB,PROP,0,0,1
28,MLB,PROP,0,1,1
28,MLB,TEAM_TOTAL,0,0,1
28,MLB,PROP,0,1,1
28,MLB,PROP,0,1,1
28,MLB,PROP,0,1,1
28,MLB,PROP,0,1,1
28,MLB,PROP,0,1,1
28,MLB,PROP,0,0,1
28,MLB,PROP,0,1,1
28,MLB,PROP,0,0,1
28,MLB,PROP,0,1,1
28,MLB,PROP,0,1,1
28,MLB,PROP,0,1,1
28,MLB,PROP,0,1,1
28,MLB,PROP,0,0,1
28,MLB,PROP,0,0,1
28,MLB,PROP,0,0,1
28,MLB,PROP,0,0,1
28,MLB,PROP,0,1,1
28,MLB,PROP,0,0,1
28,MLB,PROP,0,0,1
28,MLB,PROP,0,1,1
28,MLB,PROP,0,1,1
28,MLB,PROP,0,1,1
28,MLB,PROP,0,1,1
28,MLB,PROP,0,1,1
28,MLB,PROP,0,0,1
28,MLB,PROP,0,0,1
28,MLB,PROP,0,0,1
28,MLB,PROP,0,1,1
28,MLB,PROP,0,1,1
28,MLB,PROP,0,1,1
28,MLB,PROP,0,1,1
28,MLB,PROP,0,1,1
28,MLB,PROP,0,1,1
28,MLB,PROP,0,1,1
28,MLB,PROP,0,1,1
28,MLB,PROP,0,0,1
28,MLB,PROP,0,1,1
28,MLB,PROP,0,1,1
28,MLB,PROP,0,1,1
28,MLB,PROP,0,1,1
28,MLB,RUNLINE,0,0,1
28,MLB,RUNLINE,0,1,1
28,MLB,PROP,0,0,1
28,MLB,PROP,0,1,1
28,MLB,PROP,0,1,1
28,MLB,PROP,0,1,1
28,MLB,PROP,0,1,1
28,MLB,PROP,0,1,1
28,MLB,PROP,0,1,1
28,MLB,RUNLINE,0,1,1
28,MLB,PROP,0,1,1
28,MLB,PROP,0,1,1
28,MLB,PROP,0,0,1
28,MLB,PROP,0,1,1
28,MLB,RUNLINE,0,1,1
28,MLB,PROP,0,0,1
28,MLB,PROP,0,1,1
28,MLB,RUNLINE,0,0,1
28,MLB,PROP,0,1,1
28,MLB,RUNLINE,0,1,1
28,MLB,RUNLINE,0,1,1
28,MLB,RUNLINE,0,1,1
28,MLB,PROP,0,1,1
28,MLB,PROP,0,0,1
28,MLB,PROP,0,0,1
28,MLB,PROP,0,1,1
28,MLB,PROP,0,1,1
28,MLB,PROP,1,1,1
28,MLB,PROP,1,1,1
28,MLB,RUNLINE,1,0,1
28,WNBA,PROP,0,0,1
28,WNBA,PROP,1,1,1
28,WNBA,PROP,1,1,1
28,WNBA,PROP,1,1,1
28,WNBA,PROP,1,1,1
28,WNBA,PROP,1,1,1
28,WNBA,PROP,1,1,1
28,WNBA,PROP,1,1,1
28,WNBA,PROP,1,1,1
28,WNBA,PROP,1,1,1
28,WNBA,PROP,1,1,1
28,WNBA,PROP,1,1,1
28,WNBA,PROP,1,1,1
28,WNBA,PROP,1,1,1
28,WNBA,PROP,1,1,1
28,WNBA,PROP,1,1,1
28,WNBA,PROP,1,0,1
28,WNBA,PROP,1,1,1
28,WNBA,PROP,1,1,1
28,WNBA,PROP,0,1,1
28,WNBA,PROP,1,1,1
28,WNBA,PROP,1,0,1
28,WNBA,PROP,0,1,1
28,WNBA,PROP,0,1,1
28,WNBA,PROP,0,1,1
28,WNBA,PROP,0,1,1
28,WNBA,PROP,0,1,1
28,WNBA,PROP,0,1,1
28,WNBA,PROP,0,1,1
28,WNBA,PROP,0,1,1
28,WNBA,PROP,0,1,1
28,WNBA,PROP,0,1,1
28,WNBA,PROP,0,1,1
28,WNBA,PROP,0,1,1
28,WNBA,PROP,0,1,1
28,WNBA,PROP,0,1,1
28,WNBA,PROP,0,1,1
28,WNBA,PROP,0,1,1
29,MLB,PROP,0,1,1
29,MLB,PROP,0,1,1
29,MLB,PROP,1,1,1
29,MLB,PROP,1,1,1
29,MLB,PROP,1,0,1
29,MLB,PROP,1,1,1
29,MLB,PROP,0,1,1
29,MLB,PROP,0,1,1
29,MLB,PROP,0,1,1
29,MLB,PROP,0,1,1
29,MLB,PROP,0,1,1
29,MLB,PROP,0,1,1
29,MLB,PROP,0,0,1
29,MLB,RUNLINE,0,1,1
29,MLB,PROP,0,1,1
29,MLB,PROP,0,1,1
29,MLB,PROP,0,1,1
29,MLB,PROP,0,1,1
29,MLB,TOTAL,0,1,1
29,MLB,TOTAL,0,1,1
29,MLB,PROP,0,1,1
29,MLB,PROP,0,1,1
29,MLB,TEAM_TOTAL,0,1,1
29,MLB,ML,0,1,1
29,MLB,PROP,0,0,1
29,MLB,TOTAL,0,1,1
29,MLB,PROP,0,1,1
29,MLB,ML,0,1,1
29,MLB,RUNLINE,0,1,1
29,MLB,PROP,0,1,1
29,MLB,PROP,0,1,1
29,MLB,TOTAL,0,1,1
29,MLB,TEAM_TOTAL,0,0,1
29,MLB,PROP,0,1,1
29,MLB,PROP,0,0,1
29,MLB,TEAM_TOTAL,0,0,1
29,MLB,PROP,0,1,1
29,MLB,PROP,0,0,1
29,MLB,PROP,0,1,1
29,MLB,PROP,0,1,1
29,MLB,PROP,0,0,1
29,MLB,PROP,0,1,1
29,MLB,PROP,0,1,1
29,MLB,PROP,0,1,1
29,MLB,TEAM_TOTAL,0,0,1
29,MLB,ML,0,1,1
29,MLB,PROP,0,0,1
29,MLB,F5,0,0,1
29,MLB,RUNLINE,0,1,1
29,MLB,ML,0,1,1
29,MLB,PROP,0,1,1
29,MLB,PROP,0,1,1
29,MLB,F5,0,0,1
29,MLB,PROP,0,0,1
29,MLB,PROP,0,0,1
29,MLB,PROP,0,1,1
29,MLB,PROP,0,0,1
29,MLB,PROP,0,1,1
29,MLB,PROP,0,0,1
29,MLB,PROP,0,1,1
29,MLB,ML,0,1,1
29,MLB,PROP,0,0,1
29,MLB,PROP,0,0,1
29,MLB,PROP,0,1,1
29,MLB,PROP,0,0,1
29,MLB,F5,0,0,1
29,MLB,PROP,0,1,1
29,MLB,PROP,0,1,1
29,MLB,PROP,0,1,1
29,MLB,PROP,0,1,1
29,MLB,PROP,0,1,1
29,MLB,TOTAL,0,1,1
29,MLB,PROP,0,1,1
29,MLB,F5,0,0,1
29,MLB,PROP,0,0,1
29,MLB,TOTAL,0,1,1
29,MLB,RUNLINE,0,1,1
29,MLB,TOTAL,0,1,1
29,MLB,TEAM_TOTAL,0,0,1
29,MLB,PROP,0,0,1
29,MLB,RUNLINE,0,1,1
29,MLB,PROP,0,1,1
29,MLB,PROP,0,1,1
29,MLB,PROP,0,1,1
29,MLB,RUNLINE,0,0,1
29,MLB,PROP,0,0,1
29,MLB,PROP,0,1,1
29,MLB,PROP,0,1,1
29,MLB,PROP,0,0,1
29,MLB,RUNLINE,0,1,1
29,MLB,TEAM_TOTAL,0,0,1
29,MLB,PROP,0,1,1
29,MLB,PROP,0,0,1
29,MLB,PROP,0,1,1
29,MLB,PROP,0,1,1
29,MLB,TOTAL,0,1,1
29,MLB,F5,0,0,1
29,MLB,PROP,0,0,1
29,MLB,PROP,0,0,1
29,MLB,PROP,0,0,1
29,MLB,PROP,0,1,1
29,MLB,PROP,0,1,1
29,MLB,PROP,0,1,1
29,MLB,RUNLINE,0,1,1
29,MLB,RUNLINE,0,1,1
29,MLB,PROP,0,0,1
29,MLB,F5,0,0,1
29,MLB,PROP,0,1,1
29,MLB,PROP,0,0,1
29,MLB,PROP,0,1,1
29,MLB,PROP,0,1,1
29,MLB,PROP,0,1,1
29,MLB,PROP,0,1,1
29,MLB,PROP,0,1,1
29,MLB,PROP,0,0,1
29,MLB,PROP,0,1,1
29,MLB,PROP,0,1,1
29,MLB,PROP,0,0,1
29,MLB,F5,0,0,1
29,MLB,PROP,0,1,1
29,MLB,PROP,0,1,1
29,MLB,PROP,0,0,1
29,MLB,PROP,0,1,1
29,MLB,PROP,0,1,1
29,MLB,PROP,0,1,1
29,MLB,PROP,0,1,1
29,MLB,PROP,0,1,1
29,MLB,PROP,0,0,1
29,MLB,PROP,0,1,1
29,MLB,PROP,0,1,1
29,MLB,PROP,0,1,1
29,MLB,PROP,0,0,1
29,MLB,PROP,0,1,1
29,MLB,RUNLINE,0,1,1
29,MLB,PROP,0,1,1
29,MLB,PROP,0,1,1
29,MLB,PROP,0,0,1
29,MLB,PROP,0,1,1
29,MLB,PROP,0,1,1
29,MLB,RUNLINE,0,1,1
29,MLB,PROP,0,0,1
29,MLB,PROP,0,1,1
29,WNBA,RUNLINE,1,0,0
29,WNBA,RUNLINE,1,0,0
29,WNBA,PROP,0,1,1
29,WNBA,PROP,0,1,1
29,WNBA,PROP,0,1,1
29,WNBA,PROP,0,1,1
29,WNBA,PROP,0,1,1
29,WNBA,PROP,0,0,1
29,WNBA,PROP,0,1,1
29,WNBA,PROP,0,1,1
29,WNBA,PROP,0,1,1
29,WNBA,PROP,0,1,1
29,WNBA,PROP,0,1,1
29,WNBA,PROP,0,0,1
29,WNBA,PROP,0,1,1
29,WNBA,PROP,0,1,1
29,WNBA,PROP,0,1,1
29,WNBA,PROP,0,1,1
29,WNBA,PROP,0,1,1
29,WNBA,PROP,0,1,1
29,WNBA,PROP,0,1,1
29,WNBA,PROP,0,1,1
29,WNBA,PROP,0,1,1
29,WNBA,PROP,0,1,1
29,WNBA,PROP,0,0,1
29,WNBA,PROP,0,0,1
29,WNBA,PROP,0,1,1
29,WNBA,PROP,0,1,1
29,WNBA,PROP,0,1,1
29,WNBA,PROP,0,1,1
29,WNBA,PROP,0,1,1
29,WNBA,PROP,0,1,1
29,WNBA,PROP,0,1,1
29,WNBA,PROP,0,1,1
29,WNBA,PROP,0,1,1
29,WNBA,PROP,0,1,1
29,WNBA,PROP,0,1,1
29,WNBA,PROP,0,1,1
29,WNBA,ML,1,1,0
29,WNBA,PROP,0,1,1
29,WNBA,PROP,0,1,1
29,WNBA,PROP,0,1,1
29,WNBA,PROP,0,1,1
29,WNBA,PROP,0,1,1
29,WNBA,PROP,0,1,1
29,WNBA,PROP,0,0,1
29,WNBA,PROP,0,1,1
29,WNBA,PROP,0,1,1
29,WNBA,PROP,0,1,1
29,WNBA,PROP,0,1,1
29,WNBA,PROP,0,1,1
29,WNBA,PROP,0,1,1
29,WNBA,PROP,0,1,1
29,WNBA,PROP,0,1,1
29,WNBA,PROP,0,1,1
29,WNBA,PROP,0,1,1
29,WNBA,PROP,0,1,1
29,WNBA,PROP,0,1,1
29,WNBA,PROP,0,1,1
29,WNBA,ML,1,0,1
29,MLB,PROP,1,1,1
29,MLB,RUNLINE,1,0,1
29,MLB,PROP,1,1,1
29,MLB,RUNLINE,1,0,1
29,MLB,TOTAL,1,0,1
29,MLB,PROP,1,1,1
30,MLB,PROP,0,1,1
30,MLB,PROP,0,1,1
30,MLB,PROP,0,1,1
30,MLB,TOTAL,1,1,1
30,MLB,RUNLINE,0,1,1
30,MLB,TOTAL,0,1,1
30,MLB,TEAM_TOTAL,1,1,1
30,MLB,F5,1,0,1
30,MLB,RUNLINE,1,1,1
30,MLB,ML,0,1,1
30,MLB,ML,0,1,1
30,MLB,TOTAL,0,1,1
30,MLB,RUNLINE,1,1,1
30,MLB,TEAM_TOTAL,0,0,1
30,MLB,TOTAL,0,1,1
30,MLB,F5,0,0,1
30,MLB,TEAM_TOTAL,0,1,1
30,MLB,TOTAL,0,1,1
30,MLB,F5,0,0,1
30,MLB,TOTAL,0,1,1
30,MLB,F5,0,0,1
30,MLB,TOTAL,0,1,1
30,MLB,F5,0,0,1
30,MLB,TOTAL,0,1,1
30,MLB,F5,0,0,1
30,MLB,RUNLINE,0,1,1
30,MLB,F5,0,0,1
30,MLB,F5,0,0,1
30,MLB,RUNLINE,0,1,1
30,MLB,RUNLINE,0,1,1
30,MLB,RUNLINE,0,1,1
30,WNBA,RUNLINE,1,0,0
30,WNBA,PROP,0,1,1
30,WNBA,RUNLINE,1,0,0
30,WNBA,PROP,0,1,1
30,WNBA,PROP,0,1,1
30,WNBA,PROP,0,1,1
30,WNBA,PROP,0,1,1
30,WNBA,ML,1,1,0
30,WNBA,PROP,0,1,1
30,WNBA,PROP,0,1,1
30,WNBA,PROP,0,1,1
30,WNBA,PROP,0,1,1
30,WNBA,PROP,0,1,1
30,WNBA,PROP,0,1,1
30,WNBA,PROP,0,0,1
30,WNBA,RUNLINE,0,0,0
30,WNBA,PROP,0,1,1
30,WNBA,PROP,0,1,1
30,WNBA,PROP,0,1,1
30,WNBA,PROP,0,1,1
30,WNBA,PROP,0,0,1
30,WNBA,PROP,0,1,1
30,WNBA,PROP,0,1,1
30,WNBA,PROP,0,1,1
30,WNBA,PROP,0,1,1
30,WNBA,PROP,0,1,1
30,WNBA,PROP,0,1,1
30,WNBA,PROP,0,1,1
30,WNBA,PROP,0,1,1
30,WNBA,PROP,0,1,1
30,WNBA,PROP,0,1,1
30,WNBA,PROP,0,1,1
30,SOCCER,ML,0,0,0
30,SOCCER,TOTAL,1,0,0
30,SOCCER,TOTAL,1,0,0
30,SOCCER,AH,1,0,0
30,SOCCER,ML,1,0,0
30,SOCCER,ML,1,0,0
30,SOCCER,ML,1,0,0
30,SOCCER,ML,1,0,0
30,SOCCER,ML,1,0,0
30,MLB,PROP,1,1,1
30,MLB,TEAM_TOTAL,1,0,1
30,MLB,PROP,1,1,1
30,MLB,PROP,1,1,1
30,MLB,PROP,0,1,1
30,MLB,PROP,1,1,1
30,MLB,PROP,1,1,1
30,MLB,PROP,1,1,1
30,MLB,RUNLINE,1,1,1
30,MLB,PROP,0,1,1
30,MLB,PROP,1,1,1
30,MLB,PROP,0,1,1
30,MLB,PROP,0,1,1
30,MLB,PROP,0,1,1
30,MLB,TOTAL,0,1,1
30,MLB,PROP,0,1,1
30,MLB,RUNLINE,0,1,1
30,MLB,PROP,0,1,1
30,MLB,PROP,0,1,1
30,MLB,TEAM_TOTAL,0,0,1
30,MLB,TEAM_TOTAL,0,1,1
30,MLB,PROP,0,1,1
30,MLB,ML,0,1,1
30,MLB,RUNLINE,0,1,1
30,MLB,RUNLINE,0,1,1
30,MLB,PROP,0,1,1
30,MLB,F5,0,0,1
30,MLB,TEAM_TOTAL,0,1,1
30,MLB,PROP,0,1,1
30,MLB,PROP,0,1,1
30,MLB,PROP,0,1,1
30,MLB,PROP,0,1,1
30,MLB,PROP,0,1,1
30,MLB,PROP,0,1,1
30,MLB,PROP,0,1,1
30,MLB,PROP,0,1,1
30,MLB,PROP,0,1,1
30,MLB,PROP,0,1,1
30,MLB,PROP,0,1,1
30,MLB,PROP,0,1,1
30,MLB,PROP,0,1,1
30,MLB,PROP,0,1,1
30,MLB,RUNLINE,0,1,1
30,MLB,PROP,0,1,1
30,MLB,PROP,0,1,1
30,MLB,PROP,0,1,1
30,MLB,PROP,0,1,1
30,MLB,PROP,0,1,1
30,MLB,TOTAL,0,1,1
30,MLB,PROP,0,1,1
30,MLB,PROP,0,1,1
30,MLB,PROP,0,1,1
30,MLB,PROP,0,1,1
30,MLB,PROP,0,1,1
30,MLB,PROP,0,1,1
30,MLB,PROP,0,1,1
30,MLB,PROP,0,1,1
30,MLB,PROP,0,1,1
30,MLB,PROP,0,1,1
30,MLB,PROP,0,1,1
30,MLB,PROP,0,1,1
30,MLB,PROP,0,1,1
30,MLB,PROP,0,1,1
30,MLB,RUNLINE,0,1,1
30,MLB,PROP,0,1,1
30,MLB,PROP,0,1,1
30,MLB,PROP,0,1,1
30,MLB,PROP,0,1,1
30,MLB,PROP,0,1,1
30,MLB,PROP,0,1,1
30,MLB,F5,0,0,1
30,MLB,TEAM_TOTAL,0,0,1
30,MLB,TEAM_TOTAL,0,1,1
30,MLB,PROP,0,1,1
30,MLB,RUNLINE,0,1,1
30,MLB,PROP,0,1,1
30,MLB,RUNLINE,0,1,1
30,MLB,TOTAL,0,1,1
30,MLB,PROP,0,1,1
30,MLB,PROP,0,1,1
30,MLB,PROP,0,1,1
30,MLB,PROP,0,1,1
30,MLB,PROP,0,1,1
30,MLB,PROP,0,1,1
30,MLB,PROP,0,1,1
30,MLB,PROP,0,1,1
30,MLB,RUNLINE,0,1,1
30,MLB,PROP,0,1,1
30,MLB,PROP,0,1,1
30,MLB,PROP,0,1,1
30,MLB,PROP,0,1,1
30,MLB,PROP,0,1,1
30,MLB,PROP,0,1,1
30,MLB,PROP,0,1,1
30,MLB,PROP,0,1,1
30,MLB,RUNLINE,0,1,1
30,MLB,PROP,0,1,1
30,MLB,PROP,0,1,1
30,MLB,PROP,0,1,1
30,MLB,PROP,0,1,1
30,MLB,PROP,0,1,1
30,MLB,PROP,0,1,1
30,MLB,PROP,0,1,1
30,MLB,PROP,0,1,1
30,MLB,ML,0,1,1
30,MLB,PROP,0,1,1
30,MLB,PROP,0,1,1
30,MLB,PROP,0,1,1
30,MLB,PROP,0,1,1
30,MLB,PROP,0,1,1
30,MLB,PROP,0,1,1
30,MLB,ML,0,1,1
30,MLB,PROP,0,1,1
30,MLB,RUNLINE,0,1,1
30,MLB,PROP,0,1,1
30,MLB,PROP,0,1,1
30,MLB,RUNLINE,0,1,1
30,MLB,PROP,0,1,1
30,MLB,PROP,0,1,1
30,MLB,PROP,0,1,1
30,MLB,PROP,0,1,1
30,MLB,TEAM_TOTAL,0,1,1
30,MLB,PROP,0,1,1
30,MLB,PROP,0,1,1
30,MLB,RUNLINE,0,1,1
30,MLB,PROP,0,1,1
30,MLB,TOTAL,0,1,1
30,MLB,PROP,0,1,1
30,MLB,RUNLINE,0,1,1
30,MLB,PROP,0,1,1
30,MLB,PROP,0,1,1
30,MLB,PROP,0,1,1
30,MLB,PROP,0,1,1
30,MLB,PROP,0,1,1
30,MLB,PROP,0,1,1
30,MLB,PROP,0,1,1
30,MLB,PROP,0,1,1
30,MLB,PROP,0,1,1
30,MLB,PROP,0,1,1
30,MLB,PROP,0,1,1
30,MLB,PROP,0,1,1
30,MLB,PROP,0,1,1
30,MLB,PROP,0,1,1
30,MLB,PROP,0,1,1
30,MLB,PROP,0,1,1
30,MLB,PROP,0,1,1
30,MLB,PROP,0,1,1
30,MLB,PROP,0,1,1
30,MLB,PROP,0,1,1
30,MLB,PROP,0,1,1
30,MLB,PROP,0,1,1
30,MLB,PROP,0,1,1
30,MLB,PROP,0,1,1
30,MLB,PROP,0,1,1
30,MLB,PROP,0,1,1
30,MLB,PROP,0,1,1
30,MLB,PROP,0,1,1
30,MLB,PROP,0,1,1
30,MLB,PROP,0,1,1
30,MLB,RUNLINE,0,1,1
30,MLB,PROP,0,1,1
30,MLB,PROP,0,1,1
30,MLB,PROP,0,1,1
30,MLB,PROP,0,1,1
30,MLB,PROP,0,1,1
30,MLB,PROP,0,1,1
30,MLB,PROP,0,1,1
30,MLB,RUNLINE,0,1,1
30,MLB,PROP,0,1,1
30,MLB,PROP,0,1,1
30,MLB,PROP,0,1,1
30,MLB,PROP,0,1,1
30,MLB,PROP,0,1,1
30,MLB,PROP,0,1,1
30,MLB,PROP,0,1,1
30,MLB,PROP,0,1,1
30,MLB,PROP,0,1,1
30,MLB,PROP,0,1,1
30,MLB,RUNLINE,0,1,1
30,MLB,PROP,0,1,1
30,MLB,PROP,0,1,1
30,MLB,PROP,0,1,1
30,MLB,PROP,0,1,1
30,MLB,PROP,0,1,1
30,MLB,PROP,0,1,1
30,MLB,PROP,0,1,1
30,MLB,PROP,0,1,1
30,MLB,PROP,0,1,1
30,MLB,PROP,0,1,1
30,MLB,RUNLINE,0,1,1
30,MLB,PROP,0,1,1
30,MLB,PROP,0,1,1
30,MLB,PROP,0,1,1
30,MLB,PROP,0,1,1
30,MLB,PROP,0,1,1
30,MLB,RUNLINE,0,1,1
30,MLB,PROP,0,1,1
30,MLB,PROP,0,1,1
30,MLB,PROP,0,1,1
30,MLB,PROP,0,1,1
30,MLB,PROP,0,1,1
30,MLB,PROP,0,1,1
30,MLB,PROP,0,1,1
30,MLB,PROP,0,1,1
30,MLB,PROP,0,1,1
30,MLB,PROP,0,1,1
30,MLB,PROP,0,1,1
30,MLB,PROP,0,1,1
30,MLB,PROP,0,1,1
30,MLB,PROP,0,1,1
30,MLB,PROP,0,1,1
30,MLB,PROP,0,1,1
30,MLB,PROP,0,1,1
30,MLB,PROP,0,1,1
30,MLB,PROP,0,1,1
30,MLB,PROP,0,1,1
30,MLB,PROP,0,1,1
30,MLB,PROP,0,1,1
30,MLB,PROP,0,1,1
30,MLB,PROP,0,1,1
30,MLB,PROP,0,1,1
30,MLB,PROP,0,1,1
30,MLB,PROP,0,0,1
30,MLB,PROP,0,1,1
30,MLB,PROP,0,1,1
30,MLB,PROP,0,1,1
30,MLB,PROP,0,1,1
30,MLB,PROP,0,1,1
30,MLB,PROP,0,1,1
30,MLB,PROP,0,1,1
30,MLB,PROP,0,1,1
30,MLB,PROP,0,1,1
30,MLB,PROP,0,1,1
30,MLB,PROP,0,1,1
30,MLB,PROP,0,1,1
30,MLB,PROP,0,1,1
30,MLB,PROP,0,1,1
30,MLB,PROP,0,1,1
30,MLB,PROP,0,1,1
30,MLB,PROP,0,1,1
30,MLB,PROP,0,1,1
30,MLB,PROP,0,1,1
30,WNBA,PROP,0,1,1
30,WNBA,PROP,0,1,1
30,WNBA,PROP,0,1,1
30,WNBA,PROP,0,1,1
30,WNBA,PROP,0,1,1
30,WNBA,PROP,0,1,1
30,WNBA,PROP,0,1,1
30,WNBA,PROP,0,1,1
30,WNBA,PROP,0,1,1
30,WNBA,PROP,0,1,1
30,WNBA,PROP,0,1,1
30,WNBA,PROP,0,1,1
30,MLB,PROP,0,1,1
30,MLB,PROP,0,1,1
30,MLB,PROP,0,1,1
30,MLB,PROP,0,1,1
30,MLB,PROP,0,1,1
30,MLB,PROP,0,1,1
30,MLB,PROP,0,1,1
30,MLB,PROP,0,1,1
30,MLB,RUNLINE,1,0,1
31,MLB,PROP,0,1,1
31,MLB,PROP,0,1,1
31,MLB,PROP,0,1,1
31,MLB,PROP,1,1,1
31,MLB,PROP,1,1,1
31,MLB,PROP,0,1,1
31,MLB,PROP,1,1,1
31,MLB,PROP,1,1,1
31,MLB,ML,0,1,1
31,MLB,PROP,1,1,1
31,MLB,PROP,1,1,1
31,MLB,TOTAL,1,1,1
31,MLB,PROP,0,1,1
31,MLB,PROP,0,0,1
31,MLB,PROP,0,0,1
31,MLB,TOTAL,0,1,1
31,MLB,PROP,0,1,1
31,MLB,PROP,0,1,1
31,MLB,TOTAL,0,1,1
31,MLB,PROP,0,1,1
31,MLB,PROP,0,1,1
31,MLB,TEAM_TOTAL,0,1,1
31,MLB,TOTAL,0,1,1
31,MLB,PROP,0,1,1
31,MLB,ML,0,1,1
31,MLB,PROP,0,1,1
31,MLB,PROP,0,1,1
31,MLB,PROP,0,1,1
31,MLB,F5,0,0,1
31,MLB,ML,0,1,1
31,MLB,PROP,0,1,1
31,MLB,TEAM_TOTAL,0,1,1
31,MLB,TOTAL,0,0,1
31,MLB,PROP,0,1,1
31,MLB,PROP,0,0,1
31,MLB,TEAM_TOTAL,0,1,1
31,MLB,TEAM_TOTAL,0,0,1
31,MLB,PROP,0,1,1
31,MLB,ML,0,1,1
31,MLB,TOTAL,0,1,1
31,MLB,TEAM_TOTAL,0,1,1
31,MLB,RUNLINE,0,1,1
31,MLB,PROP,0,1,1
31,MLB,PROP,0,1,1
31,MLB,ML,0,1,1
31,MLB,PROP,0,1,1
31,MLB,RUNLINE,0,1,1
31,MLB,PROP,0,1,1
31,MLB,TEAM_TOTAL,0,1,1
31,MLB,PROP,0,1,1
31,MLB,PROP,0,0,1
31,MLB,PROP,0,1,1
31,MLB,PROP,0,1,1
31,MLB,PROP,0,1,1
31,MLB,PROP,0,1,1
31,MLB,PROP,0,1,1
31,MLB,PROP,0,1,1
31,MLB,F5,0,0,1
31,MLB,F5,0,0,1
31,MLB,TOTAL,0,1,1
31,MLB,PROP,0,0,1
31,MLB,RUNLINE,0,1,1
31,MLB,PROP,0,1,1
31,MLB,RUNLINE,0,1,1
31,MLB,PROP,0,1,1
31,MLB,PROP,0,1,1
31,MLB,PROP,0,1,1
31,MLB,PROP,0,1,1
31,MLB,RUNLINE,0,1,1
31,MLB,PROP,0,1,1
31,MLB,PROP,0,1,1
31,MLB,TEAM_TOTAL,0,1,1
31,MLB,PROP,0,1,1
31,MLB,PROP,0,1,1
31,MLB,PROP,0,1,1
31,MLB,PROP,0,0,1
31,MLB,PROP,0,1,1
31,MLB,PROP,0,1,1
31,MLB,PROP,0,1,1
31,MLB,PROP,0,1,1
31,MLB,PROP,0,1,1
31,MLB,RUNLINE,0,1,1
31,MLB,PROP,0,1,1
31,MLB,PROP,0,1,1
31,MLB,F5,0,0,1
31,MLB,PROP,0,1,1
31,MLB,PROP,0,1,1
31,MLB,PROP,0,1,1
31,MLB,PROP,0,1,1
31,MLB,PROP,0,1,1
31,MLB,PROP,0,1,1
31,MLB,RUNLINE,0,1,1
31,MLB,PROP,0,1,1
31,MLB,PROP,0,0,1
31,MLB,PROP,0,0,1
31,MLB,PROP,0,1,1
31,MLB,PROP,0,1,1
31,MLB,F5,0,0,1
31,MLB,RUNLINE,0,1,1
31,MLB,PROP,0,1,1
31,MLB,PROP,0,1,1
31,MLB,PROP,0,1,1
31,MLB,PROP,0,0,1
31,MLB,RUNLINE,0,1,1
31,MLB,PROP,0,1,1
31,MLB,TOTAL,0,1,1
31,MLB,PROP,0,1,1
31,MLB,PROP,0,1,1
31,MLB,TEAM_TOTAL,0,1,1
31,MLB,PROP,0,1,1
31,MLB,PROP,0,1,1
31,MLB,RUNLINE,0,1,1
31,MLB,PROP,0,1,1
31,MLB,TEAM_TOTAL,0,1,1
31,MLB,PROP,0,1,1
31,MLB,PROP,0,0,1
31,MLB,PROP,0,1,1
31,MLB,PROP,0,1,1
31,MLB,PROP,0,1,1
31,MLB,PROP,0,1,1
31,MLB,PROP,0,1,1
31,MLB,PROP,0,1,1
31,MLB,PROP,0,1,1
31,MLB,PROP,0,1,1
31,MLB,PROP,0,1,1
31,MLB,PROP,0,1,1
31,MLB,F5,0,0,1
31,MLB,TEAM_TOTAL,0,0,1
31,MLB,PROP,0,1,1
31,MLB,PROP,0,1,1
31,MLB,PROP,0,0,1
31,MLB,PROP,0,1,1
31,MLB,PROP,0,1,1
31,MLB,PROP,0,1,1
31,MLB,TEAM_TOTAL,0,1,1
31,MLB,PROP,0,1,1
31,MLB,RUNLINE,0,1,1
31,MLB,PROP,0,1,1
31,MLB,F5,0,0,1
31,MLB,PROP,0,1,1
31,MLB,PROP,0,1,1
31,MLB,PROP,0,1,1
31,MLB,PROP,0,1,1
31,MLB,PROP,0,1,1
31,MLB,RUNLINE,0,1,1
31,MLB,PROP,0,1,1
31,MLB,PROP,0,1,1
31,MLB,PROP,0,1,1
31,MLB,PROP,0,1,1
31,MLB,RUNLINE,0,1,1
31,MLB,PROP,0,1,1
31,MLB,PROP,0,1,1
31,MLB,PROP,0,1,1
31,MLB,PROP,0,1,1
31,MLB,PROP,0,1,1
31,MLB,PROP,0,1,1
31,MLB,PROP,0,1,1
31,MLB,PROP,0,1,1
31,MLB,PROP,0,1,1
31,MLB,PROP,0,1,1
31,MLB,PROP,0,1,1
31,MLB,RUNLINE,0,1,1
31,MLB,PROP,0,1,1
31,MLB,PROP,0,1,1
31,MLB,PROP,0,1,1
31,MLB,PROP,0,1,1
31,MLB,PROP,0,1,1
31,MLB,PROP,0,1,1
31,MLB,PROP,0,1,1
31,MLB,PROP,0,1,1
31,MLB,PROP,0,1,1
31,MLB,RUNLINE,0,0,1
31,MLB,RUNLINE,0,1,1
31,WNBA,RUNLINE,1,0,0
31,WNBA,PROP,0,1,1
31,WNBA,PROP,0,1,1
31,WNBA,PROP,0,1,1
31,WNBA,PROP,0,1,1
31,WNBA,PROP,0,1,1
31,WNBA,PROP,0,1,1
31,WNBA,PROP,0,1,1
31,WNBA,PROP,0,1,1
31,WNBA,RUNLINE,1,0,0
31,WNBA,PROP,0,1,1
31,WNBA,PROP,0,1,1
31,WNBA,PROP,0,0,1
31,WNBA,PROP,0,0,1
31,WNBA,PROP,0,0,1
31,WNBA,PROP,0,1,1
31,WNBA,PROP,0,1,1
31,WNBA,PROP,0,0,1
31,WNBA,PROP,0,1,1
31,WNBA,PROP,0,1,1
31,WNBA,PROP,0,1,1
31,WNBA,PROP,0,0,1
31,WNBA,PROP,0,1,1
31,WNBA,PROP,0,1,1
31,WNBA,PROP,0,1,1
31,WNBA,PROP,0,1,1
31,WNBA,PROP,0,0,1
31,WNBA,PROP,0,1,1
31,WNBA,PROP,0,1,1
31,WNBA,PROP,0,1,1
31,WNBA,ML,1,1,0
31,WNBA,PROP,0,1,1
31,WNBA,ML,1,1,0
31,WNBA,PROP,0,1,1
31,WNBA,PROP,0,0,1
31,WNBA,PROP,0,1,1
31,WNBA,PROP,0,1,1
31,WNBA,PROP,0,1,1
31,WNBA,PROP,0,1,1
31,WNBA,PROP,0,1,1
31,WNBA,PROP,0,1,1
31,WNBA,PROP,0,1,1
31,MLB,PROP,1,1,1
31,MLB,PROP,1,1,1
31,MLB,PROP,1,1,1
31,MLB,PROP,1,1,1
31,MLB,PROP,1,1,1
31,MLB,PROP,1,1,1
31,MLB,PROP,1,1,1
31,MLB,PROP,1,0,1
31,MLB,PROP,1,1,1
31,MLB,TOTAL,1,0,1
31,MLB,PROP,1,1,1
31,MLB,PROP,1,1,1
32,MLB,PROP,0,1,1
32,MLB,PROP,0,1,1
32,MLB,PROP,0,1,1
32,MLB,PROP,0,1,1
32,MLB,PROP,1,1,1
32,MLB,PROP,1,1,1
32,MLB,PROP,1,1,1
32,MLB,PROP,1,1,1
32,MLB,PROP,1,1,1
32,MLB,PROP,1,1,1
32,MLB,PROP,0,1,1
32,MLB,PROP,1,1,1
32,MLB,PROP,1,1,1
32,MLB,PROP,0,1,1
32,MLB,PROP,1,1,1
32,MLB,PROP,0,1,1
32,MLB,PROP,0,1,1
32,MLB,TOTAL,1,1,1
32,MLB,PROP,0,1,1
32,MLB,PROP,0,1,1
32,MLB,TOTAL,0,1,1
32,MLB,PROP,0,1,1
32,MLB,PROP,0,1,1
32,MLB,PROP,0,1,1
32,MLB,PROP,0,1,1
32,MLB,PROP,0,1,1
32,MLB,PROP,0,1,1
32,MLB,TOTAL,0,1,1
32,MLB,PROP,0,0,1
32,MLB,PROP,0,1,1
32,MLB,TOTAL,0,1,1
32,MLB,PROP,0,1,1
32,MLB,PROP,0,1,1
32,MLB,PROP,0,1,1
32,MLB,PROP,0,1,1
32,MLB,TOTAL,0,1,1
32,MLB,ML,0,1,1
32,MLB,TOTAL,0,1,1
32,MLB,PROP,0,0,1
32,MLB,TOTAL,0,1,1
32,MLB,PROP,0,1,1
32,MLB,PROP,0,0,1
32,MLB,RUNLINE,0,1,1
32,MLB,PROP,0,1,1
32,MLB,PROP,0,0,1
32,MLB,PROP,0,1,1
32,MLB,PROP,0,1,1
32,MLB,TEAM_TOTAL,0,1,1
32,MLB,PROP,0,0,1
32,MLB,TEAM_TOTAL,0,1,1
32,MLB,PROP,0,1,1
32,MLB,TOTAL,0,1,1
32,MLB,PROP,0,0,1
32,MLB,PROP,0,1,1
32,MLB,PROP,0,0,1
32,MLB,RUNLINE,0,1,1
32,MLB,PROP,0,1,1
32,MLB,PROP,0,0,1
32,MLB,PROP,0,1,1
32,MLB,PROP,0,0,1
32,MLB,PROP,0,1,1
32,MLB,PROP,0,1,1
32,MLB,PROP,0,1,1
32,MLB,TEAM_TOTAL,0,1,1
32,MLB,TEAM_TOTAL,0,0,1
32,MLB,RUNLINE,0,1,1
32,MLB,PROP,0,1,1
32,MLB,RUNLINE,0,1,1
32,MLB,PROP,0,1,1
32,MLB,PROP,0,1,1
32,MLB,PROP,0,1,1
32,MLB,PROP,0,0,1
32,MLB,PROP,0,1,1
32,MLB,PROP,0,1,1
32,MLB,PROP,0,0,1
32,MLB,PROP,0,0,1
32,MLB,PROP,0,1,1
32,MLB,RUNLINE,0,1,1
32,MLB,TOTAL,0,1,1
32,MLB,PROP,0,0,1
32,MLB,TEAM_TOTAL,0,1,1
32,MLB,PROP,0,1,1
32,MLB,TEAM_TOTAL,0,1,1
32,MLB,RUNLINE,0,1,1
32,MLB,PROP,0,1,1
32,MLB,F5,0,1,1
32,MLB,PROP,0,1,1
32,MLB,PROP,0,1,1
32,MLB,PROP,0,1,1
32,MLB,PROP,0,1,1
32,MLB,PROP,0,1,1
32,MLB,PROP,0,0,1
32,MLB,PROP,0,1,1
32,MLB,PROP,0,1,1
32,MLB,PROP,0,0,1
32,MLB,PROP,0,1,1
32,MLB,PROP,0,1,1
32,MLB,PROP,0,1,1
32,MLB,PROP,0,1,1
32,MLB,PROP,0,1,1
32,MLB,PROP,0,1,1
32,MLB,RUNLINE,0,1,1
32,MLB,PROP,0,0,1
32,MLB,TEAM_TOTAL,0,1,1
32,MLB,PROP,0,0,1
32,MLB,PROP,0,1,1
32,MLB,RUNLINE,0,1,1
32,MLB,PROP,0,1,1
32,MLB,PROP,0,1,1
32,MLB,PROP,0,1,1
32,MLB,RUNLINE,0,1,1
32,MLB,PROP,0,1,1
32,MLB,PROP,0,1,1
32,MLB,PROP,0,1,1
32,MLB,PROP,0,1,1
32,MLB,PROP,0,0,1
32,MLB,PROP,0,1,1
32,MLB,PROP,0,0,1
32,MLB,F5,0,1,1
32,MLB,RUNLINE,0,1,1
32,MLB,PROP,0,1,1
32,MLB,PROP,0,1,1
32,MLB,PROP,0,1,1
32,MLB,F5,0,1,1
32,MLB,PROP,0,1,1
32,MLB,PROP,0,0,1
32,MLB,PROP,0,1,1
32,MLB,PROP,0,1,1
32,MLB,PROP,0,1,1
32,MLB,F5,0,1,1
32,MLB,PROP,0,1,1
32,MLB,PROP,0,1,1
32,MLB,PROP,0,1,1
32,MLB,PROP,0,0,1
32,MLB,F5,0,1,1
32,MLB,PROP,0,1,1
32,MLB,PROP,0,1,1
32,MLB,PROP,0,1,1
32,MLB,PROP,0,1,1
32,MLB,PROP,0,0,1
32,MLB,PROP,0,1,1
32,MLB,TOTAL,0,1,1
32,MLB,PROP,0,0,1
32,MLB,PROP,0,1,1
32,MLB,PROP,0,1,1
32,MLB,PROP,0,1,1
32,MLB,PROP,0,1,1
32,MLB,TOTAL,0,1,1
32,MLB,PROP,0,1,1
32,MLB,PROP,0,1,1
32,MLB,PROP,0,1,1
32,MLB,PROP,0,1,1
32,MLB,RUNLINE,0,1,1
32,MLB,PROP,0,1,1
32,MLB,TEAM_TOTAL,0,1,1
32,MLB,PROP,0,1,1
32,MLB,PROP,0,1,1
32,MLB,PROP,0,1,1
32,MLB,PROP,0,1,1
32,MLB,PROP,0,1,1
32,MLB,TEAM_TOTAL,0,1,1
32,MLB,RUNLINE,0,1,1
32,MLB,PROP,0,1,1
32,MLB,PROP,0,1,1
32,MLB,PROP,0,1,1
32,MLB,PROP,0,0,1
32,MLB,PROP,0,0,1
32,MLB,PROP,0,1,1
32,MLB,PROP,0,1,1
32,MLB,PROP,0,0,1
32,MLB,PROP,0,1,1
32,MLB,PROP,0,1,1
32,MLB,PROP,0,1,1
32,MLB,PROP,0,1,1
32,MLB,PROP,0,1,1
32,MLB,PROP,0,1,1
32,MLB,PROP,0,1,1
32,MLB,PROP,0,1,1
32,MLB,PROP,0,1,1
32,MLB,PROP,0,1,1
32,MLB,PROP,0,0,1
32,MLB,PROP,0,1,1
32,MLB,PROP,0,1,1
32,MLB,PROP,0,1,1
32,MLB,PROP,0,1,1
32,MLB,TEAM_TOTAL,0,1,1
32,MLB,PROP,0,1,1
32,MLB,PROP,0,1,1
32,MLB,PROP,0,1,1
32,MLB,PROP,0,0,1
32,MLB,PROP,0,1,1
32,MLB,PROP,0,1,1
32,MLB,PROP,0,0,1
32,MLB,PROP,0,1,1
32,MLB,RUNLINE,0,1,1
32,MLB,RUNLINE,0,1,1
32,MLB,PROP,0,1,1
32,MLB,PROP,0,0,1
32,MLB,PROP,0,0,1
32,MLB,PROP,0,0,1
32,MLB,PROP,0,1,1
32,MLB,PROP,0,1,1
32,MLB,PROP,0,1,1
32,MLB,PROP,0,0,1
32,MLB,RUNLINE,0,1,1
32,MLB,PROP,0,1,1
32,MLB,PROP,0,1,1
32,MLB,PROP,0,1,1
32,MLB,PROP,0,0,1
32,MLB,PROP,0,0,1
32,MLB,PROP,0,1,1
32,MLB,PROP,0,1,1
32,MLB,PROP,0,0,1
32,MLB,PROP,0,0,1
32,MLB,PROP,0,1,1
32,WNBA,PROP,0,0,1
32,WNBA,PROP,0,1,1
32,WNBA,RUNLINE,1,0,0
32,WNBA,RUNLINE,1,0,0
32,WNBA,PROP,0,1,1
32,WNBA,PROP,0,1,1
32,WNBA,PROP,0,1,1
32,WNBA,PROP,0,1,1
32,WNBA,PROP,0,1,1
32,WNBA,PROP,0,1,1
32,WNBA,PROP,0,1,1
32,WNBA,PROP,0,1,1
32,WNBA,PROP,0,1,1
32,WNBA,PROP,0,1,1
32,WNBA,PROP,0,1,1
32,WNBA,PROP,0,1,1
32,WNBA,RUNLINE,0,0,0
32,WNBA,PROP,0,1,1
32,WNBA,PROP,0,1,1
32,WNBA,PROP,0,1,1
32,WNBA,PROP,0,1,1
32,WNBA,PROP,0,1,1
32,WNBA,PROP,0,1,1
32,WNBA,PROP,0,1,1
32,WNBA,PROP,0,1,1
32,WNBA,PROP,0,1,1
32,WNBA,PROP,0,1,1
32,WNBA,PROP,0,1,1
32,WNBA,PROP,0,1,1
32,WNBA,ML,1,0,0
32,WNBA,PROP,0,1,1
32,WNBA,PROP,0,1,1
32,WNBA,PROP,0,1,1
32,WNBA,PROP,0,1,1
32,WNBA,PROP,0,1,1
32,WNBA,PROP,0,1,1
32,WNBA,PROP,0,1,1
32,WNBA,ML,1,1,0
32,WNBA,PROP,0,1,1
32,WNBA,PROP,0,1,1
32,WNBA,PROP,0,1,1
32,WNBA,PROP,0,1,1
32,WNBA,PROP,0,1,1
32,WNBA,PROP,0,1,1
32,WNBA,PROP,0,1,1
32,WNBA,PROP,0,1,1
32,WNBA,PROP,0,1,1
32,WNBA,PROP,0,1,1
32,WNBA,PROP,0,1,1
32,WNBA,PROP,0,1,1
32,WNBA,PROP,0,1,1
32,WNBA,PROP,0,1,1
32,WNBA,PROP,0,1,1
32,WNBA,PROP,0,1,1
32,WNBA,PROP,0,1,1
32,WNBA,PROP,0,1,1
32,WNBA,PROP,0,1,1
32,WNBA,PROP,0,1,1
32,WNBA,PROP,0,1,1
32,WNBA,PROP,0,1,1
32,WNBA,PROP,0,1,1
32,WNBA,PROP,0,1,1
32,WNBA,PROP,0,1,1
32,WNBA,PROP,0,1,1
32,WNBA,PROP,0,1,1
32,WNBA,PROP,0,1,1
32,WNBA,PROP,0,1,1
32,WNBA,PROP,0,1,1
32,MLB,PROP,1,1,1
32,MLB,PROP,1,1,1
32,MLB,PROP,1,1,1
32,MLB,PROP,1,1,1
32,MLB,PROP,1,1,1
32,MLB,PROP,1,1,1
32,MLB,PROP,1,1,1
32,MLB,PROP,1,1,1
32,MLB,PROP,1,1,1
32,MLB,PROP,1,1,1
32,MLB,PROP,1,1,1
32,MLB,PROP,1,1,1
32,MLB,PROP,1,1,1
32,MLB,PROP,1,1,1
32,MLB,PROP,1,1,1
32,MLB,PROP,1,1,1
32,MLB,PROP,1,1,1
32,MLB,PROP,1,1,1
32,MLB,PROP,1,1,1
33,MLB,PROP,0,1,1
33,MLB,PROP,0,1,1
33,MLB,TOTAL,1,1,1
33,MLB,RUNLINE,1,1,1
33,MLB,TEAM_TOTAL,1,0,1
33,MLB,RUNLINE,0,1,1
33,MLB,TEAM_TOTAL,1,0,1
33,MLB,RUNLINE,0,0,1
33,MLB,ML,0,1,1
33,MLB,RUNLINE,0,0,1
33,MLB,RUNLINE,1,1,1
33,MLB,TEAM_TOTAL,1,1,1
33,MLB,RUNLINE,0,1,1
33,MLB,RUNLINE,0,1,1
33,MLB,TEAM_TOTAL,1,1,1
33,MLB,ML,0,1,1
33,MLB,F5,1,1,1
33,MLB,TOTAL,0,1,1
33,MLB,F5,0,1,1
33,MLB,TEAM_TOTAL,0,1,1
33,MLB,F5,0,1,1
33,MLB,RUNLINE,0,1,1
33,MLB,RUNLINE,0,1,1
33,MLB,ML,0,1,1
33,MLB,TOTAL,0,1,1
33,MLB,RUNLINE,0,1,1
33,MLB,ML,0,1,1
33,MLB,TEAM_TOTAL,0,1,1
33,MLB,ML,0,1,1
33,MLB,TOTAL,0,1,1
33,MLB,TEAM_TOTAL,0,1,1
33,MLB,F5,0,1,1
33,MLB,TEAM_TOTAL,0,1,1
33,MLB,TEAM_TOTAL,0,1,1
33,MLB,RUNLINE,0,1,1
33,MLB,RUNLINE,0,1,1
33,MLB,RUNLINE,0,1,1
33,WNBA,PROP,0,0,1
33,WNBA,PROP,0,1,1
33,WNBA,RUNLINE,1,1,1
33,WNBA,PROP,0,1,1
33,WNBA,PROP,0,1,1
33,WNBA,ML,1,1,0
33,WNBA,PROP,0,1,1
33,WNBA,PROP,0,1,1
33,WNBA,PROP,0,1,1
33,WNBA,PROP,0,1,1
33,WNBA,PROP,0,1,1
33,WNBA,PROP,0,1,1
33,WNBA,PROP,0,0,1
33,WNBA,PROP,0,1,1
33,WNBA,PROP,0,1,1
33,WNBA,PROP,0,0,1
33,WNBA,PROP,0,1,1
33,WNBA,PROP,0,1,1
33,WNBA,PROP,0,1,1
33,WNBA,PROP,0,0,1
33,WNBA,PROP,0,1,1
33,WNBA,PROP,0,1,1
33,WNBA,PROP,0,1,1
33,WNBA,PROP,0,1,1
33,WNBA,PROP,0,1,1
33,WNBA,PROP,0,1,1
33,WNBA,PROP,0,1,1
33,WNBA,PROP,0,0,1
33,WNBA,PROP,0,1,1
33,WNBA,PROP,0,1,1
33,WNBA,PROP,0,1,1
33,WNBA,PROP,0,0,1
33,WNBA,PROP,0,0,1
33,WNBA,PROP,0,1,1
33,WNBA,ML,1,1,0
33,WNBA,PROP,0,0,1
33,WNBA,PROP,0,1,1
33,WNBA,PROP,0,0,1
33,WNBA,PROP,0,0,1
33,MLB,PROP,1,1,1
33,MLB,PROP,1,1,1
33,MLB,PROP,1,1,1
33,MLB,PROP,1,1,1
33,MLB,RUNLINE,1,0,1
33,MLB,PROP,1,1,1
33,MLB,PROP,1,1,1
33,MLB,PROP,0,1,1
33,MLB,PROP,0,1,1
33,MLB,PROP,0,1,1
33,MLB,PROP,1,1,1
33,MLB,RUNLINE,1,1,1
33,MLB,RUNLINE,1,1,1
33,MLB,RUNLINE,0,1,1
33,MLB,PROP,1,1,1
33,MLB,PROP,0,1,1
33,MLB,PROP,0,1,1
33,MLB,PROP,1,1,1
33,MLB,PROP,1,1,1
33,MLB,PROP,0,1,1
33,MLB,PROP,0,1,1
33,MLB,PROP,0,1,1
33,MLB,PROP,0,1,1
33,MLB,RUNLINE,0,1,1
33,MLB,PROP,0,1,1
33,MLB,PROP,0,1,1
33,MLB,PROP,0,1,1
33,MLB,RUNLINE,0,1,1
33,MLB,PROP,0,1,1
33,MLB,PROP,0,1,1
33,MLB,PROP,0,1,1
33,MLB,PROP,0,1,1
33,MLB,PROP,0,1,1
33,MLB,PROP,0,1,1
33,MLB,PROP,0,1,1
33,MLB,PROP,0,1,1
33,MLB,PROP,0,1,1
33,MLB,PROP,0,1,1
33,MLB,PROP,0,1,1
33,MLB,PROP,0,1,1
33,MLB,PROP,0,1,1
33,MLB,PROP,0,1,1
33,MLB,PROP,0,1,1
33,MLB,PROP,0,1,1
33,MLB,PROP,0,1,1
33,MLB,PROP,0,1,1
33,MLB,RUNLINE,0,1,1
33,MLB,PROP,0,1,1
33,MLB,PROP,0,1,1
33,MLB,PROP,0,1,1
33,MLB,PROP,0,1,1
33,MLB,PROP,0,1,1
33,MLB,PROP,0,1,1
33,MLB,PROP,0,1,1
33,MLB,PROP,0,1,1
33,MLB,PROP,0,1,1
33,MLB,PROP,0,1,1
33,MLB,RUNLINE,0,1,1
33,MLB,PROP,0,1,0
33,MLB,PROP,0,1,1
33,MLB,PROP,0,1,1
33,MLB,PROP,0,1,1
33,MLB,PROP,0,1,1
33,MLB,PROP,0,1,1
33,MLB,PROP,0,1,1
33,MLB,PROP,0,1,1
33,MLB,PROP,0,1,1
33,MLB,PROP,0,1,1
33,MLB,PROP,0,1,1
33,MLB,PROP,0,1,1
33,MLB,PROP,0,1,1
33,MLB,PROP,0,1,1
33,MLB,PROP,0,1,1
33,MLB,PROP,0,1,1
33,MLB,PROP,0,1,1
33,MLB,PROP,0,1,1
33,MLB,PROP,0,1,1
33,MLB,PROP,0,1,1
33,MLB,PROP,0,1,1
33,MLB,PROP,0,1,1
33,MLB,PROP,0,1,1
33,MLB,TOTAL,0,1,1
33,MLB,PROP,0,1,1
33,MLB,PROP,0,1,1
33,MLB,PROP,0,1,1
33,MLB,PROP,0,1,1
33,MLB,PROP,0,1,1
33,MLB,PROP,0,1,1
33,MLB,RUNLINE,0,1,1
33,MLB,PROP,0,1,1
33,MLB,PROP,0,1,1
33,MLB,PROP,0,1,1
33,MLB,RUNLINE,0,1,1
33,MLB,PROP,0,1,1
33,MLB,PROP,0,1,1
33,MLB,PROP,0,1,1
33,MLB,PROP,0,1,1
33,MLB,PROP,0,1,1
33,MLB,PROP,0,1,1
33,MLB,PROP,0,1,1
33,MLB,PROP,0,1,1
33,MLB,PROP,0,1,1
33,MLB,PROP,0,1,1
33,MLB,PROP,0,1,1
33,MLB,PROP,0,1,1
33,MLB,F5,0,0,1
33,MLB,PROP,0,1,1
33,MLB,PROP,0,1,1
33,MLB,PROP,0,1,1
33,MLB,PROP,0,1,1
33,MLB,PROP,0,1,1
33,MLB,PROP,0,1,1
33,MLB,PROP,0,1,1
33,MLB,PROP,0,1,1
33,MLB,PROP,0,1,1
33,MLB,PROP,0,1,1
33,MLB,PROP,0,1,1
33,MLB,PROP,0,1,1
33,MLB,PROP,0,1,1
33,MLB,PROP,0,1,1
33,MLB,RUNLINE,0,1,1
33,MLB,PROP,0,1,1
33,MLB,PROP,0,1,1
33,MLB,PROP,0,1,1
33,MLB,PROP,0,1,1
33,MLB,PROP,0,1,1
33,MLB,PROP,0,1,1
33,MLB,PROP,0,1,1
33,MLB,RUNLINE,0,1,1
33,MLB,PROP,0,1,1
33,MLB,PROP,0,1,1
33,MLB,PROP,0,1,1
33,MLB,PROP,0,1,1
33,MLB,PROP,0,1,1
33,MLB,PROP,0,1,1
33,MLB,PROP,0,1,1
33,MLB,PROP,0,1,1
33,MLB,PROP,0,1,1
33,MLB,PROP,0,1,1
33,MLB,PROP,0,1,1
33,MLB,PROP,0,1,1
33,MLB,PROP,0,1,1
33,MLB,PROP,0,1,1
33,MLB,PROP,0,1,1
33,MLB,PROP,0,1,1
33,MLB,PROP,0,1,1
33,MLB,PROP,0,1,1
33,MLB,PROP,0,1,1
33,MLB,PROP,0,1,1
33,MLB,PROP,0,1,1
33,MLB,PROP,0,1,1
33,MLB,PROP,0,1,1
33,MLB,PROP,0,1,1
33,MLB,PROP,0,1,1
33,MLB,PROP,0,1,1
33,MLB,PROP,0,1,1
33,MLB,PROP,0,1,1
33,MLB,PROP,0,1,1
33,MLB,PROP,0,1,1
33,MLB,PROP,0,1,1
33,WNBA,PROP,0,0,0
33,WNBA,PROP,0,0,0
33,WNBA,RUNLINE,1,1,1
33,WNBA,PROP,0,1,1
33,WNBA,PROP,0,1,1
33,WNBA,PROP,0,1,1
33,WNBA,PROP,0,1,1
33,WNBA,PROP,0,1,1
33,WNBA,PROP,0,1,1
33,WNBA,PROP,0,1,1
33,WNBA,PROP,0,0,1
33,WNBA,PROP,0,0,1
33,MLB,RUNLINE,1,0,1
33,MLB,RUNLINE,1,0,1
33,MLB,TOTAL,1,0,1
33,MLB,TOTAL,1,0,1
34,MLB,PROP,0,1,1
34,MLB,PROP,0,1,1
34,MLB,PROP,0,1,1
34,MLB,PROP,0,1,1
34,MLB,PROP,0,1,1
34,MLB,PROP,0,0,1
34,MLB,PROP,0,1,1
34,MLB,PROP,0,1,1
34,MLB,PROP,1,1,1
34,MLB,PROP,1,1,1
34,MLB,PROP,0,1,1
34,MLB,PROP,0,1,1
34,MLB,PROP,1,1,1
34,MLB,PROP,0,1,1
34,MLB,PROP,1,0,1
34,MLB,TOTAL,1,1,1
34,MLB,TOTAL,1,1,1
34,MLB,RUNLINE,1,1,1
34,MLB,PROP,1,1,1
34,MLB,TEAM_TOTAL,1,1,1
34,MLB,ML,0,1,1
34,MLB,PROP,0,1,1
34,MLB,PROP,0,1,1
34,MLB,PROP,0,1,1
34,MLB,PROP,0,0,1
34,MLB,PROP,0,1,1
34,MLB,F5,0,1,1
34,MLB,PROP,0,0,1
34,MLB,PROP,0,0,1
34,MLB,PROP,0,0,1
34,MLB,PROP,0,1,1
34,MLB,PROP,0,1,1
34,MLB,PROP,0,0,1
34,MLB,PROP,0,1,1
34,MLB,PROP,0,1,1
34,MLB,PROP,0,0,1
34,MLB,PROP,0,1,1
34,MLB,TEAM_TOTAL,0,1,1
34,MLB,ML,0,1,1
34,MLB,PROP,0,1,1
34,MLB,PROP,0,1,1
34,MLB,TEAM_TOTAL,0,0,1
34,MLB,PROP,0,0,1
34,MLB,PROP,0,1,1
34,MLB,PROP,0,1,1
34,MLB,PROP,0,1,1
34,MLB,PROP,0,1,1
34,MLB,PROP,0,1,1
34,MLB,PROP,0,1,1
34,MLB,PROP,0,1,1
34,MLB,TOTAL,0,1,1
34,MLB,PROP,0,1,1
34,MLB,TOTAL,0,1,1
34,MLB,RUNLINE,0,1,1
34,MLB,PROP,0,0,1
34,MLB,PROP,0,1,1
34,MLB,TEAM_TOTAL,0,1,1
34,MLB,RUNLINE,0,1,1
34,MLB,F5,0,1,1
34,MLB,PROP,0,1,1
34,MLB,RUNLINE,0,1,1
34,MLB,F5,0,1,1
34,MLB,PROP,0,0,1
34,MLB,PROP,0,0,1
34,MLB,F5,0,1,1
34,MLB,RUNLINE,0,1,1
34,MLB,PROP,0,1,1
34,MLB,TOTAL,0,1,1
34,MLB,PROP,0,0,1
34,MLB,PROP,0,1,1
34,MLB,PROP,0,1,1
34,MLB,PROP,0,1,1
34,MLB,TOTAL,0,1,1
34,MLB,PROP,0,1,1
34,MLB,PROP,0,1,1
34,MLB,PROP,0,1,1
34,MLB,RUNLINE,0,1,1
34,MLB,PROP,0,1,1
34,MLB,PROP,0,1,1
34,MLB,RUNLINE,0,1,1
34,MLB,F5,0,1,1
34,MLB,PROP,0,1,1
34,MLB,TOTAL,0,1,1
34,MLB,PROP,0,0,1
34,MLB,PROP,0,1,1
34,MLB,PROP,0,1,1
34,MLB,PROP,0,1,1
34,MLB,TOTAL,0,1,1
34,MLB,TEAM_TOTAL,0,1,1
34,MLB,PROP,0,0,1
34,MLB,PROP,0,0,1
34,MLB,PROP,0,1,1
34,MLB,PROP,0,1,1
34,MLB,PROP,0,0,1
34,MLB,RUNLINE,0,1,1
34,MLB,RUNLINE,0,1,1
34,MLB,PROP,0,1,1
34,MLB,PROP,0,0,1
34,MLB,PROP,0,1,1
34,MLB,PROP,0,1,1
34,MLB,RUNLINE,0,1,1
34,MLB,PROP,0,0,1
34,MLB,PROP,0,1,1
34,MLB,RUNLINE,0,1,1
34,MLB,PROP,0,1,1
34,MLB,PROP,0,1,1
34,MLB,PROP,0,1,1
34,MLB,PROP,0,1,1
34,MLB,PROP,0,1,1
34,MLB,PROP,0,0,1
34,MLB,TEAM_TOTAL,0,1,1
34,MLB,PROP,0,1,1
34,MLB,PROP,0,1,1
34,MLB,PROP,0,0,1
34,MLB,PROP,0,1,1
34,MLB,PROP,0,1,1
34,MLB,PROP,0,1,1
34,MLB,PROP,0,1,1
34,MLB,PROP,0,1,1
34,MLB,PROP,0,1,1
34,MLB,PROP,0,1,1
34,MLB,RUNLINE,0,1,1
34,MLB,F5,0,1,1
34,MLB,RUNLINE,0,1,1
34,MLB,PROP,0,1,1
34,MLB,PROP,0,1,1
34,MLB,PROP,0,1,1
34,MLB,RUNLINE,0,1,1
34,MLB,PROP,0,1,1
34,MLB,PROP,0,0,1
34,MLB,PROP,0,1,1
34,MLB,PROP,0,1,1
34,MLB,PROP,0,1,1
34,MLB,PROP,0,1,1
34,MLB,PROP,0,1,1
34,MLB,PROP,0,1,1
34,MLB,PROP,0,1,1
34,MLB,PROP,0,1,1
34,MLB,PROP,0,1,1
34,MLB,PROP,0,1,1
34,MLB,RUNLINE,0,1,1
34,MLB,PROP,0,1,1
34,MLB,PROP,0,1,1
34,MLB,PROP,0,0,1
34,MLB,PROP,0,0,1
34,MLB,PROP,0,1,1
34,MLB,PROP,0,1,1
34,MLB,PROP,0,1,1
34,MLB,PROP,0,1,1
34,MLB,PROP,0,1,1
34,WNBA,RUNLINE,1,1,1
34,WNBA,RUNLINE,1,0,1
34,WNBA,PROP,0,1,1
34,WNBA,PROP,0,1,1
34,WNBA,PROP,0,1,1
34,WNBA,PROP,0,1,1
34,WNBA,PROP,0,1,1
34,WNBA,PROP,0,1,1
34,WNBA,PROP,0,1,1
34,WNBA,PROP,0,1,1
34,WNBA,PROP,0,1,1
34,WNBA,PROP,0,1,1
34,WNBA,PROP,0,1,1
34,WNBA,PROP,0,1,1
34,WNBA,PROP,0,1,1
34,WNBA,PROP,0,1,1
34,WNBA,PROP,0,1,1
34,WNBA,PROP,0,1,1
34,WNBA,PROP,0,1,1
34,WNBA,PROP,0,1,1
34,WNBA,PROP,0,1,1
34,WNBA,PROP,0,1,1
34,WNBA,PROP,0,1,1
34,WNBA,PROP,0,1,1
34,WNBA,PROP,0,1,1
34,WNBA,PROP,0,1,1
34,WNBA,PROP,0,1,1
34,WNBA,PROP,0,1,1
34,WNBA,ML,1,1,0
34,WNBA,PROP,0,1,1
34,WNBA,ML,1,0,0
34,WNBA,PROP,0,1,1
34,WNBA,PROP,0,1,1
34,WNBA,RUNLINE,0,1,1
34,WNBA,PROP,0,1,1
34,WNBA,PROP,0,1,1
34,WNBA,PROP,0,1,1
34,WNBA,PROP,0,1,1
34,WNBA,PROP,0,1,1
34,WNBA,PROP,0,0,1
34,WNBA,PROP,0,1,1
34,WNBA,PROP,0,1,1
34,WNBA,PROP,0,1,1
34,WNBA,PROP,0,1,1
34,WNBA,PROP,0,1,1
34,WNBA,PROP,0,0,1
34,WNBA,PROP,0,1,1
34,WNBA,PROP,0,1,1
34,WNBA,PROP,0,1,1
34,MLB,PROP,1,1,1
34,MLB,PROP,1,1,1
34,MLB,PROP,1,1,1
34,MLB,PROP,1,1,1
34,MLB,PROP,1,1,1
34,MLB,PROP,1,1,1
34,MLB,PROP,1,1,1
34,MLB,RUNLINE,1,0,1
34,MLB,PROP,0,1,1
34,MLB,PROP,1,1,1
34,MLB,ML,0,1,1
34,MLB,PROP,0,1,1
34,MLB,PROP,1,1,1
34,MLB,PROP,1,1,1
34,MLB,PROP,1,1,1
34,MLB,PROP,1,1,1
34,MLB,PROP,1,1,1
34,MLB,PROP,1,1,1
34,MLB,PROP,0,1,1
34,MLB,PROP,0,1,1
34,MLB,PROP,0,1,1
34,MLB,PROP,1,1,1
34,MLB,PROP,0,1,1
34,MLB,PROP,0,1,1
34,MLB,PROP,0,1,1
34,MLB,PROP,0,1,1
34,MLB,PROP,0,1,1
34,MLB,RUNLINE,0,1,1
34,MLB,PROP,0,1,1
34,MLB,PROP,0,1,1
34,MLB,PROP,0,1,1
34,MLB,PROP,0,1,1
34,MLB,PROP,0,1,1
34,MLB,PROP,0,1,1
34,MLB,PROP,0,1,1
34,MLB,PROP,0,1,1
34,MLB,PROP,0,1,1
34,MLB,PROP,0,1,1
34,MLB,PROP,1,1,1
34,MLB,PROP,0,1,1
34,MLB,PROP,0,1,1
34,MLB,PROP,0,1,1
34,MLB,PROP,0,1,1
34,MLB,PROP,0,1,1
34,MLB,PROP,0,1,0
34,MLB,PROP,0,1,1
34,MLB,PROP,0,1,1
34,MLB,RUNLINE,0,1,1
34,MLB,ML,0,1,1
34,MLB,RUNLINE,0,1,1
34,MLB,PROP,0,1,1
34,MLB,PROP,0,1,1
34,MLB,RUNLINE,0,1,1
34,MLB,PROP,0,1,1
34,MLB,PROP,0,1,1
34,MLB,PROP,0,1,1
34,MLB,PROP,0,1,1
34,MLB,PROP,0,1,1
34,MLB,PROP,0,1,1
34,MLB,PROP,0,1,1
34,MLB,PROP,0,1,1
34,MLB,F5,0,1,1
34,MLB,PROP,0,1,1
34,MLB,TEAM_TOTAL,0,1,1
34,MLB,PROP,0,1,1
34,MLB,PROP,0,1,1
34,MLB,PROP,0,1,1
34,MLB,PROP,0,1,1
34,MLB,PROP,0,1,1
34,MLB,PROP,0,1,1
34,MLB,PROP,0,1,1
34,MLB,PROP,0,1,1
34,MLB,PROP,0,1,1
34,MLB,PROP,0,1,1
34,MLB,F5,0,1,1
34,MLB,PROP,0,1,1
34,MLB,PROP,0,1,1
34,MLB,PROP,0,1,1
34,MLB,PROP,0,1,1
34,MLB,PROP,0,1,1
34,MLB,RUNLINE,0,1,1
34,MLB,PROP,0,1,1
34,MLB,PROP,0,1,1
34,MLB,PROP,0,1,1
34,MLB,PROP,0,1,1
34,MLB,PROP,0,1,1
34,MLB,PROP,0,1,1
34,MLB,PROP,0,1,1
34,MLB,PROP,0,1,1
34,MLB,RUNLINE,0,1,1
34,MLB,PROP,0,1,1
34,MLB,PROP,0,1,1
34,MLB,PROP,0,1,1
34,MLB,RUNLINE,0,1,1
34,MLB,PROP,0,1,1
34,MLB,ML,0,1,1
34,MLB,PROP,0,1,1
34,MLB,PROP,0,1,1
34,MLB,PROP,0,1,1
34,MLB,PROP,0,1,1
34,MLB,PROP,0,1,1
34,MLB,PROP,0,1,1
34,MLB,TEAM_TOTAL,0,1,1
34,MLB,PROP,0,1,1
34,MLB,PROP,0,1,1
34,MLB,F5,0,1,1
34,MLB,PROP,0,1,1
34,MLB,PROP,0,1,1
34,MLB,PROP,0,1,1
34,MLB,PROP,0,1,1
34,MLB,PROP,0,1,1
34,MLB,RUNLINE,0,1,1
34,MLB,PROP,0,1,1
34,MLB,PROP,0,1,1
34,MLB,PROP,0,1,1
34,MLB,RUNLINE,0,1,1
34,MLB,PROP,0,1,1
34,MLB,F5,0,1,1
34,MLB,PROP,0,1,1
34,MLB,RUNLINE,0,1,1
34,MLB,PROP,0,1,1
34,MLB,PROP,0,1,1
34,MLB,PROP,0,1,1
34,MLB,PROP,0,1,1
34,MLB,PROP,0,1,1
34,MLB,PROP,0,1,1
34,MLB,PROP,0,1,1
34,MLB,PROP,0,1,1
34,MLB,PROP,0,1,1
34,MLB,PROP,0,1,1
34,MLB,PROP,0,1,1
34,MLB,PROP,0,1,1
34,MLB,PROP,0,1,1
34,MLB,PROP,0,1,1
34,MLB,PROP,0,1,1
34,MLB,PROP,0,1,1
34,MLB,TOTAL,0,1,1
34,MLB,PROP,0,1,1
34,MLB,PROP,0,1,1
34,MLB,RUNLINE,0,1,1
34,MLB,PROP,0,1,1
34,MLB,PROP,0,1,1
34,MLB,RUNLINE,0,1,1
34,MLB,PROP,0,1,1
34,MLB,TOTAL,0,1,1
34,MLB,RUNLINE,0,1,1
34,MLB,PROP,0,1,1
34,MLB,PROP,0,1,1
34,MLB,PROP,0,1,1
34,MLB,PROP,0,1,1
34,MLB,PROP,0,1,1
34,MLB,TEAM_TOTAL,0,1,1
34,MLB,PROP,0,1,1
34,MLB,PROP,0,1,1
34,MLB,PROP,0,1,1
34,MLB,RUNLINE,0,1,1
34,MLB,PROP,0,1,1
34,MLB,PROP,0,1,1
34,MLB,PROP,0,1,1
34,MLB,RUNLINE,0,1,1
34,MLB,PROP,0,1,1
34,MLB,PROP,0,1,1
34,MLB,PROP,0,1,1
34,MLB,PROP,0,1,1
34,MLB,PROP,0,1,1
34,MLB,PROP,0,1,1
34,MLB,PROP,0,1,1
34,MLB,PROP,0,1,1
34,MLB,PROP,0,1,1
34,MLB,PROP,0,1,1
34,MLB,PROP,0,1,1
34,MLB,PROP,0,1,1
34,MLB,PROP,0,1,1
34,MLB,PROP,0,1,1
34,MLB,PROP,0,1,1
34,MLB,PROP,0,1,1
34,MLB,PROP,0,1,1
34,MLB,PROP,0,1,1
34,MLB,PROP,0,1,1
34,MLB,PROP,0,1,1
34,MLB,PROP,0,1,1
34,MLB,PROP,0,1,1
34,MLB,PROP,0,1,1
34,MLB,PROP,0,1,1
34,MLB,PROP,0,1,1
34,MLB,PROP,0,1,1
34,MLB,PROP,0,1,1
34,MLB,PROP,0,1,1
34,MLB,PROP,0,1,1
34,MLB,PROP,0,1,1
34,MLB,PROP,0,1,1
34,MLB,PROP,0,1,1
34,MLB,PROP,0,1,1
34,MLB,PROP,0,1,1
34,MLB,PROP,0,1,1
34,MLB,PROP,0,1,1
34,MLB,PROP,0,1,1
34,MLB,PROP,0,1,1
34,MLB,PROP,0,1,1
34,MLB,PROP,0,1,1
34,MLB,PROP,0,1,1
34,MLB,PROP,0,1,1
34,MLB,PROP,0,1,1
34,MLB,PROP,0,1,1
34,MLB,PROP,0,1,1
34,MLB,PROP,0,0,1
34,MLB,PROP,0,1,1
34,MLB,PROP,0,1,1
34,MLB,PROP,0,1,1
34,MLB,PROP,0,1,1
34,MLB,PROP,0,1,1
34,MLB,PROP,0,1,1
34,WNBA,RUNLINE,1,1,1
34,WNBA,RUNLINE,1,0,1
34,WNBA,PROP,0,1,1
34,WNBA,PROP,0,1,1
34,WNBA,PROP,0,1,1
34,WNBA,PROP,0,1,1
34,WNBA,PROP,0,1,1
34,WNBA,PROP,0,1,1
34,WNBA,PROP,0,1,1
34,WNBA,PROP,0,1,1
34,MLB,PROP,1,0,1
34,MLB,PROP,1,1,1
34,MLB,PROP,1,1,1
34,MLB,PROP,1,1,1
34,MLB,TOTAL,1,0,1
34,MLB,PROP,1,1,1
35,MLB,PROP,1,1,1
35,MLB,ML,0,1,1
35,MLB,PROP,0,1,1
35,MLB,PROP,0,1,1
35,MLB,PROP,1,1,1
35,MLB,ML,0,1,1
35,MLB,PROP,0,1,1
35,MLB,TOTAL,1,1,1
35,MLB,PROP,1,0,1
35,MLB,PROP,0,1,1
35,MLB,PROP,1,0,1
35,MLB,PROP,1,1,1
35,MLB,F5,1,1,1
35,MLB,PROP,0,1,1
35,MLB,PROP,0,1,1
35,MLB,PROP,0,1,1
35,MLB,PROP,0,0,1
35,MLB,PROP,0,1,1
35,MLB,PROP,0,1,1
35,MLB,PROP,0,1,1
35,MLB,PROP,0,1,1
35,MLB,PROP,0,1,1
35,MLB,TOTAL,0,1,1
35,MLB,TOTAL,0,1,1
35,MLB,PROP,0,1,1
35,MLB,PROP,0,0,1
35,MLB,ML,0,1,1
35,MLB,PROP,0,1,1
35,MLB,PROP,0,1,1
35,MLB,PROP,0,0,1
35,MLB,PROP,0,0,1
35,MLB,TOTAL,0,1,1
35,MLB,PROP,0,0,1
35,MLB,PROP,0,1,1
35,MLB,PROP,0,1,1
35,MLB,PROP,0,1,1
35,MLB,TEAM_TOTAL,0,1,1
35,MLB,PROP,0,1,1
35,MLB,PROP,0,1,1
35,MLB,PROP,0,1,1
35,MLB,ML,0,1,1
35,MLB,PROP,0,1,1
35,MLB,PROP,0,1,1
35,MLB,PROP,0,1,1
35,MLB,PROP,0,1,1
35,MLB,PROP,0,1,1
35,MLB,RUNLINE,0,1,1
35,MLB,PROP,0,1,1
35,MLB,F5,0,1,1
35,MLB,PROP,0,0,1
35,MLB,PROP,0,1,1
35,MLB,F5,0,1,1
35,MLB,ML,0,1,1
35,MLB,TOTAL,0,1,1
35,MLB,PROP,0,1,1
35,MLB,PROP,0,1,1
35,MLB,F5,0,1,1
35,MLB,PROP,0,0,1
35,MLB,PROP,0,1,1
35,MLB,PROP,0,1,1
35,MLB,RUNLINE,0,1,1
35,MLB,PROP,0,1,1
35,MLB,PROP,0,1,1
35,MLB,TEAM_TOTAL,0,1,1
35,MLB,PROP,0,1,1
35,MLB,F5,0,1,1
35,MLB,PROP,0,1,1
35,MLB,TEAM_TOTAL,0,0,1
35,MLB,TOTAL,0,1,1
35,MLB,PROP,0,1,1
35,MLB,PROP,0,1,1
35,MLB,PROP,0,0,1
35,MLB,PROP,0,1,1
35,MLB,PROP,0,1,1
35,MLB,PROP,0,1,1
35,MLB,TEAM_TOTAL,0,1,1
35,MLB,PROP,0,1,1
35,MLB,PROP,0,0,1
35,MLB,PROP,0,1,1
35,MLB,PROP,0,1,1
35,MLB,PROP,0,1,1
35,MLB,PROP,0,1,1
35,MLB,PROP,0,0,1
35,MLB,RUNLINE,0,1,1
35,MLB,PROP,0,1,1
35,MLB,PROP,0,1,1
35,MLB,PROP,0,1,1
35,MLB,PROP,0,1,1
35,MLB,PROP,0,1,1
35,MLB,PROP,0,0,1
35,MLB,PROP,0,1,1
35,MLB,PROP,0,1,1
35,MLB,F5,0,1,1
35,MLB,PROP,0,1,1
35,MLB,PROP,0,0,1
35,MLB,PROP,0,1,1
35,MLB,F5,0,1,1
35,MLB,PROP,0,1,1
35,MLB,RUNLINE,0,1,1
35,MLB,PROP,0,0,1
35,MLB,PROP,0,1,1
35,MLB,PROP,0,0,1
35,MLB,PROP,0,1,1
35,MLB,PROP,0,1,1
35,MLB,TEAM_TOTAL,0,1,1
35,MLB,PROP,0,0,1
35,MLB,PROP,0,0,1
35,MLB,TEAM_TOTAL,0,1,1
35,MLB,PROP,0,1,1
35,MLB,PROP,0,1,1
35,MLB,PROP,0,1,1
35,MLB,PROP,0,1,1
35,MLB,PROP,0,1,1
35,MLB,RUNLINE,0,1,1
35,MLB,TEAM_TOTAL,0,1,1
35,MLB,PROP,0,0,1
35,MLB,PROP,0,1,1
35,MLB,PROP,0,0,1
35,MLB,TEAM_TOTAL,0,1,1
35,MLB,PROP,0,0,1
35,MLB,PROP,0,1,1
35,MLB,TEAM_TOTAL,0,1,1
35,MLB,PROP,0,1,1
35,MLB,PROP,0,1,1
35,MLB,PROP,0,1,1
35,MLB,PROP,0,1,1
35,MLB,PROP,0,1,1
35,MLB,PROP,0,1,1
35,MLB,RUNLINE,0,1,1
35,MLB,PROP,0,1,1
35,MLB,PROP,0,1,1
35,MLB,PROP,0,1,1
35,MLB,PROP,0,1,1
35,MLB,TEAM_TOTAL,0,1,1
35,MLB,PROP,0,1,1
35,MLB,PROP,0,1,1
35,MLB,PROP,0,1,1
35,MLB,PROP,0,0,1
35,MLB,PROP,0,1,1
35,MLB,PROP,0,1,1
35,MLB,RUNLINE,0,1,1
35,MLB,PROP,0,1,1
35,MLB,PROP,0,1,1
35,MLB,RUNLINE,0,1,1
35,MLB,PROP,0,1,1
35,MLB,PROP,0,1,1
35,MLB,PROP,0,1,1
35,MLB,PROP,0,1,1
35,MLB,PROP,0,1,1
35,MLB,PROP,0,1,1
35,MLB,PROP,0,1,1
35,MLB,PROP,0,0,1
35,MLB,PROP,0,1,1
35,MLB,PROP,0,1,1
35,MLB,PROP,0,1,1
35,MLB,PROP,0,1,1
35,MLB,RUNLINE,0,1,1
35,MLB,PROP,0,1,1
35,MLB,PROP,0,1,1
35,MLB,PROP,0,1,1
35,MLB,RUNLINE,0,1,1
35,MLB,PROP,0,1,1
35,MLB,PROP,0,1,1
35,MLB,PROP,0,1,1
35,MLB,PROP,0,0,1
35,MLB,PROP,0,1,1
35,MLB,PROP,0,1,1
35,MLB,PROP,0,1,1
35,MLB,PROP,0,1,1
35,MLB,PROP,0,0,1
35,MLB,PROP,0,1,1
35,MLB,PROP,0,0,1
35,MLB,PROP,0,1,1
35,MLB,PROP,0,1,1
35,MLB,PROP,0,0,1
35,MLB,PROP,0,0,1
35,MLB,PROP,0,1,1
35,MLB,PROP,0,1,1
35,MLB,PROP,0,1,1
35,WNBA,RUNLINE,1,1,1
35,WNBA,RUNLINE,1,1,1
35,WNBA,PROP,0,1,1
35,WNBA,PROP,0,1,1
35,WNBA,PROP,0,0,1
35,WNBA,PROP,0,0,1
35,WNBA,PROP,0,1,1
35,WNBA,PROP,0,0,1
35,WNBA,PROP,0,0,1
35,WNBA,PROP,0,1,1
35,WNBA,PROP,0,1,1
35,WNBA,PROP,0,0,1
35,WNBA,PROP,0,1,1
35,WNBA,PROP,0,0,1
35,WNBA,PROP,0,1,1
35,WNBA,PROP,0,1,1
35,WNBA,PROP,0,1,1
35,WNBA,PROP,0,0,1
35,WNBA,PROP,0,1,1
35,WNBA,PROP,0,1,1
35,WNBA,PROP,0,1,1
35,WNBA,PROP,0,0,1
35,WNBA,PROP,0,0,1
35,WNBA,PROP,0,1,1
35,WNBA,PROP,0,1,1
35,WNBA,PROP,0,1,1
35,WNBA,PROP,0,1,1
35,WNBA,PROP,0,1,1
35,WNBA,PROP,0,1,1
35,WNBA,PROP,0,1,1
35,WNBA,PROP,0,0,1
35,WNBA,PROP,0,1,1
35,WNBA,PROP,0,1,1
35,WNBA,PROP,0,1,1
35,WNBA,PROP,0,0,1
35,WNBA,PROP,0,1,1
35,WNBA,PROP,0,1,1
35,WNBA,ML,1,1,0
35,WNBA,PROP,0,0,1
35,WNBA,PROP,0,1,1
35,WNBA,PROP,0,1,1
35,WNBA,PROP,0,0,1
35,WNBA,PROP,0,1,1
35,WNBA,ML,1,1,0
35,WNBA,PROP,0,1,1
35,WNBA,PROP,0,0,1
35,WNBA,PROP,0,1,1
35,WNBA,PROP,0,1,1
35,WNBA,PROP,0,1,1
35,WNBA,PROP,0,1,1
35,MLB,PROP,1,1,1
35,MLB,PROP,1,1,1
35,MLB,PROP,1,0,1
35,MLB,PROP,1,1,1
35,MLB,PROP,1,1,1
35,MLB,PROP,1,1,1
35,MLB,RUNLINE,1,0,1
35,MLB,RUNLINE,1,0,1
35,MLB,PROP,1,1,1
35,MLB,TOTAL,1,0,1
35,MLB,TOTAL,1,0,1
36,MLB,PROP,0,1,1
36,MLB,PROP,1,1,1
36,MLB,PROP,1,1,1
36,MLB,PROP,0,1,1
36,MLB,PROP,0,1,1
36,MLB,TOTAL,1,1,1
36,MLB,PROP,0,1,1
36,MLB,PROP,1,1,1
36,MLB,PROP,0,1,1
36,MLB,ML,0,1,1
36,MLB,ML,0,1,1
36,MLB,RUNLINE,0,1,1
36,MLB,PROP,0,1,1
36,MLB,PROP,0,1,1
36,MLB,RUNLINE,0,1,1
36,MLB,TOTAL,0,1,1
36,MLB,PROP,0,1,1
36,MLB,PROP,0,1,1
36,MLB,PROP,0,1,1
36,MLB,PROP,0,0,1
36,MLB,PROP,0,1,1
36,MLB,PROP,0,0,1
36,MLB,ML,0,1,1
36,MLB,TEAM_TOTAL,0,1,1
36,MLB,TOTAL,0,1,1
36,MLB,TEAM_TOTAL,0,1,1
36,MLB,PROP,0,0,1
36,MLB,PROP,0,0,1
36,MLB,TEAM_TOTAL,0,1,1
36,MLB,PROP,0,1,1
36,MLB,PROP,0,1,1
36,MLB,PROP,0,1,1
36,MLB,TEAM_TOTAL,0,1,1
36,MLB,ML,0,1,1
36,MLB,RUNLINE,0,1,1
36,MLB,RUNLINE,0,1,1
36,MLB,RUNLINE,0,1,1
36,MLB,PROP,0,0,1
36,MLB,RUNLINE,0,1,1
36,MLB,TEAM_TOTAL,0,0,1
36,MLB,PROP,0,0,1
36,MLB,PROP,0,0,1
36,MLB,PROP,0,0,1
36,MLB,PROP,0,1,1
36,MLB,PROP,0,1,1
36,MLB,RUNLINE,0,1,1
36,MLB,TOTAL,0,1,1
36,MLB,PROP,0,0,1
36,MLB,TOTAL,0,1,1
36,MLB,PROP,0,1,1
36,MLB,TEAM_TOTAL,0,1,1
36,MLB,ML,0,1,1
36,MLB,PROP,0,1,1
36,MLB,PROP,0,1,1
36,MLB,F5,0,1,1
36,MLB,RUNLINE,0,1,1
36,MLB,TOTAL,0,1,1
36,MLB,ML,0,1,1
36,MLB,RUNLINE,0,1,1
36,MLB,PROP,0,1,1
36,MLB,PROP,0,1,1
36,MLB,PROP,0,1,1
36,MLB,PROP,0,1,1
36,MLB,PROP,0,0,1
36,MLB,PROP,0,1,1
36,MLB,PROP,0,0,1
36,MLB,PROP,0,1,1
36,MLB,F5,0,1,1
36,MLB,F5,0,1,1
36,MLB,F5,0,1,1
36,MLB,PROP,0,1,1
36,MLB,PROP,0,1,1
36,MLB,RUNLINE,0,1,1
36,MLB,PROP,0,1,1
36,MLB,PROP,0,1,1
36,MLB,RUNLINE,0,1,1
36,MLB,PROP,0,1,1
36,MLB,F5,0,1,1
36,MLB,PROP,0,1,1
36,MLB,PROP,0,1,1
36,MLB,PROP,0,0,1
36,MLB,PROP,0,0,1
36,MLB,PROP,0,0,1
36,MLB,PROP,0,1,1
36,MLB,PROP,0,1,1
36,MLB,PROP,0,1,1
36,MLB,PROP,0,1,1
36,MLB,PROP,0,1,1
36,MLB,PROP,0,1,1
36,MLB,PROP,0,1,1
36,MLB,PROP,0,1,1
36,MLB,PROP,0,1,1
36,MLB,TEAM_TOTAL,0,1,1
36,MLB,PROP,0,1,1
36,MLB,PROP,0,1,1
36,MLB,RUNLINE,0,1,1
36,MLB,PROP,0,1,1
36,MLB,PROP,0,0,1
36,MLB,PROP,0,1,1
36,MLB,PROP,0,1,1
36,MLB,PROP,0,1,1
36,MLB,PROP,0,1,1
36,MLB,PROP,0,1,1
36,MLB,PROP,0,1,1
36,MLB,RUNLINE,0,1,1
36,MLB,PROP,0,1,1
36,MLB,PROP,0,1,1
36,MLB,PROP,0,1,1
36,MLB,PROP,0,1,1
36,MLB,PROP,0,1,1
36,MLB,PROP,0,1,1
36,MLB,PROP,0,1,1
36,WNBA,PROP,0,1,1
36,WNBA,RUNLINE,1,1,1
36,WNBA,PROP,0,1,1
36,WNBA,PROP,0,0,1
36,WNBA,PROP,0,0,1
36,WNBA,PROP,0,1,1
36,WNBA,PROP,0,1,1
36,WNBA,PROP,0,1,1
36,WNBA,PROP,0,1,1
36,WNBA,PROP,0,1,1
36,WNBA,PROP,0,1,1
36,WNBA,PROP,0,1,1
36,WNBA,PROP,0,1,1
36,WNBA,PROP,0,1,1
36,WNBA,PROP,0,1,1
36,WNBA,PROP,0,1,1
36,WNBA,PROP,0,1,1
36,WNBA,PROP,0,1,1
36,WNBA,PROP,0,1,1
36,WNBA,PROP,0,1,1
36,WNBA,PROP,0,1,1
36,WNBA,PROP,0,1,1
36,WNBA,PROP,0,1,1
36,WNBA,PROP,0,1,1
36,WNBA,PROP,0,1,1
36,WNBA,PROP,0,1,1
36,WNBA,PROP,0,1,1
36,WNBA,PROP,0,1,1
36,WNBA,PROP,0,1,1
36,WNBA,PROP,0,1,1
36,WNBA,PROP,0,1,1
36,WNBA,PROP,0,0,1
36,WNBA,PROP,0,1,1
36,WNBA,PROP,0,1,1
36,WNBA,PROP,0,1,1
36,WNBA,PROP,0,0,1
36,WNBA,PROP,0,1,1
36,WNBA,PROP,0,1,1
36,WNBA,PROP,0,1,1
36,WNBA,PROP,0,0,1
36,WNBA,PROP,0,1,1
36,WNBA,PROP,0,1,1
36,WNBA,PROP,0,1,1
36,WNBA,PROP,0,1,1
36,WNBA,PROP,0,1,1
36,WNBA,PROP,0,0,1
36,WNBA,PROP,0,1,1
36,WNBA,PROP,0,1,1
36,WNBA,PROP,0,1,1
36,WNBA,PROP,0,1,1
36,WNBA,PROP,0,1,1
36,WNBA,PROP,0,0,1
36,MLB,PROP,1,1,1
36,MLB,PROP,1,1,1
36,MLB,PROP,1,1,1
36,MLB,RUNLINE,1,0,1
36,MLB,PROP,1,1,1
36,MLB,PROP,1,1,1
36,MLB,TOTAL,1,0,1
36,MLB,RUNLINE,1,0,1
36,MLB,PROP,1,1,1
36,MLB,PROP,1,1,1
37,WNBA,PROP,0,1,0
37,WNBA,RUNLINE,1,0,0
37,WNBA,PROP,0,0,1
37,WNBA,PROP,0,1,1
37,WNBA,PROP,0,1,0
37,WNBA,PROP,0,1,0
37,WNBA,PROP,0,1,0
37,WNBA,PROP,0,0,1
37,WNBA,PROP,0,1,1
37,WNBA,PROP,0,1,0
37,WNBA,PROP,0,1,1
37,WNBA,PROP,0,1,0
37,WNBA,PROP,0,1,0
37,WNBA,PROP,0,1,0
37,WNBA,PROP,0,1,0
37,WNBA,PROP,0,1,0
37,WNBA,PROP,0,1,0
37,WNBA,PROP,0,1,0
37,WNBA,PROP,0,1,0
37,WNBA,PROP,0,1,1
37,WNBA,PROP,0,1,0
37,WNBA,ML,1,1,0
37,WNBA,PROP,0,1,1
37,WNBA,PROP,0,1,0
37,WNBA,PROP,0,1,1
37,WNBA,PROP,0,0,0
37,WNBA,PROP,0,1,0
37,WNBA,PROP,0,0,1
37,WNBA,PROP,0,1,1
37,WNBA,PROP,0,1,1
37,WNBA,PROP,0,1,1
37,WNBA,PROP,0,1,0
37,WNBA,PROP,0,0,1
37,WNBA,PROP,0,1,0
37,WNBA,PROP,0,0,1
37,WNBA,PROP,0,1,0
37,WNBA,PROP,0,1,0
37,WNBA,PROP,0,1,0
37,WNBA,PROP,0,1,0
37,WNBA,PROP,0,1,0
37,WNBA,PROP,0,1,1
37,WNBA,PROP,0,1,0
37,WNBA,PROP,0,0,1
37,WNBA,PROP,0,1,0
37,WNBA,PROP,0,1,1
37,WNBA,PROP,0,0,1
37,WNBA,PROP,0,1,1
37,WNBA,PROP,0,1,1
37,MLB,ML,0,1,1
37,MLB,ML,0,1,1
37,MLB,TOTAL,1,1,1
37,MLB,TOTAL,1,1,1
37,MLB,TEAM_TOTAL,1,0,1
37,MLB,ML,0,1,1
37,MLB,PROP,1,1,1
37,MLB,RUNLINE,0,1,1
37,MLB,TOTAL,1,1,1
37,MLB,PROP,1,1,1
37,MLB,RUNLINE,1,1,1
37,MLB,PROP,0,1,1
37,MLB,PROP,1,1,1
37,MLB,TOTAL,0,1,1
37,MLB,PROP,0,1,1
37,MLB,PROP,0,1,1
37,MLB,PROP,1,1,1
37,MLB,PROP,0,1,1
37,MLB,PROP,0,1,1
37,MLB,TEAM_TOTAL,0,0,1
37,MLB,PROP,0,1,1
37,MLB,TOTAL,0,1,1
37,MLB,PROP,0,1,1
37,MLB,PROP,0,1,1
37,MLB,PROP,0,1,1
37,MLB,F5,0,0,1
37,MLB,PROP,0,1,1
37,MLB,PROP,0,1,1
37,MLB,PROP,0,1,1
37,MLB,RUNLINE,0,1,1
37,MLB,PROP,0,1,1
37,MLB,PROP,0,0,1
37,MLB,PROP,0,1,1
37,MLB,PROP,0,1,1
37,MLB,PROP,0,1,1
37,MLB,PROP,0,1,1
37,MLB,ML,0,1,1
37,MLB,PROP,0,1,1
37,MLB,ML,0,1,1
37,MLB,PROP,0,1,1
37,MLB,PROP,0,1,1
37,MLB,PROP,0,1,1
37,MLB,TEAM_TOTAL,0,1,1
37,MLB,PROP,0,1,1
37,MLB,TEAM_TOTAL,0,1,1
37,MLB,PROP,0,1,1
37,MLB,ML,0,1,1
37,MLB,F5,0,1,1
37,MLB,ML,0,1,1
37,MLB,PROP,0,1,1
37,MLB,TEAM_TOTAL,0,1,1
37,MLB,TEAM_TOTAL,0,1,1
37,MLB,PROP,0,1,1
37,MLB,PROP,0,1,1
37,MLB,PROP,0,1,1
37,MLB,RUNLINE,0,1,1
37,MLB,TEAM_TOTAL,0,1,1
37,MLB,PROP,0,1,1
37,MLB,PROP,0,1,1
37,MLB,PROP,0,1,1
37,MLB,PROP,0,1,1
37,MLB,RUNLINE,0,1,1
37,MLB,PROP,0,1,1
37,MLB,PROP,0,1,1
37,MLB,PROP,0,1,1
37,MLB,PROP,0,1,1
37,MLB,TEAM_TOTAL,0,1,1
37,MLB,F5,0,1,1
37,MLB,PROP,0,1,1
37,MLB,PROP,0,1,1
37,MLB,PROP,0,1,1
37,MLB,TEAM_TOTAL,0,1,1
37,MLB,RUNLINE,0,1,1
37,MLB,PROP,0,1,1
37,MLB,PROP,0,1,1
37,MLB,TOTAL,0,1,1
37,MLB,PROP,0,1,1
37,MLB,PROP,0,1,1
37,MLB,F5,0,1,1
37,MLB,PROP,0,1,1
37,MLB,PROP,0,1,1
37,MLB,PROP,0,1,0
37,MLB,F5,0,1,1
37,MLB,PROP,0,1,1
37,MLB,TOTAL,0,1,1
37,MLB,PROP,0,1,1
37,MLB,RUNLINE,0,1,1
37,MLB,PROP,0,1,1
37,MLB,PROP,0,1,1
37,MLB,PROP,0,1,1
37,MLB,TOTAL,0,1,1
37,MLB,PROP,0,1,1
37,MLB,PROP,0,1,1
37,MLB,PROP,0,1,1
37,MLB,PROP,0,1,1
37,MLB,PROP,0,1,1
37,MLB,PROP,0,1,1
37,MLB,PROP,0,1,1
37,MLB,RUNLINE,0,1,1
37,MLB,PROP,0,1,1
37,MLB,RUNLINE,0,1,1
37,MLB,PROP,0,1,1
37,MLB,PROP,0,1,1
37,MLB,PROP,0,1,1
37,MLB,PROP,0,1,1
37,MLB,PROP,0,1,1
37,MLB,PROP,0,1,1
37,MLB,PROP,0,1,1
37,MLB,PROP,0,1,1
37,MLB,PROP,0,1,1
37,MLB,PROP,0,1,1
37,MLB,PROP,0,1,1
37,MLB,PROP,0,1,1
37,MLB,PROP,0,1,1
37,MLB,PROP,0,1,1
37,MLB,PROP,0,1,1
37,MLB,PROP,0,1,1
37,MLB,PROP,0,1,1
37,MLB,RUNLINE,0,1,1
37,MLB,PROP,1,1,1
38,MLB,PROP,0,0,1
38,MLB,PROP,0,1,1
38,MLB,PROP,0,1,1
38,MLB,ML,0,1,1
38,MLB,PROP,0,1,1
38,MLB,ML,0,1,1
38,MLB,PROP,0,1,1
38,MLB,PROP,0,0,1
38,MLB,PROP,0,1,1
38,MLB,PROP,0,1,1
38,MLB,PROP,0,1,1
38,MLB,PROP,1,0,1
38,MLB,PROP,0,1,1
38,MLB,PROP,0,1,1
38,MLB,PROP,0,1,1
38,MLB,PROP,0,1,1
38,MLB,PROP,0,1,1
38,MLB,TEAM_TOTAL,1,1,1
38,MLB,TOTAL,0,1,1
38,MLB,PROP,1,0,1
38,MLB,PROP,0,0,1
38,MLB,TOTAL,0,1,1
38,MLB,PROP,0,0,1
38,MLB,PROP,0,1,1
38,MLB,RUNLINE,0,1,1
38,MLB,PROP,0,1,1
38,MLB,PROP,0,1,1
38,MLB,PROP,0,1,1
38,MLB,F5,0,1,1
38,MLB,PROP,0,1,1
38,MLB,PROP,0,1,1
38,MLB,PROP,0,0,1
38,MLB,PROP,0,0,1
38,MLB,PROP,0,1,1
38,MLB,PROP,0,0,1
38,MLB,PROP,0,1,1
38,MLB,PROP,0,1,1
38,MLB,TOTAL,0,1,1
38,MLB,ML,0,1,1
38,MLB,PROP,0,1,1
38,MLB,PROP,0,1,1
38,MLB,PROP,0,1,1
38,MLB,PROP,0,1,1
38,MLB,PROP,0,1,1
38,MLB,PROP,0,1,1
38,MLB,PROP,0,0,1
38,MLB,PROP,0,1,1
38,MLB,PROP,0,0,1
38,MLB,PROP,0,0,1
38,MLB,PROP,0,1,1
38,MLB,PROP,0,1,1
38,MLB,PROP,0,1,1
38,MLB,TOTAL,0,1,1
38,MLB,TEAM_TOTAL,0,0,1
38,MLB,PROP,0,1,1
38,MLB,RUNLINE,0,1,1
38,MLB,F5,0,1,1
38,MLB,F5,0,1,1
38,MLB,PROP,0,0,1
38,MLB,PROP,0,1,1
38,MLB,PROP,0,1,1
38,MLB,ML,0,1,1
38,MLB,TOTAL,0,1,1
38,MLB,TOTAL,0,1,1
38,MLB,ML,0,1,1
38,MLB,TOTAL,0,1,1
38,MLB,PROP,0,0,1
38,MLB,PROP,0,1,1
38,MLB,RUNLINE,0,1,1
38,MLB,PROP,0,1,1
38,MLB,TEAM_TOTAL,0,1,1
38,MLB,PROP,0,1,1
38,MLB,PROP,0,1,1
38,MLB,PROP,0,1,1
38,MLB,F5,0,1,1
38,MLB,PROP,0,1,1
38,MLB,TOTAL,0,1,1
38,MLB,PROP,0,1,1
38,MLB,PROP,0,1,1
38,MLB,PROP,0,1,1
38,MLB,PROP,0,0,1
38,MLB,PROP,0,1,1
38,MLB,TEAM_TOTAL,0,0,1
38,MLB,PROP,0,1,1
38,MLB,PROP,0,1,1
38,MLB,PROP,0,0,1
38,MLB,PROP,0,1,1
38,MLB,TEAM_TOTAL,0,0,1
38,MLB,RUNLINE,0,1,1
38,MLB,PROP,0,1,1
38,MLB,PROP,0,1,1
38,MLB,PROP,0,1,1
38,MLB,PROP,0,1,1
38,MLB,RUNLINE,0,1,1
38,MLB,PROP,0,0,1
38,MLB,PROP,0,1,1
38,MLB,PROP,0,1,1
38,MLB,TOTAL,0,1,1
38,MLB,F5,0,1,1
38,MLB,PROP,0,1,1
38,MLB,PROP,0,0,1
38,MLB,PROP,0,1,1
38,MLB,PROP,0,1,1
38,MLB,PROP,0,1,1
38,MLB,RUNLINE,0,1,1
38,MLB,PROP,0,0,1
38,MLB,PROP,0,1,1
38,MLB,PROP,0,1,1
38,MLB,PROP,0,0,1
38,MLB,PROP,0,1,1
38,MLB,TEAM_TOTAL,0,1,1
38,MLB,PROP,0,1,1
38,MLB,RUNLINE,0,1,1
38,MLB,TEAM_TOTAL,0,1,1
38,MLB,PROP,0,0,1
38,MLB,PROP,0,0,1
38,MLB,PROP,0,1,1
38,MLB,PROP,0,1,1
38,MLB,RUNLINE,0,1,1
38,MLB,F5,0,1,1
38,MLB,PROP,0,1,1
38,MLB,PROP,0,0,1
38,MLB,PROP,0,1,1
38,MLB,PROP,0,1,1
38,MLB,PROP,0,1,1
38,MLB,PROP,0,1,1
38,MLB,PROP,0,1,1
38,MLB,PROP,0,1,1
38,MLB,PROP,0,0,1
38,MLB,PROP,0,1,1
38,MLB,TEAM_TOTAL,0,1,1
38,MLB,PROP,0,1,1
38,MLB,F5,0,1,1
38,MLB,PROP,0,1,1
38,MLB,PROP,0,1,1
38,MLB,PROP,0,1,1
38,MLB,PROP,0,1,1
38,MLB,PROP,0,1,1
38,MLB,PROP,0,1,1
38,MLB,TEAM_TOTAL,0,1,1
38,MLB,PROP,0,1,1
38,MLB,PROP,0,0,1
38,MLB,PROP,0,1,1
38,MLB,PROP,0,1,1
38,MLB,PROP,0,1,1
38,MLB,PROP,0,1,1
38,MLB,PROP,0,0,1
38,MLB,PROP,0,0,1
38,MLB,PROP,0,1,1
38,MLB,PROP,0,0,1
38,MLB,PROP,0,0,1
38,MLB,RUNLINE,0,1,1
38,MLB,PROP,0,1,1
38,MLB,PROP,0,0,1
38,MLB,PROP,0,1,1
38,MLB,PROP,0,0,1
38,MLB,PROP,0,0,1
38,MLB,PROP,0,1,1
38,MLB,PROP,0,1,1
38,MLB,PROP,0,1,1
38,MLB,PROP,0,1,1
38,MLB,PROP,0,1,1
38,MLB,RUNLINE,0,1,1
38,MLB,PROP,0,1,1
38,MLB,PROP,0,1,1
38,MLB,PROP,0,1,1
38,MLB,PROP,0,1,1
38,MLB,PROP,0,1,1
38,MLB,PROP,0,1,1
38,MLB,PROP,0,1,1
38,MLB,RUNLINE,0,1,1
38,MLB,PROP,0,1,1
38,MLB,RUNLINE,0,1,1
38,MLB,PROP,0,1,1
38,MLB,PROP,0,1,1
38,MLB,PROP,0,0,1
38,MLB,PROP,0,1,1
38,MLB,PROP,0,1,1
38,WNBA,PROP,0,0,1
38,WNBA,PROP,0,1,1
38,WNBA,RUNLINE,1,1,1
38,WNBA,PROP,0,1,1
38,WNBA,PROP,0,1,1
38,WNBA,PROP,0,1,1
38,WNBA,PROP,0,1,1
38,WNBA,PROP,0,1,1
38,WNBA,PROP,0,1,1
38,WNBA,PROP,0,1,1
38,WNBA,PROP,0,1,1
38,WNBA,PROP,0,1,1
38,WNBA,PROP,0,1,1
38,WNBA,PROP,0,1,1
38,WNBA,PROP,0,1,1
38,WNBA,PROP,0,1,1
38,WNBA,PROP,0,1,1
38,WNBA,RUNLINE,0,1,1
38,WNBA,PROP,0,1,1
38,WNBA,PROP,0,0,1
38,WNBA,PROP,0,1,1
38,WNBA,PROP,0,1,1
38,WNBA,PROP,0,1,1
38,WNBA,PROP,0,1,1
38,WNBA,PROP,0,1,1
38,WNBA,PROP,0,1,1
38,WNBA,PROP,0,1,1
38,WNBA,PROP,0,1,1
38,WNBA,PROP,0,1,1
38,WNBA,PROP,0,0,1
38,WNBA,PROP,0,1,1
38,WNBA,PROP,0,1,1
38,WNBA,PROP,0,1,1
38,WNBA,PROP,0,1,1
38,WNBA,PROP,0,1,1
38,WNBA,PROP,0,1,1
38,WNBA,PROP,0,1,1
38,WNBA,ML,1,1,0
38,WNBA,PROP,0,1,1
38,WNBA,PROP,0,1,1
38,WNBA,PROP,0,1,1
38,WNBA,PROP,0,1,1
38,WNBA,PROP,0,1,1
38,SOCCER,ML,1,0,0
38,SOCCER,ML,0,0,0
38,MLB,PROP,1,1,1
38,MLB,PROP,1,1,1
38,MLB,PROP,1,1,1
38,MLB,PROP,1,1,1
38,MLB,PROP,1,1,1
38,MLB,RUNLINE,1,0,1
38,MLB,TOTAL,1,0,1
38,MLB,TOTAL,1,0,1
38,MLB,PROP,1,1,1
39,MLB,PROP,0,1,1
39,MLB,PROP,0,1,1
39,MLB,PROP,0,1,1
39,MLB,PROP,0,1,1
39,MLB,PROP,0,1,1
39,MLB,PROP,0,1,1
39,MLB,ML,0,1,1
39,MLB,TOTAL,1,1,1
39,MLB,RUNLINE,1,1,1
39,MLB,TOTAL,1,1,1
39,MLB,TOTAL,0,1,1
39,MLB,PROP,0,1,1
39,MLB,TEAM_TOTAL,0,0,1
39,MLB,TEAM_TOTAL,0,1,1
39,MLB,RUNLINE,0,1,1
39,MLB,TOTAL,0,1,1
39,MLB,PROP,0,1,1
39,MLB,PROP,1,1,1
39,MLB,TOTAL,0,1,1
39,MLB,PROP,0,1,1
39,MLB,PROP,0,1,1
39,MLB,PROP,0,1,1
39,MLB,PROP,0,1,1
39,MLB,TEAM_TOTAL,0,1,1
39,MLB,PROP,0,1,1
39,MLB,PROP,0,1,1
39,MLB,RUNLINE,0,1,1
39,MLB,ML,0,1,1
39,MLB,PROP,0,1,1
39,MLB,ML,0,1,1
39,MLB,PROP,0,1,1
39,MLB,PROP,0,1,1
39,MLB,TOTAL,0,1,1
39,MLB,PROP,0,1,1
39,MLB,PROP,0,1,1
39,MLB,PROP,0,1,1
39,MLB,PROP,0,1,1
39,MLB,PROP,0,1,1
39,MLB,PROP,0,1,1
39,MLB,PROP,0,1,1
39,MLB,TEAM_TOTAL,0,1,1
39,MLB,PROP,0,1,1
39,MLB,RUNLINE,0,1,1
39,MLB,PROP,0,1,1
39,MLB,PROP,0,1,1
39,MLB,PROP,0,1,1
39,MLB,TOTAL,0,1,1
39,MLB,TEAM_TOTAL,0,1,1
39,MLB,TEAM_TOTAL,0,0,1
39,MLB,PROP,0,1,1
39,MLB,ML,0,1,1
39,MLB,ML,0,1,1
39,MLB,PROP,0,1,1
39,MLB,PROP,0,1,1
39,MLB,PROP,0,1,1
39,MLB,PROP,0,1,1
39,MLB,PROP,0,1,1
39,MLB,PROP,0,1,1
39,MLB,PROP,0,1,1
39,MLB,PROP,0,1,1
39,MLB,PROP,0,1,1
39,MLB,RUNLINE,0,1,1
39,MLB,PROP,0,1,1
39,MLB,PROP,0,1,1
39,MLB,PROP,0,1,1
39,MLB,PROP,0,1,1
39,MLB,ML,0,1,1
39,MLB,RUNLINE,0,1,1
39,MLB,TEAM_TOTAL,0,1,1
39,MLB,PROP,0,1,1
39,MLB,PROP,0,1,1
39,MLB,PROP,0,1,1
39,MLB,PROP,0,1,1
39,MLB,PROP,0,1,1
39,MLB,PROP,0,1,1
39,MLB,PROP,0,1,1
39,MLB,F5,0,1,1
39,MLB,PROP,0,1,1
39,MLB,PROP,0,1,1
39,MLB,RUNLINE,0,1,1
39,MLB,F5,0,1,1
39,MLB,PROP,0,1,1
39,MLB,TEAM_TOTAL,0,1,1
39,MLB,PROP,0,1,1
39,MLB,PROP,0,1,1
39,MLB,PROP,0,1,1
39,MLB,PROP,0,1,1
39,MLB,TEAM_TOTAL,0,0,1
39,MLB,PROP,0,1,1
39,MLB,F5,0,1,1
39,MLB,PROP,0,1,1
39,MLB,PROP,0,1,1
39,MLB,ML,0,1,1
39,MLB,PROP,0,1,1
39,MLB,ML,0,1,1
39,MLB,PROP,0,1,1
39,MLB,PROP,0,1,1
39,MLB,ML,0,1,1
39,MLB,PROP,0,1,1
39,MLB,PROP,0,1,1
39,MLB,PROP,0,1,1
39,MLB,PROP,0,1,1
39,MLB,PROP,0,1,1
39,MLB,PROP,0,1,1
39,MLB,RUNLINE,0,1,1
39,MLB,PROP,0,1,1
39,MLB,PROP,0,1,1
39,MLB,PROP,0,1,1
39,MLB,PROP,0,1,1
39,MLB,RUNLINE,0,1,1
39,MLB,PROP,0,1,1
39,MLB,PROP,0,1,1
39,MLB,PROP,0,1,1
39,MLB,PROP,0,1,1
39,MLB,PROP,0,1,1
39,MLB,PROP,0,1,1
39,MLB,PROP,0,1,1
39,MLB,PROP,0,1,1
39,MLB,PROP,0,1,1
39,MLB,PROP,0,1,1
39,MLB,PROP,0,1,1
39,MLB,PROP,0,1,1
39,MLB,PROP,0,1,1
39,MLB,PROP,0,1,1
39,MLB,PROP,0,1,1
39,MLB,PROP,0,1,1
39,MLB,PROP,0,1,1
39,MLB,F5,0,1,1
39,MLB,PROP,0,1,1
39,MLB,PROP,0,1,1
39,MLB,PROP,0,1,1
39,MLB,PROP,0,1,1
39,MLB,PROP,0,1,1
39,MLB,PROP,0,1,1
39,MLB,PROP,0,1,1
39,MLB,RUNLINE,0,1,1
39,MLB,F5,0,1,1
39,MLB,PROP,0,1,1
39,MLB,RUNLINE,0,1,1
39,MLB,PROP,0,1,1
39,MLB,PROP,0,1,1
39,MLB,PROP,0,1,1
39,MLB,PROP,0,1,1
39,MLB,RUNLINE,0,1,1
39,MLB,PROP,0,1,1
39,MLB,PROP,0,1,1
39,MLB,PROP,0,1,1
39,MLB,TOTAL,0,1,1
39,MLB,PROP,0,1,1
39,MLB,PROP,0,1,1
39,MLB,PROP,0,1,1
39,MLB,PROP,0,1,1
39,MLB,PROP,0,1,1
39,MLB,PROP,0,1,1
39,MLB,F5,0,1,1
39,MLB,PROP,0,1,1
39,MLB,PROP,0,1,1
39,MLB,PROP,0,1,1
39,MLB,PROP,0,1,1
39,MLB,PROP,0,1,1
39,MLB,PROP,0,1,1
39,MLB,PROP,0,1,1
39,MLB,PROP,0,1,1
39,MLB,PROP,0,1,1
39,MLB,PROP,0,1,1
39,MLB,PROP,0,1,1
39,MLB,TEAM_TOTAL,0,1,1
39,MLB,PROP,0,1,1
39,MLB,RUNLINE,0,1,1
39,MLB,PROP,0,1,1
39,MLB,PROP,0,1,1
39,MLB,PROP,0,1,1
39,MLB,F5,0,1,1
39,MLB,PROP,0,1,1
39,MLB,PROP,0,1,1
39,MLB,PROP,0,1,1
39,MLB,PROP,0,1,1
39,MLB,RUNLINE,0,1,1
39,MLB,PROP,0,1,1
39,MLB,PROP,0,1,1
39,MLB,PROP,0,1,1
39,MLB,F5,0,1,1
39,MLB,PROP,0,1,1
39,MLB,PROP,0,1,1
39,MLB,PROP,0,1,1
39,MLB,PROP,0,1,1
39,MLB,PROP,0,1,1
39,MLB,PROP,0,1,1
39,MLB,PROP,0,1,1
39,MLB,PROP,0,1,1
39,MLB,PROP,0,1,1
39,MLB,PROP,0,1,1
39,MLB,PROP,0,1,1
39,MLB,PROP,0,1,1
39,MLB,PROP,0,1,1
39,MLB,PROP,0,1,1
39,MLB,PROP,0,1,1
39,MLB,PROP,0,1,1
39,MLB,PROP,0,1,1
39,MLB,PROP,0,1,1
39,MLB,PROP,0,1,1
39,MLB,PROP,0,1,1
39,MLB,PROP,0,1,1
39,MLB,PROP,0,1,1
39,MLB,PROP,0,1,1
39,MLB,PROP,0,1,1
39,MLB,PROP,0,1,1
39,MLB,PROP,0,1,1
39,MLB,PROP,0,1,1
39,MLB,PROP,0,1,1
39,MLB,PROP,0,1,1
39,MLB,PROP,0,1,1
39,MLB,PROP,0,1,1
39,MLB,PROP,0,1,1
39,MLB,PROP,0,1,1
39,MLB,PROP,0,1,1
39,MLB,PROP,0,1,1
39,MLB,PROP,0,1,1
39,MLB,PROP,0,1,1
39,MLB,RUNLINE,0,1,1
39,MLB,PROP,0,1,1
39,MLB,PROP,0,1,1
39,MLB,RUNLINE,0,1,1
39,MLB,PROP,0,1,1
39,MLB,RUNLINE,0,0,1
39,MLB,PROP,0,1,1
39,MLB,PROP,0,1,1
39,MLB,RUNLINE,0,1,1
39,MLB,PROP,0,1,1
39,MLB,PROP,0,1,1
39,MLB,PROP,0,1,1
39,MLB,PROP,0,1,1
39,MLB,PROP,0,1,1
39,MLB,PROP,0,1,1
39,WNBA,PROP,0,0,1
39,WNBA,PROP,0,0,1
39,WNBA,PROP,0,0,1
39,WNBA,PROP,0,1,1
39,WNBA,PROP,0,1,1
39,WNBA,RUNLINE,1,1,1
39,WNBA,PROP,0,1,1
39,WNBA,PROP,0,0,1
39,WNBA,RUNLINE,1,1,1
39,WNBA,PROP,0,0,1
39,WNBA,PROP,0,0,1
39,WNBA,PROP,0,1,1
39,WNBA,PROP,0,1,1
39,WNBA,PROP,0,1,1
39,WNBA,PROP,0,0,1
39,WNBA,PROP,0,1,1
39,WNBA,PROP,0,1,1
39,WNBA,PROP,0,0,1
39,WNBA,PROP,0,1,1
39,WNBA,PROP,0,1,1
39,WNBA,PROP,0,1,1
39,WNBA,PROP,0,1,1
39,WNBA,PROP,0,0,1
39,WNBA,PROP,0,0,1
39,WNBA,PROP,0,1,1
39,WNBA,PROP,0,1,1
39,WNBA,PROP,0,0,1
39,WNBA,PROP,0,1,1
39,WNBA,PROP,0,1,1
39,WNBA,PROP,0,0,1
39,WNBA,PROP,0,1,1
39,WNBA,ML,1,1,0
39,WNBA,PROP,0,1,1
39,WNBA,PROP,0,1,1
39,WNBA,PROP,0,1,1
39,WNBA,PROP,0,0,1
39,MLB,RUNLINE,1,0,1
39,MLB,TOTAL,1,0,1
39,MLB,RUNLINE,1,0,1
40,MLB,PROP,0,1,1
40,MLB,ML,0,1,1
40,MLB,PROP,0,1,1
40,MLB,PROP,1,1,1
40,MLB,ML,0,1,1
40,MLB,TOTAL,1,1,1
40,MLB,TOTAL,1,1,1
40,MLB,PROP,1,0,1
40,MLB,TEAM_TOTAL,0,1,1
40,MLB,RUNLINE,0,1,1
40,MLB,TOTAL,0,1,1
40,MLB,ML,0,1,1
40,MLB,PROP,1,0,1
40,MLB,RUNLINE,0,1,1
40,MLB,TEAM_TOTAL,0,0,1
40,MLB,RUNLINE,0,0,1
40,MLB,RUNLINE,0,1,1
40,MLB,PROP,0,1,1
40,MLB,PROP,0,0,1
40,MLB,PROP,0,1,1
40,MLB,PROP,0,1,1
40,MLB,TEAM_TOTAL,0,1,1
40,MLB,PROP,0,1,1
40,MLB,ML,0,1,1
40,MLB,PROP,0,1,1
40,MLB,PROP,0,0,1
40,MLB,PROP,0,1,1
40,MLB,PROP,0,1,1
40,MLB,PROP,0,1,1
40,MLB,PROP,0,0,1
40,MLB,F5,0,1,1
40,MLB,TEAM_TOTAL,0,1,1
40,MLB,PROP,0,1,1
40,MLB,PROP,0,1,1
40,MLB,PROP,0,1,1
40,MLB,PROP,0,1,1
40,MLB,PROP,0,0,1
40,MLB,PROP,0,1,1
40,MLB,PROP,0,1,1
40,MLB,F5,0,1,1
40,MLB,PROP,0,1,1
40,MLB,PROP,0,1,1
40,MLB,PROP,0,0,1
40,MLB,PROP,0,1,1
40,MLB,PROP,0,1,1
40,MLB,PROP,0,1,1
40,MLB,PROP,0,1,1
40,MLB,PROP,0,1,1
40,MLB,PROP,0,1,1
40,MLB,PROP,0,1,1
40,MLB,PROP,0,1,1
40,MLB,PROP,0,1,1
40,MLB,RUNLINE,0,1,1
40,MLB,RUNLINE,0,1,1
40,MLB,F5,0,1,1
40,MLB,PROP,0,1,1
40,MLB,PROP,0,1,1
40,MLB,PROP,0,1,1
40,MLB,PROP,0,1,1
40,MLB,PROP,0,1,1
40,MLB,PROP,0,1,1
40,MLB,F5,0,1,1
40,MLB,PROP,0,0,1
40,MLB,RUNLINE,0,1,1
40,MLB,PROP,0,1,1
40,MLB,PROP,0,0,1
40,MLB,RUNLINE,0,1,1
40,MLB,PROP,0,0,1
40,MLB,PROP,0,1,1
40,MLB,PROP,0,1,1
40,MLB,PROP,0,1,1
40,MLB,PROP,0,1,1
40,MLB,PROP,0,1,1
40,MLB,F5,0,1,1
40,MLB,PROP,0,1,1
40,MLB,TEAM_TOTAL,0,1,1
40,MLB,PROP,0,1,1
40,MLB,RUNLINE,0,1,1
40,MLB,PROP,0,1,1
40,MLB,F5,0,1,1
40,MLB,PROP,0,1,1
40,MLB,F5,0,1,1
40,MLB,PROP,0,1,1
40,MLB,PROP,0,1,1
40,MLB,TEAM_TOTAL,0,1,1
40,MLB,PROP,0,1,1
40,MLB,PROP,0,1,1
40,MLB,PROP,0,1,1
40,MLB,PROP,0,1,1
40,MLB,PROP,0,1,1
40,MLB,PROP,0,1,1
40,MLB,PROP,0,1,1
40,MLB,PROP,0,1,1
40,MLB,PROP,0,1,1
40,MLB,PROP,0,1,1
40,MLB,RUNLINE,0,1,1
40,WNBA,RUNLINE,1,1,1
40,WNBA,PROP,0,0,1
40,WNBA,PROP,0,1,1
40,WNBA,PROP,0,0,1
40,WNBA,PROP,0,1,1
40,WNBA,PROP,0,0,1
40,WNBA,PROP,0,1,1
40,WNBA,PROP,0,1,1
40,WNBA,PROP,0,1,1
40,WNBA,PROP,0,1,1
40,WNBA,PROP,0,1,1
40,WNBA,PROP,0,1,1
40,WNBA,PROP,0,1,1
40,WNBA,PROP,0,1,1
40,WNBA,PROP,0,1,1
40,WNBA,PROP,0,1,1
40,WNBA,PROP,0,1,1
40,WNBA,PROP,0,1,1
40,WNBA,PROP,0,0,1
40,WNBA,PROP,0,1,1
40,WNBA,PROP,0,0,1
40,WNBA,PROP,0,1,1
40,WNBA,PROP,0,1,1
40,WNBA,PROP,0,1,1
40,WNBA,PROP,0,1,1
40,WNBA,PROP,0,0,1
40,WNBA,PROP,0,1,1
40,WNBA,PROP,0,1,1
40,WNBA,PROP,0,1,1
40,WNBA,PROP,0,0,1
40,WNBA,PROP,0,1,1
40,WNBA,PROP,0,1,1
40,WNBA,PROP,0,1,1
40,WNBA,PROP,0,1,1
40,WNBA,PROP,0,0,1
40,WNBA,PROP,0,1,1
40,WNBA,PROP,0,1,1
40,WNBA,PROP,0,0,1
40,WNBA,PROP,0,1,1
40,WNBA,PROP,0,1,1
40,WNBA,PROP,0,1,1
40,WNBA,PROP,0,0,1
40,WNBA,PROP,0,0,1
40,WNBA,PROP,0,0,1
40,WNBA,PROP,0,1,1
40,WNBA,PROP,0,1,1
40,WNBA,PROP,0,1,1
40,WNBA,PROP,0,1,1
40,WNBA,PROP,0,0,1
40,WNBA,PROP,0,0,1
40,WNBA,PROP,0,1,1
40,WNBA,PROP,0,0,1
40,WNBA,PROP,0,1,1
40,WNBA,PROP,0,1,1
40,WNBA,PROP,0,1,1
40,WNBA,PROP,0,1,1
40,WNBA,PROP,0,1,1
40,WNBA,PROP,0,1,1
40,WNBA,PROP,0,1,1
40,WNBA,PROP,0,1,1
40,WNBA,PROP,0,0,1
40,WNBA,PROP,0,1,1
40,WNBA,PROP,0,1,1
40,WNBA,PROP,0,1,1
40,WNBA,PROP,0,1,1
40,WNBA,PROP,0,1,1
40,WNBA,PROP,0,0,1
40,WNBA,PROP,0,1,1
40,WNBA,PROP,0,1,1
40,WNBA,PROP,0,0,1
40,WNBA,PROP,0,1,1
40,WNBA,PROP,0,1,1
40,WNBA,PROP,0,1,1
40,WNBA,PROP,0,0,1
40,WNBA,PROP,0,1,1
40,WNBA,PROP,0,0,1
40,WNBA,PROP,0,0,1
40,WNBA,PROP,0,1,1
40,WNBA,PROP,0,0,1
40,WNBA,PROP,0,0,1
40,WNBA,PROP,0,1,1
40,WNBA,PROP,0,0,1
40,WNBA,PROP,0,0,1
40,WNBA,PROP,0,1,1
40,WNBA,PROP,0,1,1
40,WNBA,PROP,0,0,1
40,WNBA,PROP,0,1,1
40,WNBA,PROP,0,0,1
40,MLB,PROP,1,1,1
40,MLB,RUNLINE,1,0,1
40,MLB,RUNLINE,1,0,1
40,MLB,PROP,1,1,1
40,MLB,PROP,1,1,1
40,MLB,PROP,1,1,1
41,MLB,PROP,0,1,1
41,MLB,PROP,0,1,1
41,MLB,PROP,0,1,1
41,MLB,PROP,0,1,1
41,MLB,PROP,0,1,1
41,MLB,ML,0,1,1
41,MLB,TOTAL,1,1,1
41,MLB,TOTAL,1,1,1
41,MLB,TEAM_TOTAL,1,0,1
41,MLB,TEAM_TOTAL,1,1,1
41,MLB,TEAM_TOTAL,1,1,1
41,MLB,ML,0,1,1
41,MLB,RUNLINE,0,1,1
41,MLB,ML,0,1,1
41,MLB,TEAM_TOTAL,1,0,1
41,MLB,TEAM_TOTAL,0,1,1
41,MLB,RUNLINE,0,1,1
41,MLB,RUNLINE,0,1,1
41,MLB,ML,0,1,1
41,MLB,RUNLINE,0,1,1
41,MLB,RUNLINE,0,1,1
41,MLB,RUNLINE,0,1,1
41,MLB,TEAM_TOTAL,0,1,1
41,MLB,TOTAL,0,1,1
41,MLB,TEAM_TOTAL,0,1,1
41,MLB,RUNLINE,0,1,1
41,MLB,TOTAL,0,1,1
41,MLB,TOTAL,0,1,1
41,MLB,RUNLINE,0,1,1
41,MLB,ML,0,1,1
41,MLB,ML,0,1,1
41,MLB,RUNLINE,0,1,1
41,MLB,TOTAL,0,1,1
41,MLB,RUNLINE,0,1,1
41,MLB,RUNLINE,0,1,1
41,MLB,TEAM_TOTAL,0,0,1
41,MLB,RUNLINE,0,1,1
41,MLB,F5,0,1,1
41,MLB,F5,0,1,1
41,MLB,RUNLINE,0,1,1
41,MLB,RUNLINE,0,1,1
41,WNBA,PROP,0,1,1
41,WNBA,RUNLINE,1,1,1
41,WNBA,PROP,0,1,1
41,WNBA,PROP,0,1,1
41,WNBA,PROP,0,1,1
41,WNBA,PROP,0,1,1
41,WNBA,PROP,0,0,1
41,WNBA,PROP,0,0,1
41,WNBA,PROP,0,1,1
41,WNBA,PROP,0,1,1
41,WNBA,PROP,0,0,1
41,WNBA,PROP,0,0,1
41,WNBA,PROP,0,1,1
41,WNBA,PROP,0,1,1
41,WNBA,PROP,0,0,1
41,WNBA,PROP,0,0,1
41,WNBA,PROP,0,1,1
41,WNBA,PROP,0,0,1
41,WNBA,PROP,0,1,1
41,WNBA,PROP,0,1,1
41,WNBA,PROP,0,0,1
41,WNBA,PROP,0,0,1
41,WNBA,PROP,0,1,1
41,WNBA,PROP,0,1,1
41,WNBA,PROP,0,1,1
41,WNBA,PROP,0,1,1
41,WNBA,PROP,0,1,1
41,WNBA,PROP,0,1,1
41,WNBA,PROP,0,1,1
41,WNBA,PROP,0,1,1
41,WNBA,PROP,0,0,1
41,WNBA,PROP,0,1,1
41,WNBA,PROP,0,1,1
41,WNBA,PROP,0,1,1
41,WNBA,PROP,0,1,1
41,WNBA,PROP,0,1,1
41,WNBA,PROP,0,0,1
41,WNBA,PROP,0,1,1
41,WNBA,PROP,0,0,1
41,WNBA,PROP,0,1,1
41,WNBA,PROP,0,1,1
41,WNBA,PROP,0,1,1
41,WNBA,PROP,0,1,1
41,WNBA,PROP,0,1,1
41,WNBA,PROP,0,1,1
41,WNBA,PROP,0,1,1
41,WNBA,PROP,0,0,1
41,WNBA,PROP,0,1,1
41,MLB,PROP,1,1,1
41,MLB,PROP,1,1,1
41,MLB,PROP,1,1,1
41,MLB,PROP,1,1,1
41,MLB,PROP,0,1,1
41,MLB,PROP,0,1,1
41,MLB,PROP,1,1,1
41,MLB,PROP,0,1,1
41,MLB,PROP,0,1,1
41,MLB,PROP,1,1,1
41,MLB,PROP,0,1,1
41,MLB,PROP,1,1,1
41,MLB,PROP,1,1,1
41,MLB,PROP,0,1,1
41,MLB,RUNLINE,1,1,1
41,MLB,PROP,1,1,1
41,MLB,PROP,1,1,1
41,MLB,PROP,0,1,1
41,MLB,PROP,0,1,1
41,MLB,RUNLINE,0,1,1
41,MLB,PROP,0,1,1
41,MLB,PROP,0,1,1
41,MLB,PROP,0,1,1
41,MLB,RUNLINE,0,1,1
41,MLB,PROP,0,1,1
41,MLB,RUNLINE,0,1,1
41,MLB,PROP,1,1,1
41,MLB,RUNLINE,0,1,1
41,MLB,PROP,0,1,1
41,MLB,PROP,0,1,1
41,MLB,PROP,0,1,1
41,MLB,RUNLINE,0,1,1
41,MLB,PROP,0,1,1
41,MLB,PROP,0,1,1
41,MLB,PROP,0,1,1
41,MLB,PROP,0,1,1
41,MLB,PROP,0,1,1
41,MLB,PROP,0,1,1
41,MLB,PROP,0,1,1
41,MLB,PROP,0,1,1
41,MLB,PROP,0,1,1
41,MLB,PROP,0,1,1
41,MLB,PROP,0,1,1
41,MLB,PROP,0,1,1
41,MLB,RUNLINE,0,1,1
41,MLB,PROP,0,1,1
41,MLB,RUNLINE,0,1,1
41,MLB,PROP,0,1,1
41,MLB,PROP,0,1,1
41,MLB,PROP,0,1,1
41,MLB,PROP,0,1,1
41,MLB,PROP,0,1,1
41,MLB,PROP,0,1,1
41,MLB,PROP,0,1,1
41,MLB,PROP,0,1,1
41,MLB,PROP,0,1,1
41,MLB,PROP,0,1,1
41,MLB,PROP,0,1,1
41,MLB,RUNLINE,0,1,1
41,MLB,RUNLINE,0,1,1
41,MLB,RUNLINE,0,1,1
41,MLB,PROP,0,1,1
41,MLB,PROP,0,1,1
41,MLB,PROP,0,1,1
41,MLB,PROP,0,1,1
41,MLB,PROP,0,1,1
41,MLB,PROP,0,1,1
41,MLB,PROP,0,1,1
41,MLB,RUNLINE,0,1,1
41,MLB,PROP,0,1,1
41,MLB,RUNLINE,0,1,1
41,MLB,PROP,0,1,1
41,MLB,RUNLINE,0,1,1
41,MLB,PROP,0,1,1
41,MLB,PROP,0,1,1
41,MLB,PROP,0,1,1
41,MLB,PROP,0,1,1
41,MLB,ML,0,1,1
41,MLB,TEAM_TOTAL,0,1,1
41,MLB,PROP,0,1,1
41,MLB,F5,0,1,1
41,MLB,PROP,0,1,1
41,MLB,PROP,0,1,1
41,MLB,PROP,0,1,1
41,MLB,F5,0,1,1
41,MLB,PROP,0,1,1
41,MLB,PROP,0,1,1
41,MLB,PROP,0,1,1
41,MLB,F5,0,1,1
41,MLB,RUNLINE,0,1,1
41,MLB,TEAM_TOTAL,0,0,1
41,MLB,PROP,0,1,1
41,MLB,PROP,0,1,1
41,MLB,PROP,0,1,1
41,MLB,PROP,0,1,1
41,MLB,PROP,0,1,1
41,MLB,PROP,0,1,1
41,MLB,PROP,0,1,1
41,MLB,PROP,0,1,1
41,MLB,RUNLINE,0,1,1
41,MLB,TEAM_TOTAL,0,1,1
41,MLB,PROP,0,1,1
41,MLB,PROP,0,1,1
41,MLB,PROP,0,1,1
41,MLB,PROP,0,1,1
41,MLB,PROP,0,1,1
41,MLB,RUNLINE,0,1,1
41,MLB,PROP,0,1,1
41,MLB,PROP,0,1,1
41,MLB,PROP,0,1,1
41,MLB,PROP,0,1,1
41,MLB,PROP,0,1,1
41,MLB,RUNLINE,0,1,1
41,MLB,TOTAL,0,1,1
41,MLB,PROP,0,1,1
41,MLB,PROP,0,1,1
41,MLB,PROP,0,1,1
41,MLB,PROP,0,1,1
41,MLB,PROP,0,1,1
41,MLB,PROP,0,1,1
41,MLB,PROP,0,1,1
41,MLB,PROP,0,1,1
41,MLB,RUNLINE,0,1,1
41,MLB,PROP,0,1,1
41,MLB,PROP,0,1,1
41,MLB,PROP,0,1,1
41,MLB,PROP,0,1,1
41,MLB,PROP,0,1,1
41,MLB,PROP,0,1,1
41,MLB,PROP,0,1,1
41,MLB,PROP,0,1,1
41,MLB,PROP,0,1,1
41,MLB,PROP,0,1,1
41,MLB,F5,0,1,1
41,MLB,PROP,0,1,1
41,MLB,PROP,0,1,1
41,MLB,PROP,0,1,1
41,MLB,PROP,0,1,1
41,MLB,PROP,0,1,1
41,MLB,PROP,0,1,1
41,MLB,PROP,0,1,1
41,MLB,PROP,0,1,1
41,MLB,PROP,0,1,1
41,MLB,PROP,0,1,1
41,MLB,TEAM_TOTAL,0,1,1
41,MLB,PROP,0,1,1
41,MLB,PROP,0,1,1
41,MLB,PROP,0,1,1
41,MLB,PROP,0,1,1
41,MLB,PROP,0,1,1
41,MLB,PROP,0,1,1
41,MLB,PROP,0,1,1
41,MLB,PROP,0,1,1
41,MLB,PROP,0,1,1
41,MLB,PROP,0,1,1
41,MLB,PROP,0,1,1
41,MLB,PROP,0,1,1
41,MLB,PROP,0,1,1
41,MLB,PROP,0,1,1
41,MLB,PROP,0,1,1
41,MLB,PROP,0,1,1
41,MLB,PROP,0,1,1
41,MLB,PROP,0,1,1
41,MLB,PROP,0,1,1
41,MLB,PROP,0,1,1
41,MLB,PROP,0,1,1
41,MLB,PROP,0,1,1
41,MLB,PROP,0,1,1
41,MLB,PROP,0,1,1
41,MLB,PROP,0,1,1
41,MLB,PROP,0,1,1
41,MLB,PROP,0,1,1
41,MLB,PROP,0,1,1
41,MLB,RUNLINE,0,1,1
41,MLB,PROP,0,1,1
41,MLB,PROP,0,1,1
41,MLB,PROP,0,1,1
41,MLB,PROP,0,1,1
41,MLB,PROP,0,1,1
41,MLB,PROP,0,1,1
41,MLB,PROP,0,1,1
41,MLB,PROP,0,1,1
41,MLB,PROP,0,1,1
41,MLB,PROP,0,1,1
41,MLB,PROP,0,1,1
41,MLB,PROP,0,1,1
41,MLB,PROP,0,1,1
41,MLB,PROP,0,1,1
41,MLB,PROP,0,1,1
41,MLB,PROP,0,1,1
41,MLB,PROP,0,1,1
41,MLB,PROP,0,1,1
41,MLB,RUNLINE,0,1,1
41,MLB,PROP,0,1,1
41,MLB,RUNLINE,0,1,1
41,MLB,PROP,0,1,1
41,MLB,PROP,0,1,1
41,MLB,PROP,0,1,1
41,MLB,PROP,0,1,1
41,MLB,PROP,0,1,1
41,MLB,PROP,0,1,1
41,MLB,PROP,0,1,1
41,MLB,PROP,0,0,1
41,MLB,PROP,0,1,1
41,MLB,PROP,0,1,1
41,MLB,PROP,0,1,1
41,MLB,PROP,0,1,1
41,MLB,PROP,0,1,1
41,MLB,PROP,0,1,1
41,MLB,PROP,0,1,1
41,MLB,PROP,0,1,1
41,MLB,PROP,0,1,1
41,MLB,PROP,0,1,1
41,MLB,PROP,0,1,1
41,MLB,PROP,0,1,1
41,MLB,PROP,0,1,1
41,MLB,PROP,0,1,1
41,MLB,PROP,0,1,1
41,MLB,PROP,0,1,1
41,MLB,PROP,0,1,1
41,MLB,PROP,0,1,1
41,MLB,PROP,0,1,1
41,MLB,PROP,0,1,1
41,MLB,PROP,0,1,1
41,MLB,PROP,0,1,1
41,MLB,PROP,0,1,1
41,MLB,PROP,0,1,1
41,MLB,PROP,0,1,1
41,MLB,PROP,0,1,1
41,MLB,PROP,0,1,1
41,MLB,PROP,0,1,1
41,MLB,PROP,0,1,1
41,MLB,PROP,0,1,1
41,MLB,PROP,0,1,1
41,MLB,PROP,0,1,1
41,MLB,PROP,0,1,1
41,MLB,PROP,0,1,1
41,MLB,PROP,0,1,1
41,MLB,PROP,0,1,1
41,MLB,PROP,0,1,1
41,MLB,PROP,0,1,1
41,MLB,PROP,0,1,1
41,MLB,PROP,0,1,1
41,MLB,PROP,0,1,1
41,MLB,PROP,0,1,1
41,MLB,PROP,0,1,1
41,MLB,PROP,0,1,1
41,MLB,PROP,0,1,1
41,MLB,PROP,0,1,1
41,MLB,PROP,0,1,1
41,MLB,PROP,0,1,1
41,MLB,PROP,0,1,1
41,MLB,PROP,0,1,1
41,MLB,PROP,0,1,1
41,MLB,PROP,0,1,1
41,MLB,PROP,0,1,1
41,MLB,PROP,0,1,1
41,MLB,PROP,0,1,1
41,WNBA,PROP,0,1,1
41,WNBA,PROP,0,1,1
41,WNBA,PROP,0,1,1
41,WNBA,PROP,0,1,1
41,WNBA,RUNLINE,1,1,1
41,WNBA,PROP,0,1,1
41,WNBA,PROP,0,1,1
41,WNBA,PROP,0,1,1
41,WNBA,PROP,0,1,1
41,WNBA,PROP,0,1,1
41,WNBA,PROP,0,1,1
41,WNBA,PROP,0,1,1
41,WNBA,PROP,0,1,1
41,WNBA,PROP,0,1,1
41,WNBA,PROP,0,1,1
41,WNBA,PROP,0,1,1
41,WNBA,PROP,0,1,1
41,WNBA,PROP,0,1,1
41,WNBA,PROP,0,0,1
41,WNBA,PROP,0,1,1
41,WNBA,PROP,0,1,1
41,WNBA,PROP,0,1,1
41,WNBA,PROP,0,1,1
41,WNBA,PROP,0,1,1
41,WNBA,PROP,0,1,1
41,WNBA,PROP,0,1,1
41,WNBA,PROP,0,0,1
41,WNBA,PROP,0,1,1
41,WNBA,PROP,0,1,1
41,WNBA,PROP,0,0,1
41,WNBA,PROP,0,1,1
41,WNBA,PROP,0,1,1
41,WNBA,PROP,0,1,1
41,WNBA,PROP,0,1,1
41,MLB,RUNLINE,1,0,1
41,MLB,TOTAL,1,0,1
41,MLB,RUNLINE,1,0,1
42,MLB,PROP,0,1,1
42,MLB,PROP,0,1,1
42,MLB,ML,0,1,1
42,MLB,PROP,0,0,1
42,MLB,ML,0,1,1
42,MLB,PROP,0,1,1
42,MLB,PROP,1,1,1
42,MLB,PROP,0,1,1
42,MLB,TOTAL,0,1,1
42,MLB,PROP,1,0,1
42,MLB,TEAM_TOTAL,0,0,1
42,MLB,PROP,1,0,1
42,MLB,PROP,0,1,1
42,MLB,PROP,0,1,1
42,MLB,PROP,0,1,1
42,MLB,TOTAL,0,1,1
42,MLB,PROP,0,1,1
42,MLB,PROP,0,1,1
42,MLB,RUNLINE,0,1,1
42,MLB,TEAM_TOTAL,0,1,1
42,MLB,TOTAL,0,1,1
42,MLB,TOTAL,0,1,1
42,MLB,TOTAL,0,1,1
42,MLB,PROP,0,1,1
42,MLB,TEAM_TOTAL,0,1,1
42,MLB,TEAM_TOTAL,0,0,1
42,MLB,TEAM_TOTAL,0,1,1
42,MLB,TOTAL,0,1,1
42,MLB,PROP,0,1,1
42,MLB,PROP,0,1,1
42,MLB,PROP,0,1,1
42,MLB,PROP,0,1,1
42,MLB,PROP,0,1,1
42,MLB,TEAM_TOTAL,0,0,1
42,MLB,PROP,0,0,1
42,MLB,F5,0,1,1
42,MLB,PROP,0,1,1
42,MLB,PROP,0,1,1
42,MLB,PROP,0,0,1
42,MLB,PROP,0,0,1
42,MLB,PROP,0,0,1
42,MLB,PROP,0,1,1
42,MLB,RUNLINE,0,1,1
42,MLB,TOTAL,0,1,1
42,MLB,TEAM_TOTAL,0,0,1
42,MLB,PROP,0,1,1
42,MLB,PROP,0,0,1
42,MLB,PROP,0,0,1
42,MLB,PROP,0,0,1
42,MLB,ML,0,1,1
42,MLB,PROP,0,1,1
42,MLB,PROP,0,1,1
42,MLB,PROP,0,0,1
42,MLB,TEAM_TOTAL,0,1,1
42,MLB,PROP,0,1,1
42,MLB,PROP,0,1,1
42,MLB,PROP,0,1,1
42,MLB,PROP,0,1,1
42,MLB,PROP,0,0,1
42,MLB,PROP,0,0,1
42,MLB,RUNLINE,0,1,1
42,MLB,PROP,0,1,1
42,MLB,PROP,0,1,1
42,MLB,RUNLINE,0,1,1
42,MLB,PROP,0,1,1
42,MLB,PROP,0,1,1
42,MLB,PROP,0,1,1
42,MLB,PROP,0,1,1
42,MLB,PROP,0,1,1
42,MLB,PROP,0,1,1
42,MLB,TEAM_TOTAL,0,1,1
42,MLB,PROP,0,1,1
42,MLB,PROP,0,1,1
42,MLB,PROP,0,1,1
42,MLB,PROP,0,0,1
42,MLB,TOTAL,0,1,1
42,MLB,PROP,0,0,1
42,MLB,ML,0,1,1
42,MLB,PROP,0,0,1
42,MLB,PROP,0,1,1
42,MLB,PROP,0,0,1
42,MLB,PROP,0,1,1
42,MLB,PROP,0,1,1
42,MLB,PROP,0,0,1
42,MLB,PROP,0,1,1
42,MLB,PROP,0,1,1
42,MLB,PROP,0,0,1
42,MLB,PROP,0,1,1
42,MLB,PROP,0,0,1
42,MLB,RUNLINE,0,1,1
42,MLB,PROP,0,1,1
42,MLB,PROP,0,1,1
42,MLB,PROP,0,1,1
42,MLB,PROP,0,1,1
42,MLB,RUNLINE,0,1,1
42,MLB,F5,0,1,1
42,MLB,PROP,0,1,1
42,MLB,PROP,0,1,1
42,MLB,PROP,0,1,1
42,MLB,PROP,0,1,1
42,MLB,PROP,0,0,1
42,MLB,PROP,0,0,1
42,MLB,PROP,0,0,1
42,MLB,TOTAL,0,1,1
42,MLB,PROP,0,1,1
42,MLB,PROP,0,1,1
42,MLB,PROP,0,0,1
42,MLB,PROP,0,0,1
42,MLB,TEAM_TOTAL,0,1,1
42,MLB,F5,0,1,1
42,MLB,TEAM_TOTAL,0,1,1
42,MLB,PROP,0,1,1
42,MLB,PROP,0,0,1
42,MLB,PROP,0,1,1
42,MLB,PROP,0,1,1
42,MLB,PROP,0,1,1
42,MLB,PROP,0,1,1
42,MLB,F5,0,1,1
42,MLB,PROP,0,1,1
42,MLB,PROP,0,1,1
42,MLB,PROP,0,1,1
42,MLB,PROP,0,1,1
42,MLB,PROP,0,1,1
42,MLB,PROP,0,1,1
42,MLB,PROP,0,1,1
42,MLB,PROP,0,1,1
42,MLB,PROP,0,1,1
42,MLB,PROP,0,1,1
42,MLB,PROP,0,0,1
42,MLB,PROP,0,0,1
42,MLB,PROP,0,0,1
42,MLB,PROP,0,1,1
42,MLB,PROP,0,1,1
42,MLB,TEAM_TOTAL,0,1,1
42,MLB,PROP,0,1,1
42,MLB,PROP,0,1,1
42,MLB,PROP,0,1,1
42,MLB,PROP,0,1,1
42,MLB,PROP,0,1,1
42,MLB,PROP,0,1,1
42,MLB,PROP,0,1,1
42,MLB,RUNLINE,0,1,1
42,MLB,PROP,0,1,1
42,MLB,PROP,0,0,1
42,MLB,PROP,0,1,1
42,MLB,RUNLINE,0,1,1
42,MLB,RUNLINE,0,1,1
42,MLB,PROP,0,1,1
42,MLB,PROP,0,1,1
42,MLB,PROP,0,1,1
42,MLB,PROP,0,1,1
42,MLB,PROP,0,1,1
42,MLB,PROP,0,1,1
42,MLB,PROP,0,1,1
42,MLB,PROP,0,1,1
42,MLB,PROP,0,1,1
42,MLB,PROP,0,1,1
42,MLB,PROP,0,0,1
42,MLB,PROP,0,1,1
42,MLB,PROP,0,1,1
42,MLB,PROP,0,1,1
42,MLB,PROP,0,1,1
42,MLB,PROP,0,1,1
42,MLB,PROP,0,0,1
42,MLB,PROP,0,0,1
42,MLB,PROP,0,1,1
42,MLB,PROP,0,1,1
42,MLB,PROP,0,1,1
42,MLB,PROP,0,1,1
42,MLB,PROP,0,1,1
42,MLB,PROP,0,1,1
42,MLB,PROP,0,1,1
42,WNBA,PROP,0,1,1
42,WNBA,PROP,0,0,1
42,WNBA,RUNLINE,0,1,1
42,WNBA,PROP,0,1,1
42,WNBA,PROP,0,0,1
42,WNBA,PROP,0,0,1
42,WNBA,PROP,0,0,1
42,WNBA,PROP,0,0,1
42,WNBA,PROP,0,1,1
42,WNBA,PROP,0,1,1
42,WNBA,PROP,0,0,1
42,WNBA,PROP,0,1,1
42,WNBA,PROP,0,0,1
42,WNBA,PROP,0,1,1
42,WNBA,PROP,0,0,1
42,WNBA,PROP,0,0,1
42,WNBA,PROP,0,0,1
42,WNBA,PROP,0,1,1
42,WNBA,PROP,0,0,1
42,WNBA,PROP,0,1,1
42,WNBA,PROP,0,1,1
42,WNBA,PROP,0,1,1
42,WNBA,PROP,0,0,1
42,WNBA,PROP,0,1,1
42,WNBA,PROP,0,1,1
42,WNBA,PROP,0,1,1
42,WNBA,PROP,0,1,1
42,WNBA,PROP,0,1,1
42,WNBA,PROP,0,1,1
42,WNBA,PROP,0,1,1
42,WNBA,PROP,0,1,1
42,WNBA,PROP,0,1,1
42,WNBA,ML,0,1,0
42,WNBA,PROP,0,1,1
42,WNBA,PROP,0,1,1
42,WNBA,PROP,0,1,1
42,WNBA,PROP,0,0,1
42,WNBA,PROP,0,1,1
42,WNBA,PROP,0,1,1
42,WNBA,PROP,0,1,1
42,WNBA,PROP,0,1,1
42,WNBA,PROP,0,1,1
42,WNBA,PROP,0,0,1
42,WNBA,PROP,0,1,1
42,WNBA,PROP,0,1,1
42,WNBA,PROP,0,1,1
42,WNBA,PROP,0,1,1
42,WNBA,PROP,0,1,1
42,WNBA,PROP,0,1,1
42,WNBA,PROP,0,1,1
42,WNBA,PROP,0,1,1
42,WNBA,PROP,0,1,1
42,WNBA,PROP,0,0,1
42,WNBA,PROP,0,1,1
42,WNBA,PROP,0,1,1
42,WNBA,PROP,0,1,1
42,WNBA,PROP,0,1,1
42,WNBA,PROP,0,0,1
42,WNBA,PROP,0,0,1
42,WNBA,PROP,0,1,1
42,WNBA,PROP,0,1,1
42,WNBA,PROP,0,1,1
42,WNBA,PROP,0,1,1
42,WNBA,PROP,0,1,1
42,WNBA,PROP,0,1,1
42,MLB,PROP,1,1,1
42,MLB,PROP,1,1,1
42,MLB,PROP,1,1,1
42,SOCCER,ML,0,0,0
43,MLB,PROP,0,1,1
43,MLB,PROP,0,1,1
43,MLB,PROP,0,1,1
43,MLB,ML,0,1,1
43,MLB,PROP,0,1,1
43,MLB,PROP,0,1,1
43,MLB,TOTAL,0,1,1
43,MLB,TOTAL,0,1,1
43,MLB,PROP,0,1,1
43,MLB,PROP,0,1,1
43,MLB,PROP,1,0,1
43,MLB,PROP,0,1,1
43,MLB,PROP,0,0,1
43,MLB,PROP,0,1,1
43,MLB,RUNLINE,0,1,1
43,MLB,ML,0,1,1
43,MLB,TOTAL,0,1,1
43,MLB,TOTAL,0,1,1
43,MLB,ML,0,1,1
43,MLB,PROP,0,1,1
43,MLB,PROP,0,1,1
43,MLB,TOTAL,0,1,1
43,MLB,PROP,0,1,1
43,MLB,ML,0,1,1
43,MLB,PROP,0,0,1
43,MLB,TEAM_TOTAL,0,1,1
43,MLB,TEAM_TOTAL,0,1,1
43,MLB,PROP,0,0,1
43,MLB,PROP,0,0,1
43,MLB,PROP,0,0,1
43,MLB,PROP,0,1,1
43,MLB,PROP,0,1,1
43,MLB,ML,0,1,1
43,MLB,PROP,0,1,1
43,MLB,RUNLINE,0,1,1
43,MLB,TEAM_TOTAL,0,0,1
43,MLB,TOTAL,0,1,1
43,MLB,PROP,0,0,1
43,MLB,F5,0,1,1
43,MLB,PROP,0,0,1
43,MLB,PROP,0,1,1
43,MLB,PROP,0,1,1
43,MLB,TEAM_TOTAL,0,1,1
43,MLB,PROP,0,1,1
43,MLB,PROP,0,1,1
43,MLB,TOTAL,0,1,1
43,MLB,PROP,0,1,1
43,MLB,PROP,0,1,1
43,MLB,PROP,0,1,1
43,MLB,PROP,0,1,1
43,MLB,PROP,0,1,1
43,MLB,TOTAL,0,1,1
43,MLB,PROP,0,1,1
43,MLB,F5,0,1,1
43,MLB,TEAM_TOTAL,0,1,1
43,MLB,PROP,0,1,1
43,MLB,RUNLINE,0,1,1
43,MLB,F5,0,1,1
43,MLB,PROP,0,1,1
43,MLB,PROP,0,1,1
43,MLB,PROP,0,0,1
43,MLB,PROP,0,1,1
43,MLB,TEAM_TOTAL,0,1,1
43,MLB,PROP,0,0,1
43,MLB,PROP,0,1,1
43,MLB,RUNLINE,0,1,1
43,MLB,PROP,0,1,1
43,MLB,PROP,0,0,1
43,MLB,PROP,0,1,1
43,MLB,PROP,0,0,1
43,MLB,RUNLINE,0,1,1
43,MLB,PROP,0,0,1
43,MLB,TEAM_TOTAL,0,1,1
43,MLB,F5,0,1,1
43,MLB,TOTAL,0,1,1
43,MLB,PROP,0,1,1
43,MLB,PROP,0,1,1
43,MLB,PROP,0,0,1
43,MLB,PROP,0,1,1
43,MLB,PROP,0,1,1
43,MLB,PROP,0,0,1
43,MLB,RUNLINE,0,1,1
43,MLB,TEAM_TOTAL,0,0,1
43,MLB,TEAM_TOTAL,0,1,1
43,MLB,RUNLINE,0,0,1
43,MLB,TOTAL,0,1,1
43,MLB,RUNLINE,0,0,1
43,MLB,PROP,0,1,1
43,MLB,PROP,0,1,1
43,MLB,PROP,0,1,1
43,MLB,TEAM_TOTAL,0,0,1
43,MLB,PROP,0,1,1
43,MLB,PROP,0,1,1
43,MLB,PROP,0,1,1
43,MLB,PROP,0,1,1
43,MLB,PROP,0,1,1
43,MLB,PROP,0,1,1
43,MLB,PROP,0,1,1
43,MLB,PROP,0,1,1
43,MLB,PROP,0,1,1
43,MLB,TOTAL,0,1,1
43,MLB,PROP,0,1,1
43,MLB,PROP,0,1,1
43,MLB,PROP,0,1,1
43,MLB,PROP,0,1,1
43,MLB,PROP,0,1,1
43,MLB,PROP,0,1,1
43,MLB,RUNLINE,0,1,1
43,MLB,PROP,0,1,1
43,MLB,RUNLINE,0,1,1
43,MLB,PROP,0,1,1
43,MLB,PROP,0,0,1
43,MLB,PROP,0,0,1
43,MLB,RUNLINE,0,1,1
43,MLB,PROP,0,1,1
43,MLB,PROP,0,1,1
43,MLB,F5,0,1,1
43,MLB,PROP,0,1,1
43,MLB,PROP,0,1,1
43,MLB,PROP,0,1,1
43,MLB,PROP,0,1,1
43,MLB,PROP,0,1,1
43,MLB,PROP,0,1,1
43,MLB,PROP,0,1,1
43,MLB,PROP,0,1,1
43,MLB,PROP,0,1,1
43,MLB,PROP,0,0,1
43,MLB,F5,0,1,1
43,MLB,RUNLINE,0,1,1
43,MLB,PROP,0,1,1
43,MLB,PROP,0,1,1
43,MLB,PROP,0,0,1
43,MLB,PROP,0,1,1
43,MLB,PROP,0,1,1
43,MLB,PROP,0,1,1
43,MLB,PROP,0,1,1
43,MLB,PROP,0,1,1
43,MLB,PROP,0,1,1
43,MLB,PROP,0,1,1
43,MLB,PROP,0,1,1
43,MLB,PROP,0,1,1
43,MLB,PROP,0,0,1
43,MLB,RUNLINE,0,1,1
43,MLB,PROP,0,1,1
43,MLB,PROP,0,1,1
43,MLB,PROP,0,1,1
43,MLB,RUNLINE,0,1,1
43,MLB,PROP,0,1,1
43,MLB,PROP,0,1,1
43,MLB,PROP,0,0,1
43,MLB,PROP,0,1,1
43,MLB,PROP,0,1,1
43,MLB,PROP,0,1,1
43,MLB,PROP,0,0,1
43,MLB,TEAM_TOTAL,0,1,1
43,MLB,PROP,0,1,1
43,MLB,RUNLINE,0,1,1
43,MLB,PROP,0,1,1
43,MLB,PROP,0,1,1
43,MLB,TEAM_TOTAL,0,1,1
43,MLB,PROP,0,1,1
43,MLB,PROP,0,1,1
43,MLB,PROP,0,1,1
43,MLB,PROP,0,1,1
43,MLB,RUNLINE,0,1,1
43,MLB,PROP,0,1,1
43,MLB,PROP,0,1,1
43,MLB,PROP,0,0,1
43,MLB,PROP,0,0,1
43,MLB,PROP,0,1,1
43,MLB,PROP,0,0,1
43,MLB,PROP,0,1,1
43,MLB,PROP,0,1,1
43,MLB,PROP,0,0,1
43,MLB,PROP,0,0,1
43,MLB,PROP,0,1,1
43,MLB,PROP,0,1,1
43,MLB,PROP,0,1,1
43,MLB,PROP,0,1,1
43,MLB,PROP,0,1,1
43,MLB,PROP,0,1,1
43,MLB,PROP,0,1,1
43,MLB,PROP,0,1,1
43,MLB,PROP,0,1,1
43,MLB,PROP,0,1,1
43,MLB,PROP,0,0,1
43,MLB,PROP,0,1,1
43,MLB,PROP,0,0,1
43,MLB,RUNLINE,0,1,1
43,MLB,PROP,0,1,1
43,MLB,PROP,0,1,1
43,MLB,PROP,0,1,1
43,MLB,PROP,0,1,1
43,MLB,PROP,0,1,1
43,MLB,PROP,0,1,1
43,WNBA,PROP,0,1,1
43,WNBA,RUNLINE,0,1,1
43,WNBA,PROP,0,0,1
43,WNBA,PROP,0,1,1
43,WNBA,PROP,0,1,1
43,WNBA,PROP,0,0,1
43,WNBA,PROP,0,0,1
43,WNBA,PROP,0,1,1
43,WNBA,PROP,0,1,1
43,WNBA,PROP,0,1,1
43,WNBA,PROP,0,1,1
43,WNBA,PROP,0,1,1
43,WNBA,PROP,0,0,1
43,WNBA,PROP,0,1,1
43,WNBA,PROP,0,0,1
43,WNBA,PROP,0,1,1
43,WNBA,PROP,0,1,1
43,WNBA,PROP,0,1,1
43,WNBA,PROP,0,1,1
43,WNBA,PROP,0,1,1
43,WNBA,PROP,0,1,1
43,WNBA,PROP,0,0,1
43,WNBA,PROP,0,1,1
43,WNBA,PROP,0,1,1
43,WNBA,PROP,0,1,1
43,WNBA,PROP,0,1,1
43,WNBA,PROP,0,1,1
43,WNBA,PROP,0,0,1
43,WNBA,PROP,0,0,1
43,WNBA,PROP,0,0,1
43,WNBA,PROP,0,1,1
43,WNBA,PROP,0,1,1
43,WNBA,PROP,0,1,1
43,WNBA,PROP,0,1,1
43,WNBA,PROP,0,1,1
43,WNBA,PROP,0,0,1
43,WNBA,PROP,0,0,1
43,WNBA,PROP,0,1,1
43,WNBA,PROP,0,1,1
43,WNBA,PROP,0,1,1
43,WNBA,PROP,0,1,1
43,WNBA,PROP,0,1,1
43,WNBA,PROP,0,0,1
43,WNBA,PROP,0,0,1
43,WNBA,PROP,0,1,1
43,WNBA,PROP,0,1,1
43,WNBA,PROP,0,1,1
43,WNBA,PROP,0,1,1
43,WNBA,ML,0,1,0
43,WNBA,PROP,0,1,1
43,WNBA,PROP,0,1,1
43,WNBA,PROP,0,1,1
43,WNBA,PROP,0,0,1
43,WNBA,PROP,0,0,1
43,WNBA,PROP,0,1,1
43,WNBA,PROP,0,0,1
43,WNBA,PROP,0,0,1
43,WNBA,PROP,0,1,1
43,WNBA,PROP,0,1,1
43,WNBA,PROP,0,1,1
43,WNBA,PROP,0,1,1
43,WNBA,PROP,0,1,1
43,WNBA,PROP,0,1,1
43,WNBA,PROP,0,0,1
43,WNBA,PROP,0,1,1
43,WNBA,PROP,0,1,1
43,WNBA,PROP,0,1,1
43,WNBA,PROP,0,1,1
43,WNBA,PROP,0,0,1
43,WNBA,PROP,0,1,1
43,WNBA,PROP,0,1,1
43,WNBA,PROP,0,1,1
43,WNBA,PROP,0,1,1
43,WNBA,PROP,0,1,1
43,WNBA,PROP,0,0,1
43,WNBA,PROP,0,0,1
43,WNBA,PROP,0,1,1
43,WNBA,PROP,0,1,1
43,WNBA,PROP,0,1,1
43,WNBA,PROP,0,1,1
43,WNBA,PROP,0,1,1
43,WNBA,PROP,0,0,1
43,WNBA,PROP,0,1,1
43,WNBA,PROP,0,1,1
43,WNBA,PROP,0,1,1
43,MLB,PROP,1,1,1
43,MLB,TEAM_TOTAL,0,0,1
43,MLB,RUNLINE,0,0,1
43,MLB,PROP,1,1,1
44,MLB,PROP,0,1,1
44,MLB,PROP,0,1,1
44,MLB,PROP,0,1,1
44,MLB,TOTAL,0,1,1
44,MLB,TOTAL,0,1,1
44,MLB,RUNLINE,0,1,1
44,MLB,TOTAL,0,1,1
44,MLB,RUNLINE,0,1,1
44,MLB,TEAM_TOTAL,0,0,1
44,MLB,TEAM_TOTAL,0,1,1
44,MLB,RUNLINE,0,0,1
44,MLB,TEAM_TOTAL,0,1,1
44,MLB,TOTAL,0,1,1
44,MLB,F5,0,1,1
44,MLB,TEAM_TOTAL,0,1,1
44,MLB,RUNLINE,0,1,1
44,MLB,TOTAL,0,1,1
44,MLB,RUNLINE,0,1,1
44,MLB,ML,0,1,1
44,MLB,RUNLINE,0,1,1
44,MLB,RUNLINE,0,1,1
44,MLB,ML,0,1,1
44,MLB,F5,0,1,1
44,MLB,ML,0,1,1
44,MLB,ML,0,1,1
44,MLB,F5,0,1,1
44,MLB,ML,0,1,1
44,MLB,TEAM_TOTAL,0,1,1
44,MLB,F5,0,1,1
44,MLB,TEAM_TOTAL,0,1,1
44,MLB,F5,0,1,1
44,MLB,F5,0,1,1
44,MLB,RUNLINE,0,1,1
44,MLB,TEAM_TOTAL,0,1,1
44,MLB,RUNLINE,0,1,1
44,MLB,RUNLINE,0,1,1
44,MLB,RUNLINE,0,1,1
44,WNBA,PROP,0,0,1
44,WNBA,RUNLINE,0,1,1
44,WNBA,PROP,0,1,1
44,WNBA,PROP,0,1,1
44,WNBA,PROP,0,1,1
44,WNBA,PROP,0,0,1
44,WNBA,PROP,0,0,1
44,WNBA,PROP,0,1,1
44,WNBA,PROP,0,1,1
44,WNBA,PROP,0,1,1
44,WNBA,PROP,0,1,1
44,WNBA,PROP,0,0,1
44,WNBA,PROP,0,1,1
44,WNBA,PROP,0,1,1
44,WNBA,PROP,0,1,1
44,WNBA,PROP,0,0,1
44,WNBA,PROP,0,0,1
44,WNBA,PROP,0,0,1
44,WNBA,PROP,0,1,1
44,WNBA,PROP,0,1,1
44,WNBA,PROP,0,0,1
44,WNBA,PROP,0,1,1
44,WNBA,PROP,0,0,1
44,WNBA,PROP,0,0,1
44,WNBA,PROP,0,0,1
44,WNBA,PROP,0,0,1
44,WNBA,PROP,0,1,1
44,WNBA,PROP,0,1,1
44,WNBA,PROP,0,1,1
44,WNBA,PROP,0,1,1
44,WNBA,PROP,0,1,1
44,WNBA,PROP,0,1,1
44,WNBA,PROP,0,0,1
44,WNBA,PROP,0,0,1
44,WNBA,PROP,0,0,1
44,WNBA,PROP,0,1,1
44,WNBA,PROP,0,1,1
44,WNBA,PROP,0,0,1
44,WNBA,PROP,0,0,1
44,WNBA,PROP,0,1,1
44,WNBA,PROP,0,1,1
44,WNBA,PROP,0,1,1
44,WNBA,RUNLINE,0,1,1
44,WNBA,PROP,0,1,1
44,WNBA,PROP,0,1,1
44,WNBA,PROP,0,0,1
44,WNBA,ML,0,1,0
44,WNBA,PROP,0,0,1
44,WNBA,PROP,0,1,1
44,WNBA,PROP,0,1,1
44,WNBA,PROP,0,1,1
44,WNBA,PROP,0,1,1
44,WNBA,PROP,0,1,1
44,WNBA,PROP,0,0,1
44,WNBA,PROP,0,1,1
44,WNBA,PROP,0,1,1
44,WNBA,PROP,0,1,1
44,WNBA,PROP,0,1,1
44,WNBA,PROP,0,0,1
44,WNBA,PROP,0,1,1
44,WNBA,PROP,0,0,1
44,WNBA,PROP,0,0,1
44,WNBA,PROP,0,0,0
44,WNBA,PROP,0,1,1
44,WNBA,PROP,0,1,1
44,MLB,PROP,1,1,1
44,MLB,PROP,0,1,1
44,MLB,PROP,0,1,1
44,MLB,PROP,0,1,1
44,MLB,PROP,0,1,1
44,MLB,PROP,0,1,1
44,MLB,PROP,0,1,1
44,MLB,PROP,1,1,1
44,MLB,PROP,0,1,1
44,MLB,PROP,0,1,1
44,MLB,PROP,0,1,1
44,MLB,PROP,1,1,1
44,MLB,PROP,1,1,1
44,MLB,RUNLINE,0,1,1
44,MLB,RUNLINE,0,1,1
44,MLB,PROP,0,1,1
44,MLB,PROP,0,1,1
44,MLB,PROP,0,1,1
44,MLB,PROP,0,1,1
44,MLB,PROP,0,1,1
44,MLB,PROP,0,1,1
44,MLB,PROP,0,1,1
44,MLB,PROP,0,1,1
44,MLB,PROP,0,1,1
44,MLB,PROP,0,1,1
44,MLB,PROP,0,1,1
44,MLB,PROP,0,1,1
44,MLB,PROP,0,1,1
44,MLB,RUNLINE,0,1,1
44,MLB,PROP,0,0,1
44,MLB,PROP,0,1,1
44,MLB,PROP,0,1,1
44,MLB,PROP,0,1,1
44,MLB,PROP,0,1,1
44,MLB,PROP,0,1,1
44,MLB,PROP,0,1,1
44,MLB,PROP,0,1,1
44,MLB,PROP,0,1,1
44,MLB,PROP,0,1,1
44,MLB,PROP,0,1,1
44,MLB,PROP,0,1,1
44,MLB,PROP,0,1,1
44,MLB,PROP,0,1,1
44,MLB,PROP,0,1,1
44,MLB,PROP,0,1,1
44,MLB,PROP,0,1,1
44,MLB,PROP,0,1,1
44,MLB,PROP,0,1,1
44,MLB,RUNLINE,0,1,1
44,MLB,PROP,0,1,1
44,MLB,PROP,0,1,1
44,MLB,PROP,0,1,1
44,MLB,PROP,0,1,1
44,MLB,RUNLINE,0,1,1
44,MLB,PROP,0,1,1
44,MLB,PROP,0,0,1
44,MLB,PROP,0,1,1
44,MLB,PROP,0,1,1
44,MLB,PROP,0,1,1
44,MLB,PROP,0,1,1
44,MLB,PROP,0,1,1
44,MLB,PROP,0,1,1
44,MLB,PROP,0,1,1
44,MLB,PROP,0,1,1
44,MLB,PROP,0,1,1
44,MLB,PROP,0,1,1
44,MLB,PROP,0,1,1
44,MLB,PROP,0,1,1
44,MLB,RUNLINE,0,1,1
44,MLB,PROP,0,1,1
44,MLB,PROP,0,1,1
44,MLB,PROP,0,1,1
44,MLB,TEAM_TOTAL,0,1,1
44,MLB,RUNLINE,0,1,1
44,MLB,PROP,0,1,1
44,MLB,PROP,0,1,1
44,MLB,PROP,0,1,1
44,MLB,PROP,0,1,1
44,MLB,PROP,0,1,1
44,MLB,PROP,0,1,1
44,MLB,PROP,0,1,1
44,MLB,PROP,0,1,1
44,MLB,PROP,0,1,1
44,MLB,PROP,0,1,1
44,MLB,RUNLINE,0,1,1
44,MLB,PROP,0,1,1
44,MLB,PROP,0,1,1
44,MLB,PROP,0,1,1
44,MLB,PROP,0,1,1
44,MLB,PROP,0,1,1
44,MLB,PROP,0,1,1
44,MLB,PROP,0,1,1
44,MLB,PROP,0,1,1
44,MLB,PROP,0,1,1
44,MLB,PROP,0,1,1
44,MLB,PROP,0,1,1
44,MLB,PROP,0,1,1
44,MLB,PROP,0,1,1
44,MLB,PROP,0,1,1
44,MLB,PROP,0,1,1
44,MLB,PROP,0,1,1
44,MLB,PROP,0,1,1
44,MLB,PROP,0,1,1
44,MLB,PROP,0,1,1
44,MLB,PROP,0,1,1
44,MLB,PROP,0,1,1
44,MLB,RUNLINE,0,1,1
44,MLB,PROP,0,1,1
44,MLB,PROP,0,1,1
44,MLB,PROP,0,1,1
44,MLB,RUNLINE,0,1,1
44,MLB,PROP,0,1,1
44,MLB,PROP,0,1,1
44,MLB,PROP,0,1,1
44,MLB,PROP,0,1,1
44,MLB,PROP,0,1,1
44,MLB,PROP,0,1,1
44,MLB,PROP,0,1,1
44,MLB,PROP,0,1,1
44,MLB,PROP,0,1,1
44,MLB,PROP,0,1,1
44,MLB,PROP,0,1,1
44,MLB,PROP,0,1,1
44,MLB,PROP,0,1,1
44,MLB,PROP,0,1,1
44,MLB,PROP,0,1,1
44,MLB,PROP,0,1,1
44,MLB,PROP,0,1,1
44,MLB,PROP,0,1,1
44,MLB,PROP,0,1,1
44,MLB,PROP,0,1,1
44,MLB,PROP,0,1,1
44,MLB,PROP,0,1,1
44,MLB,PROP,0,1,1
44,MLB,PROP,0,1,1
44,MLB,PROP,0,1,1
44,MLB,PROP,0,1,1
44,MLB,PROP,0,1,1
44,MLB,PROP,0,1,1
44,MLB,PROP,0,1,1
44,WNBA,PROP,0,0,1
44,WNBA,PROP,0,0,1
44,WNBA,PROP,0,1,1
44,WNBA,PROP,0,1,1
44,WNBA,PROP,0,1,1
44,WNBA,PROP,0,0,1
44,WNBA,PROP,0,1,1
44,WNBA,PROP,0,1,1
44,WNBA,PROP,0,1,1
44,WNBA,PROP,0,1,1
44,WNBA,PROP,0,1,1
44,WNBA,PROP,0,0,1
44,WNBA,PROP,0,1,1
44,WNBA,PROP,0,1,1
44,WNBA,PROP,0,1,1
44,WNBA,PROP,0,1,1
44,WNBA,PROP,0,0,1
44,WNBA,PROP,0,1,1
44,WNBA,PROP,0,1,1
44,WNBA,PROP,0,1,1
44,WNBA,PROP,0,1,1
44,WNBA,PROP,0,1,1
44,WNBA,PROP,0,1,1
44,WNBA,PROP,0,0,1
44,WNBA,PROP,0,1,1
44,WNBA,PROP,0,1,1
44,WNBA,PROP,0,0,1
44,MLB,PROP,1,1,1
